StartDate,EndDate,Status,Progress,Duration (in seconds),Finished,RecordedDate,ResponseId,DistributionChannel,UserLanguage,Q_RecaptchaScore,Q_DuplicateRespondent,Q89,Q1,Q3,Q5,Q6,Q70,DEP1,DEP2,DEP3,DEP4,DEP5,DEP6,DEP7,SMU1_1,SMU2,SMU2_11_TEXT,SMP1,SMP2,SMP3,SMP4,SMA1,SMA2,SMA3,SMA4,DF1,ATT1,Q125,Q77,Q128,Q75,Q129,Q76,Q130,Q79,Q131,Q83,Q132,Q84,Q133,Q85,Q134,Q86,FC1,FC2,FC3,FP1,FP2,FP3,CP1,CP2,CP3,CC1,CC2,CC3,TR1,TR2,TR3,TR4,DT1,DT2,DT3,DT4,SC0,score
Start Date,End Date,Response Type,Progress,Duration (in seconds),Finished,Recorded Date,Response ID,Distribution Channel,User Language,Q_RecaptchaScore,Q_DuplicateRespondent,Please tick all 3 boxes to confirm your agreement before proceeding:,What is your gender?,"What is your age? (Please enter a number only, e.g., 18, 51, 24)",What year are you currently in?,"What is the current occupation of your household's main income earner?

If you are financially independent, what is your occupation apart from being a student?","How would you describe your family/household's current financial situation?

If you are financially independent, how would you describe your financial situation?","How much do you rely on social media to make sense of what is going on in your life and the wider world (e.g., current issues)?","How much do you rely on social media to help you make everyday decisions? (e.g., what to buy, what to watch, where to eat, or how to respond to others)",How much do you rely on social media to take your mind off of everyday stress?,How much do you rely on social media to give you topics to talk about with other people?,"Compared to other sources (e.g., friends, family, TV, or your own experience), how much do you rely on social media for information and guidance in your daily life?","When you want to find out about something happening around you, how often is social media the first source you turn to?",Which of the following areas do you rely on social media for? Check all that apply.,"On an average day, approximately how many hours do you spend using social media across all platforms?

(answer 1 if usage is 1hr or less, answer 12 if usage is 12+ hours)

You may check your phone’s screen time settings for a more accurate estimate. Round to the nearest whole number - Number of hours",What are your top 3 reasons for using media (other than messaging)? (Select 3) - Selected Choice,What are your top 3 reasons for using media (other than messaging)? (Select 3) - Other (please specify): - Text,I browse my social media feed to see posts and updates from others.,"I view other users' profiles and the content they share. (e.g., influencers, friends, celebrities)",I read comments on other people’s posts.,"I watch stories, reels, shorts, or similar content posted by others.",I create my own original content for social media.,"I post photos, videos, stories, or other content on social media.","I share, repost, or recommend content to others.","I comment on, reply to, or interact with other people’s posts.",Which of the following statements best describes how much you know about deepfakes?,This is an attention check. Please select ‘Unlikely.’,Do you think this video is real or a deepfake?,How confident are you in your answer?,Do you think this video is real or a deepfake?,How confident are you in your answer?,Do you think this video is real or a deepfake?,How confident are you in your answer?,Do you think this video is real or a deepfake?,How confident are you in your answer?,Do you think this video is real or a deepfake?,How confident are you in your answer?,Do you think this video is real or a deepfake?,How confident are you in your answer?,Do you think this video is real or a deepfake?,How confident are you in your answer?,Do you think this video is real or a deepfake?,How confident are you in your answer?,"I know how to use search engines (e.g., Google, Bing, etc.) to find the information I need online.","I understand the political, economic, and social meanings behind media content.",I understand the different opinions and perspectives shared by others in the media.,"Beyond basic phone use, I use hardware (e.g., camera, microphone, lighting, etc.) and/or software (e.g., photo editing apps, Adobe, CapCut, Canva, Audacity, etc.) to create or edit social media content.","I regularly share posts, photos, videos, or other content on social media.","I regularly interact with other users by commenting on, replying to, or reacting to their posts.","I share my opinions and/or participate in online discussions in ways that can influence, inform, or 
challenge the thoughts of other people.","When I post or comment online, I try to consider different viewpoints about the 
topic.",I interact and/or collaborate with different people online to share ideas or achieve a common goal.,I compare information from different sources before deciding what to believe.,"I think critically about media content by comparing it with my own knowledge, opinions, and 
experiences.","I evaluate whether information in the media is accurate, reliable, and trustworthy.","I believe that [social media platform] takes users’ exposure to misinformation seriously.

Replace [social media platform] with the platform you personally use the most.","I believe [social media platform] is reliable because it takes steps to reduce the spread of misinformation.

Replace [social media platform] with the platform you personally use the most.","I am confident in [social media platform]’s ability to address misinformation.

Replace [social media platform] with the platform you personally use the most.","I believe information on [social media platform] is generally reliable.

Replace [social media platform] with the platform you personally use the most.","I believe that [social media platform] allows misinformation to remain on its platform. 

Replace [social media platform] with the platform you personally use the most.","I believe that [social media platform] may allow misinformation to remain because doing so serves  

the platform's interests.

Replace [social media platform] with the platform you personally use the most.","I am not confident that [social media platform] keeps my interests in mind when it makes decisions on addressing misinformation.

 Replace [social media platform] with the platform you personally use the most.","I believe that misinformation is a problem on [social media platform].

Replace [social media platform] with the platform you personally use the most.",Score,score
"{""ImportId"":""startDate"",""timeZone"":""Europe/London""}","{""ImportId"":""endDate"",""timeZone"":""Europe/London""}","{""ImportId"":""status""}","{""ImportId"":""progress""}","{""ImportId"":""duration""}","{""ImportId"":""finished""}","{""ImportId"":""recordedDate"",""timeZone"":""Europe/London""}","{""ImportId"":""_recordId""}","{""ImportId"":""distributionChannel""}","{""ImportId"":""userLanguage""}","{""ImportId"":""Q_RecaptchaScore""}","{""ImportId"":""Q_DuplicateRespondent""}","{""ImportId"":""QID89""}","{""ImportId"":""QID1""}","{""ImportId"":""QID3_TEXT""}","{""ImportId"":""QID5""}","{""ImportId"":""QID6""}","{""ImportId"":""QID70""}","{""ImportId"":""QID7""}","{""ImportId"":""QID8""}","{""ImportId"":""QID9""}","{""ImportId"":""QID10""}","{""ImportId"":""QID12""}","{""ImportId"":""QID13""}","{""ImportId"":""QID14""}","{""ImportId"":""QID11_1""}","{""ImportId"":""QID15""}","{""ImportId"":""QID15_11_TEXT""}","{""ImportId"":""QID16""}","{""ImportId"":""QID18""}","{""ImportId"":""QID19""}","{""ImportId"":""QID20""}","{""ImportId"":""QID22""}","{""ImportId"":""QID23""}","{""ImportId"":""QID24""}","{""ImportId"":""QID26""}","{""ImportId"":""QID33""}","{""ImportId"":""QID31""}","{""ImportId"":""QID125""}","{""ImportId"":""QID77""}","{""ImportId"":""QID128""}","{""ImportId"":""QID75""}","{""ImportId"":""QID129""}","{""ImportId"":""QID76""}","{""ImportId"":""QID130""}","{""ImportId"":""QID79""}","{""ImportId"":""QID131""}","{""ImportId"":""QID83""}","{""ImportId"":""QID132""}","{""ImportId"":""QID84""}","{""ImportId"":""QID133""}","{""ImportId"":""QID85""}","{""ImportId"":""QID134""}","{""ImportId"":""QID86""}","{""ImportId"":""QID35""}","{""ImportId"":""QID36""}","{""ImportId"":""QID37""}","{""ImportId"":""QID42""}","{""ImportId"":""QID44""}","{""ImportId"":""QID45""}","{""ImportId"":""QID92""}","{""ImportId"":""QID93""}","{""ImportId"":""QID95""}","{""ImportId"":""QID101""}","{""ImportId"":""QID102""}","{""ImportId"":""QID105""}","{""ImportId"":""QID48""}","{""ImportId"":""QID49""}","{""ImportId"":""QID50""}","{""ImportId"":""QID51""}","{""ImportId"":""QID53""}","{""ImportId"":""QID55""}","{""ImportId"":""QID52""}","{""ImportId"":""QID56""}","{""ImportId"":""SC_031xurR7IYaIsVE""}","{""ImportId"":""score""}"
02/07/2026 04:49,02/07/2026 04:51,0,3,145,0,02/07/2026 04:51,R_9Qn6dlMga6ZzxbC,anonymous,EN,,,"1,2,3",,,,,,,,,,,,,,,,,,,,,,,,,,,,,,,,,,,,,,,,,,,,,,,,,,,,,,,,,,,,,,0,
02/07/2026 09:42,02/07/2026 09:45,0,100,221,1,02/07/2026 09:46,R_9mR4pZujjpLXbOh,anonymous,EN,,,"1,2,3",3,18,2,1,1,3,2,3,3,4,4,9,8,"2,3,4",,2,1,3,2,3,2,2,2,2,2,2,4,1,2,2,3,2,4,1,4,1,4,1,3,1,4,4,2,2,3,3,2,3,3,2,3,2,2,1,2,1,3,2,2,2,1,7,
02/07/2026 09:54,02/07/2026 09:57,0,100,155,1,02/07/2026 09:57,R_9aqvBcW0zUumktH,anonymous,EN,,,"1,2,3",2,18,3,1,4,3,2,2,2,4,3,11,8,"1,2,3",,2,2,1,2,3,3,2,2,3,2,2,1,2,2,2,4,1,2,2,3,1,2,1,2,1,3,4,2,2,2,1,2,4,2,3,2,3,3,3,1,5,2,2,2,2,4,6,
03/07/2026 10:25,03/07/2026 10:40,0,100,903,1,03/07/2026 10:40,R_4rprDFukwfXDERp,anonymous,EN,,,"1,2,3",2,24,6,3,5,4,2,4,2,2,4,"1,3,4,6,7,9,10",8,"1,7,8",,4,2,3,4,3,3,4,4,4,2,1,4,1,4,2,4,2,4,1,5,1,4,1,5,1,4,5,4,4,2,4,4,4,4,4,4,4,4,2,2,2,2,4,4,4,4,6,
04/07/2026 12:15,06/07/2026 06:16,0,100,151236,1,06/07/2026 06:16,R_9PrusrlyzngZaed,anonymous,EN,,,"1,2,3",2,24,1,3,1,3,3,5,5,3,3,"2,3",3,"2,3,4",,3,1,2,3,3,3,5,5,3,2,1,2,2,5,1,1,2,2,1,1,1,4,1,1,1,1,2,4,2,1,3,1,5,3,3,2,3,4,3,3,4,5,2,2,4,1,6,
06/07/2026 06:56,06/07/2026 06:57,0,100,94,1,06/07/2026 06:57,R_9OrEYBE3yOKu1xq,anonymous,EN,,,"1,2,3",3,8,3,4,4,2,3,5,3,4,5,3,5,"2,4,5",,2,2,4,1,5,2,2,1,2,2,1,1,1,2,1,1,2,3,1,2,2,3,2,2,1,2,4,3,4,3,3,2,5,4,2,4,4,3,1,3,3,2,2,2,1,2,3,
06/07/2026 20:51,06/07/2026 21:08,0,100,994,1,06/07/2026 21:08,R_44PAnxYBR7w7neF,anonymous,EN,,,"1,2,3",2,24,3,3,5,3,2,4,2,2,4,"1,3,4,6,7,9,10",8,"1,7,8",,5,3,3,5,3,3,3,3,4,2,1,3,1,3,1,3,2,5,1,5,1,4,1,4,1,4,5,4,5,2,2,2,4,4,4,3,5,4,2,2,2,2,4,4,4,4,5,
06/07/2026 21:41,06/07/2026 21:43,0,100,118,1,06/07/2026 21:43,R_4pthaeA9DSL7lkd,anonymous,EN,,,"1,2,3",2,24,1,1,1,1,1,1,1,1,1,1,1,"1,2,3",,1,1,1,1,1,1,1,1,1,1,2,1,2,1,2,1,2,1,1,1,1,1,1,1,1,1,1,1,1,1,1,1,1,1,1,1,1,1,1,1,1,1,1,1,1,1,8,
06/07/2026 21:43,06/07/2026 21:44,0,100,98,1,06/07/2026 21:44,R_4jTf1EVTlJ5ldQ7,anonymous,EN,,TRUE,"1,2,3",2,24,1,1,1,1,1,1,1,1,1,1,1,"1,2,3",,1,1,1,1,1,1,1,1,1,1,1,1,1,1,1,1,1,1,2,1,2,1,2,1,2,1,1,1,1,1,1,1,5,5,5,5,5,5,5,5,5,5,5,5,5,5,0,
06/07/2026 22:19,06/07/2026 22:21,0,100,104,1,06/07/2026 22:21,R_4pPteU3xtepaM12,anonymous,EN,,TRUE,"1,2,3",2,2,1,1,1,1,1,5,3,3,1,3,1,"1,3,4",,3,2,5,3,3,3,5,4,1,2,2,4,2,3,2,2,2,4,1,3,1,2,1,3,2,2,2,3,2,2,3,2,4,4,2,3,3,2,1,2,5,2,5,1,5,3,7,
06/07/2026 22:23,06/07/2026 22:24,0,100,85,1,06/07/2026 22:24,R_4jGFY8tBU2v0J3l,anonymous,EN,,TRUE,"1,2,3",3,24,1,6,2,2,2,1,1,1,3,3,1,"2,3,4",,2,1,3,4,2,3,1,3,1,2,2,1,2,1,1,1,2,2,1,1,1,2,1,1,1,1,1,2,1,2,4,2,2,3,1,3,4,2,2,1,3,4,4,5,1,3,7,
06/07/2026 22:31,06/07/2026 22:32,0,100,97,1,06/07/2026 22:32,R_4Ej20aBxcHvMcxT,anonymous,EN,,TRUE,"1,2,3",3,1,1,5,2,2,4,3,4,2,3,3,2,"1,2,3",,2,3,1,5,1,5,4,2,1,2,2,2,2,2,2,1,2,2,2,2,2,2,1,1,1,2,3,5,3,3,4,3,5,2,2,5,3,4,4,4,5,3,5,1,3,5,6,6Custom Value
06/07/2026 22:35,06/07/2026 22:37,1,100,97,1,06/07/2026 22:37,R_4Bs2I880ji0O6XE,preview,EN,,,"1,2,3",4,4,2,6,4,1,4,4,5,2,5,"1,2,3",3,"2,8,10",,3,2,3,4,3,1,5,4,3,1,2,2,2,2,2,3,2,4,1,1,1,1,2,1,1,1,4,2,3,3,4,1,4,3,1,2,4,3,1,3,5,5,3,3,3,3,7,7Custom Value
06/07/2026 22:35,06/07/2026 22:46,0,100,657,1,06/07/2026 22:46,R_9mC1ofEO0NwqnEI,anonymous,EN,,TRUE,"1,2,3",2,,4,2,4,4,4,2,3,4,2,4,1,"1,2,3",,4,1,3,5,3,4,4,3,4,2,1,1,1,1,2,1,2,2,1,3,1,1,2,4,1,2,3,4,2,3,4,4,5,4,2,3,2,4,2,2,3,2,1,2,4,4,5,5Custom Value
06/07/2026 22:52,06/07/2026 22:54,0,100,98,1,06/07/2026 22:54,R_4vdKYBpAMiHkO4j,anonymous,EN,,TRUE,"1,2,3",2,24,2,7,3,2,3,5,2,1,5,1,1,"3,4,5",,5,2,4,4,5,2,3,3,2,2,1,3,1,2,2,2,2,2,2,2,1,1,1,2,1,1,3,4,5,2,3,2,5,2,2,2,1,4,2,1,1,1,1,2,3,4,5,5Custom Value
06/07/2026 23:01,06/07/2026 23:04,0,100,179,1,06/07/2026 23:04,R_9lxDMCPfgzNnKni,anonymous,EN,,,"1,2,3",3,18,5,1,1,3,3,5,5,3,2,"3,4,5",10,"2,6,7",,4,4,4,4,2,1,1,5,4,2,2,2,1,2,2,3,1,2,1,2,2,2,2,3,2,3,4,4,4,2,2,1,4,4,5,4,2,1,5,4,1,2,1,2,2,2,3,3Custom Value
07/07/2026 04:27,07/07/2026 04:37,0,100,584,1,07/07/2026 04:37,R_416FllHdiIXElSG,anonymous,EN,,,"1,2,3",2,20,2,3,4,4,2,3,2,2,1,"1,4,6",6,"5,7,8",,3,4,2,4,2,3,3,3,3,2,1,4,1,3,1,4,2,2,1,4,1,3,2,4,1,3,4,3,4,4,3,4,4,4,4,4,4,4,3,3,3,4,3,3,3,4,4,4Custom Value
07/07/2026 04:26,07/07/2026 04:39,0,100,790,1,07/07/2026 04:39,R_9xlQuuFqHVQ8UNP,anonymous,EN,,,"1,2,3",4,19,1,5,4,4,3,4,4,4,5,"1,3,4,5,6,7,8,9",7,"5,7,9",,5,5,5,5,2,2,3,3,3,2,2,5,2,3,2,5,2,2,1,3,2,2,1,4,1,3,4,4,5,2,4,4,2,5,5,5,5,5,5,3,3,3,4,5,4,5,7,7Custom Value
07/07/2026 04:47,07/07/2026 04:53,0,100,341,1,07/07/2026 04:53,R_4dJI9MZbTL7xyC6,anonymous,EN,,,"1,2,3",1,21,3,5,4,3,3,4,4,4,4,"1,3,4,5,6,7,9,10",7,"1,2,3",,4,4,4,4,3,3,3,3,4,2,2,3,2,3,2,3,2,5,1,3,1,3,1,3,1,3,5,4,4,4,4,4,4,4,4,4,4,4,2,1,1,1,5,1,4,5,8,8Custom Value
07/07/2026 04:43,07/07/2026 04:59,0,100,947,1,07/07/2026 04:59,R_4QG6tssJ0coRldn,anonymous,EN,,,"1,2,3",2,23,6,11,3,3,3,3,3,3,3,"1,3,4,6,7,8,9,10",7,"4,6,10",,4,3,4,4,2,2,4,3,5,2,2,5,1,3,1,3,2,3,1,3,1,3,2,3,1,3,5,5,5,4,5,5,5,4,3,5,5,5,3,3,3,2,4,4,4,5,5,5Custom Value
07/07/2026 04:52,07/07/2026 05:02,0,100,580,1,07/07/2026 05:02,R_9dVZ1TkqqX7P4eB,anonymous,EN,,,"1,2,3",2,20,2,3,5,4,3,4,2,3,5,"1,2,3,4,6,7,8,9,10",4,"5,6,7",,5,5,5,5,4,4,5,3,4,2,2,3,2,3,2,3,2,4,1,4,2,3,2,3,2,3,4,4,4,3,4,5,2,4,3,4,4,4,5,3,4,3,4,4,3,4,5,5Custom Value
07/07/2026 05:01,07/07/2026 05:09,0,100,495,1,07/07/2026 05:09,R_9UPEAroevKq7Me5,anonymous,EN,,,"1,2,3",2,19,1,3,4,4,5,5,5,5,5,"1,4,6,7,10",12,"1,3,5",,4,5,4,5,4,3,4,3,4,2,1,3,1,4,2,2,2,2,1,2,1,3,2,2,1,3,4,5,5,5,3,4,4,5,5,4,4,5,4,3,3,3,4,4,3,3,5,5Custom Value
07/07/2026 05:15,07/07/2026 05:23,0,100,459,1,07/07/2026 05:23,R_9JJHZIA5TMEl6jr,anonymous,EN,,,"1,2,3",2,21,3,5,4,4,3,4,4,3,5,"1,3,4,5,6,7,8,9,10",12,"5,7,9",,4,4,5,4,2,2,3,3,5,2,2,5,2,4,2,5,2,4,1,4,2,3,1,4,1,2,5,4,4,5,2,4,2,4,3,4,5,4,2,2,3,4,4,4,4,3,7,7Custom Value
07/07/2026 05:18,07/07/2026 05:23,0,100,324,1,07/07/2026 05:23,R_4D6FP3B8Mu0czGY,anonymous,EN,,,"1,2,3",1,22,4,3,3,3,3,3,3,3,3,"1,2,3,4,5,6,7,8,9,10",8,"2,7,9",,3,3,3,3,3,3,3,3,4,2,2,3,2,4,1,3,2,3,2,2,2,3,2,5,1,2,5,4,4,4,4,3,3,4,4,3,4,5,4,4,3,3,4,5,3,5,4,4Custom Value
07/07/2026 05:40,07/07/2026 06:18,0,100,2323,1,07/07/2026 06:18,R_4D1qTo9kPy6SnTU,anonymous,EN,,,"1,2,3",2,20,2,7,4,3,3,3,2,1,3,"1,2,3,4,5,10",8,"1,3,9",,3,3,2,4,3,3,5,3,5,2,2,5,1,4,2,3,2,3,1,4,1,3,1,4,1,3,5,5,5,5,3,4,4,5,3,5,4,5,1,2,2,2,5,5,5,5,7,7Custom Value
07/07/2026 04:26,07/07/2026 08:01,0,100,12923,1,07/07/2026 08:01,R_9nSIT4MPtd4mXFx,anonymous,EN,,,"1,2,3",2,24,5,5,4,4,3,4,2,3,4,"1,4,8,9",5,"5,6,9",,4,3,4,4,1,2,3,2,3,2,2,3,1,2,1,3,2,3,1,2,2,2,2,2,2,3,4,4,3,2,4,4,3,4,2,4,4,4,1,1,1,3,4,4,4,5,3,3Custom Value
07/07/2026 09:40,07/07/2026 09:56,0,100,932,1,07/07/2026 09:56,R_4HcnQYf81vUCxCq,anonymous,EN,,,"1,2,3",2,22,3,9,2,4,3,3,4,3,4,"1,4,6,7,8,9,10",2,"3,7,10",,4,4,3,4,2,2,3,2,3,2,2,3,1,3,2,4,2,2,1,4,1,4,1,3,2,2,5,4,4,5,3,2,2,4,3,4,5,4,3,3,4,3,4,3,2,4,6,6Custom Value
07/07/2026 10:07,07/07/2026 10:16,0,100,549,1,07/07/2026 10:16,R_9rvliwsAEPn8iD8,anonymous,EN,,,"1,2,3",3,19,2,1,4,5,3,5,4,3,5,"1,3,4,5,7,9,10",12,"1,9,10",,5,1,1,3,2,2,4,3,4,2,2,3,1,2,1,2,2,3,1,4,1,2,1,3,1,2,5,5,5,4,4,2,4,4,4,5,4,4,1,2,1,4,5,5,4,5,6,6Custom Value
07/07/2026 09:51,07/07/2026 10:21,0,100,1814,1,07/07/2026 10:21,R_9lmlJepg1FPq6le,anonymous,EN,,,"1,2,3",2,21,2,11,4,3,3,3,3,4,3,"1,3,4,6,8,9",3,"3,5,6",,3,2,2,2,2,2,2,2,4,2,2,3,2,5,1,3,2,5,1,4,1,3,1,5,1,3,5,5,5,5,2,2,2,3,3,5,5,5,4,3,2,2,4,4,2,4,7,7Custom Value
08/07/2026 07:05,08/07/2026 07:29,0,100,1430,1,08/07/2026 07:29,R_9P6In8471Vm089r,anonymous,EN,,,"1,2,3",1,21,3,1,,3,4,3,3,3,4,"1,3,4,6,7,8,9,10",5,"1,3,7",,4,3,2,4,4,4,3,2,4,2,2,4,2,2,2,2,2,3,1,2,1,2,2,2,1,2,5,5,5,5,5,4,4,4,3,5,4,5,1,1,2,3,5,5,4,5,7,7Custom Value
08/07/2026 08:31,08/07/2026 08:47,0,100,920,1,08/07/2026 08:47,R_9resnPHufbxTDur,anonymous,EN,,,"1,2,3",1,19,1,2,,3,2,4,4,3,1,"1,4,6,9,10",6,"5,7,9",,5,4,3,5,3,3,4,4,4,2,2,5,1,3,1,3,2,4,1,5,1,3,1,5,1,3,5,5,5,5,4,5,5,4,5,4,5,4,1,2,4,3,3,5,5,5,6,6Custom Value
09/07/2026 12:50,09/07/2026 12:56,0,100,400,1,09/07/2026 12:56,R_9HoVroHU9rGoPG4,anonymous,EN,,,"1,2,3",2,20,2,3,,5,4,5,3,3,5,"1,2,4,7,8",8,"6,7,8",,5,5,5,5,5,5,5,4,4,2,2,4,1,2,2,5,2,5,1,4,1,2,2,5,1,2,5,5,5,5,5,5,4,5,5,5,5,5,5,3,2,2,4,3,4,5,6,6Custom Value
09/07/2026 12:50,09/07/2026 12:57,0,100,392,1,09/07/2026 12:57,R_98R73QP83SKttpn,anonymous,EN,,,"1,2,3",1,21,3,5,,5,4,5,5,4,4,"1,2,3,4,5,6,7,8,9",12,"7,8,10",,3,5,5,5,4,4,4,3,4,2,1,5,1,5,2,2,2,2,1,4,1,2,2,2,1,4,5,5,5,5,5,5,5,4,5,5,5,5,2,5,4,1,5,5,3,5,5,5Custom Value
09/07/2026 12:51,09/07/2026 12:57,0,100,370,1,09/07/2026 12:57,R_4uQmMqCaU9e8sF7,anonymous,EN,,,"1,2,3",1,21,3,3,,4,3,4,4,4,4,"1,2,3,4,5,6,7,8,9,10",6,"1,2,3",,4,4,4,4,4,4,4,4,4,2,2,3,1,4,2,3,1,2,1,2,1,3,2,4,1,2,5,5,4,4,5,5,4,5,5,5,5,5,5,5,5,5,5,5,5,5,5,5Custom Value
09/07/2026 12:50,09/07/2026 12:58,0,100,453,1,09/07/2026 12:58,R_4iLmY1e2fhbYrcp,anonymous,EN,,,"1,2,3",2,21,3,3,,3,3,2,3,3,4,"2,3,4,6,8,9",7,"6,7,10",,4,4,4,4,5,4,5,3,3,2,2,5,1,3,2,3,2,4,1,3,1,3,2,5,1,4,4,3,3,4,5,3,3,5,3,5,5,5,3,2,2,2,4,4,4,5,6,6Custom Value
09/07/2026 12:50,09/07/2026 12:59,0,100,543,1,09/07/2026 12:59,R_9A6H5KHQGCNG2Jz,anonymous,EN,,,"1,2,3",2,21,3,11,,5,4,4,4,3,4,"1,2,3,4,6,7,8,9",8,"4,5,7",,4,4,4,4,5,4,4,4,4,2,1,2,2,3,2,1,2,2,1,4,2,3,1,1,1,1,5,4,4,4,4,4,4,4,4,4,4,4,5,2,2,3,4,4,4,5,6,6Custom Value
09/07/2026 12:50,09/07/2026 13:01,0,100,623,1,09/07/2026 13:01,R_4w0HPl7T2uD2Tcm,anonymous,EN,,,"1,2,3",2,20,2,3,,5,4,4,5,4,5,"1,2,3,4,5,6,7,8,9,10",5,"5,6,7",,5,4,4,4,3,3,4,3,4,2,2,1,2,1,2,5,2,5,1,5,1,3,2,3,2,2,5,5,5,4,4,4,3,5,3,5,5,4,4,3,2,2,5,5,4,4,6,6Custom Value
09/07/2026 12:51,09/07/2026 13:03,0,100,730,1,09/07/2026 13:03,R_4lJfVD20y6w7NCh,anonymous,EN,,,"1,2,3",2,20,3,5,,5,4,4,3,4,5,"1,4,5,6,7,8,9",10,"3,6,7",,4,5,4,5,3,2,2,5,4,2,1,5,1,5,1,4,2,5,1,5,1,5,1,3,1,4,5,4,5,5,4,2,4,5,5,4,5,4,2,2,4,3,4,4,2,5,5,5Custom Value
09/07/2026 12:51,09/07/2026 13:04,0,100,786,1,09/07/2026 13:04,R_4PC9TVrGgAy1nVr,anonymous,EN,,,"1,2,3",1,21,2,5,,4,5,3,4,4,4,"1,2,3,4,6,7,8,9,10",2,"5,7,9",,4,4,5,4,3,3,4,4,5,1,2,4,1,4,2,5,1,2,1,3,1,3,1,3,1,3,5,4,5,4,3,4,4,5,5,5,4,5,5,3,4,4,4,3,5,5,6,6Custom Value
09/07/2026 12:57,09/07/2026 13:19,0,100,1351,1,09/07/2026 13:19,R_9IO9juiVkziQKtP,anonymous,EN,,,"1,2,3",1,21,3,11,,5,5,5,5,4,5,"1,2,3,4,5,6,7,8,9,10",10,"1,7,10",,4,3,3,4,2,2,3,2,4,2,2,5,2,3,2,3,2,5,1,4,1,3,1,3,1,2,5,5,5,4,4,2,2,4,4,4,4,4,2,2,2,4,4,4,2,4,8,8Custom Value
09/07/2026 13:07,09/07/2026 13:23,0,100,961,1,09/07/2026 13:23,R_4huWq3JPxe4q48x,anonymous,EN,,,"1,2,3",2,20,2,3,,5,4,5,3,2,2,"1,4,6,7,8,9",5,"2,7,8",,4,3,4,4,3,3,3,3,3,2,2,5,2,3,2,3,2,4,1,4,1,4,1,3,1,3,4,4,3,5,4,4,2,4,3,4,5,5,2,2,1,1,5,5,3,5,8,8Custom Value
09/07/2026 13:16,09/07/2026 13:29,0,100,749,1,09/07/2026 13:29,R_9KDB1IlgYeKUkxL,anonymous,EN,,,"1,2,3",2,21,2,5,,4,5,4,5,4,4,"1,3,4,5,6,7,8,9,10",9,"1,5,7",,4,4,4,4,3,3,4,3,4,2,1,3,1,2,1,3,2,4,1,4,1,3,2,3,1,2,5,4,4,5,4,3,2,2,2,5,5,5,2,2,2,3,4,4,3,5,4,4Custom Value
09/07/2026 12:58,09/07/2026 13:41,0,100,2592,1,09/07/2026 13:41,R_4dN22UC7wvyUA01,anonymous,EN,,,"1,2,3",2,20,2,3,,5,4,4,4,3,4,"1,2,3,4,6,7,8,9,10",7,"5,6,7",,5,5,3,5,2,3,3,4,4,2,2,2,2,3,2,4,2,3,1,3,1,2,1,3,1,3,5,5,5,4,4,5,4,4,4,4,4,5,2,2,2,3,5,5,4,5,8,8Custom Value
09/07/2026 17:38,09/07/2026 17:49,0,100,674,1,09/07/2026 17:49,R_9BW0ijDu2tqsXUZ,anonymous,EN,,,"1,2,3",2,20,3,3,,5,5,5,5,5,5,"1,4,6,7,8,10",8,"2,5,7",,1,2,5,5,2,2,4,3,4,2,1,2,2,3,2,3,2,5,1,4,1,4,1,5,1,4,4,5,5,4,1,5,4,5,1,1,4,4,5,2,2,4,4,5,4,5,7,7Custom Value
10/07/2026 18:25,10/07/2026 18:33,0,100,511,1,10/07/2026 18:33,R_91BCiKCpK4gi4Mj,anonymous,EN,,,"1,2,3",2,20,2,3,,5,4,5,3,4,5,"1,3,4,6,7,8,9,10",8,"5,7,10",,5,5,2,4,2,2,3,3,4,2,2,2,1,1,2,2,2,4,1,2,2,2,1,1,1,3,5,4,5,5,2,2,1,4,1,5,4,5,2,2,1,2,4,4,4,5,6,6Custom Value
10/07/2026 18:42,10/07/2026 18:52,0,100,634,1,10/07/2026 18:52,R_9OR1kpNnlgPjZCh,anonymous,EN,,,"1,2,3",2,20,2,10,,4,3,3,4,4,3,"1,3,4,7,8,9,10",6,"1,3,5",,5,3,4,4,3,3,5,3,5,2,2,5,2,3,1,4,2,5,1,5,1,5,1,5,1,4,5,4,5,5,4,3,4,4,4,5,4,5,3,2,3,1,4,4,3,5,7,7Custom Value
10/07/2026 20:36,10/07/2026 20:56,0,100,1224,1,10/07/2026 20:56,R_9PTaN9qthEGsosA,anonymous,EN,,,"1,2,3",1,20,2,7,,5,4,4,4,4,5,"1,2,3,4,5,6,7,8,9,10",12,"6,7,10",,5,5,3,5,3,3,4,4,4,2,2,5,2,5,2,5,2,5,2,4,1,4,1,4,1,4,5,4,4,5,4,4,4,4,3,4,4,4,4,4,3,3,4,3,4,4,7,7Custom Value
11/07/2026 06:33,11/07/2026 06:33,0,100,0,1,11/07/2026 06:33,R_2yjzw7a7hOjgl0e,anonymous,EN,0.699999988,,,,,,,,,,,,,,,,,,,,,,,,,,,,,,,,,,,,,,,,,,,,,,,,,,,,,,,,,,,,,,,,0,
11/07/2026 09:39,11/07/2026 09:41,1,100,111,1,11/07/2026 09:41,R_4COBFa01osw0zx0,preview,EN,0.899999976,,"1,2,3",2,24,6,2,,4,4,4,4,4,4,"4,5",2,"5,6,7",,2,5,4,3,5,5,4,3,2,4,2,4,2,4,2,4,2,4,2,4,2,4,2,4,2,4,5,4,2,4,4,4,5,3,2,5,3,3,4,4,4,4,4,2,4,4,4,4Custom Value
11/07/2026 09:33,11/07/2026 09:42,0,100,549,1,11/07/2026 09:42,R_3Puhiyvwo4bd0Yx,anonymous,EN,1,,"1,2,3",1,19,2,10,,3,4,3,2,2,4,"1,3,4,5,9,10",12,"4,6,7",,4,5,5,5,4,2,2,2,4,2,2,5,2,2,2,5,2,4,1,4,1,3,1,3,2,3,5,5,5,5,4,4,5,5,5,5,5,5,5,5,5,4,5,5,5,5,7,7Custom Value
11/07/2026 09:35,11/07/2026 09:42,0,100,380,1,11/07/2026 09:42,R_2s5VGG3NoLanFv5,anonymous,EN,0.899999976,,"1,2,3",1,23,4,11,,3,3,3,3,3,3,"1,4,8,9,10",10,"5,7,9",,3,3,3,3,3,3,3,3,2,3,1,4,2,4,2,4,2,4,1,4,1,4,2,5,1,4,3,3,3,3,3,3,3,3,3,3,3,3,3,3,3,3,3,3,3,3,6,6Custom Value
11/07/2026 09:31,11/07/2026 09:47,0,100,991,1,11/07/2026 09:47,R_1f3DgBDMv4ItvMs,anonymous,EN,0.899999976,,"1,2,3",2,18,1,4,,2,4,2,2,4,5,"1,3,6,8,9",10,"5,7,8",,4,3,4,5,1,3,3,3,3,2,2,3,2,4,1,3,2,5,1,5,2,5,1,3,2,1,5,4,4,5,4,4,4,4,4,4,5,5,4,4,3,3,3,3,3,3,5,5Custom Value
11/07/2026 09:36,11/07/2026 09:48,0,100,694,1,11/07/2026 09:48,R_2UhBpuaQPGHPKOm,anonymous,EN,0.800000012,,"1,2,3",2,24,4,10,,4,3,2,3,3,5,"1,3,4,5,7,8,9,10",6,"1,2,5",,3,3,3,3,1,3,3,1,4,2,1,1,1,2,2,2,1,1,1,2,1,1,1,1,2,3,3,3,3,3,3,3,3,3,3,3,3,3,3,3,3,3,3,3,3,3,4,4Custom Value
11/07/2026 09:51,11/07/2026 09:56,0,100,284,1,11/07/2026 09:56,R_237SkPYF3wJ6HCc,anonymous,EN,1,,"1,2,3",2,19,2,11,,5,5,5,5,5,5,"2,4,7,8,9",6,"6,7,9",,4,3,4,5,2,3,5,3,5,2,2,2,2,3,2,3,2,5,1,5,1,2,1,4,1,3,5,5,5,5,5,4,2,2,4,4,4,4,4,4,4,3,4,4,3,5,8,8Custom Value
11/07/2026 09:49,11/07/2026 09:56,0,100,461,1,11/07/2026 09:56,R_z7HjCYpC8DYh2hj,anonymous,EN,1,,"1,2,3",2,22,4,10,,3,2,3,4,3,2,"1,3,8,9,10",5,"2,4,5",,1,3,4,5,2,5,1,2,2,2,2,5,2,2,1,4,2,5,1,5,1,4,2,3,1,2,5,4,5,5,5,4,5,5,4,3,3,5,3,5,2,5,3,3,3,3,6,6Custom Value
11/07/2026 10:20,11/07/2026 10:27,0,100,400,1,11/07/2026 10:27,R_1gu8kAdz2VVX8p6,anonymous,EN,0.300000012,,"1,2,3",1,22,4,7,,4,2,2,2,3,3,"2,4,9",2,"4,5,9",,2,3,4,3,1,3,3,3,3,2,2,5,2,3,2,5,2,3,1,2,1,4,1,4,1,4,4,3,3,1,3,1,1,3,3,4,3,4,4,2,2,1,4,3,3,4,8,8Custom Value
11/07/2026 10:20,11/07/2026 10:29,0,100,520,1,11/07/2026 10:29,R_2WPtif9wyCBnbQs,anonymous,EN,1,,"1,2,3",2,24,3,8,,2,3,3,1,1,1,4,2,"2,3,5",,2,2,2,2,4,5,3,3,5,2,2,5,2,5,2,5,1,3,1,5,1,3,1,5,2,5,5,3,3,3,3,3,3,3,3,3,3,3,4,1,1,2,3,3,3,3,6,6Custom Value
11/07/2026 09:50,11/07/2026 10:38,0,100,2913,1,11/07/2026 10:38,R_x5xlfelaA5WmEUh,anonymous,EN,0.899999976,,"1,2,3",2,19,1,1,,2,3,2,3,3,3,3,2,"1,5,9",,3,2,4,4,4,4,4,4,3,4,1,5,2,1,1,2,2,1,1,5,1,4,1,5,1,3,4,2,4,4,4,4,4,4,4,4,4,4,4,4,4,4,4,4,4,4,6,6Custom Value
11/07/2026 10:33,11/07/2026 10:40,0,100,410,1,11/07/2026 10:40,R_3fpiwywwx4PFQdC,anonymous,EN,0,,"1,2,3",2,20,2,10,,2,1,2,3,2,1,"1,4,5,6,7,9,10",2,"1,2,4",,3,3,3,3,4,3,4,4,2,2,2,3,1,3,1,4,2,5,1,4,2,4,2,5,2,5,5,4,5,4,4,5,4,4,5,3,4,5,3,4,4,5,4,2,4,4,3,3Custom Value
11/07/2026 10:39,11/07/2026 10:49,0,100,599,1,11/07/2026 10:49,R_Zsoo254LTx7xqrn,anonymous,EN,1,,"1,2,3",2,26,6,11,,3,3,3,3,3,3,"1,2,4,6",3,"1,3,8",,3,3,3,3,3,3,3,3,2,2,2,5,1,3,2,5,2,3,1,3,1,3,1,3,1,3,5,5,5,5,5,5,4,4,4,4,4,4,3,3,3,3,3,3,3,3,7,7Custom Value
11/07/2026 10:44,11/07/2026 10:53,0,100,544,1,11/07/2026 10:53,R_2YgeUR1LRAvlRaJ,anonymous,EN,0.400000006,,"1,2,3",2,18,1,11,,5,3,5,5,5,4,"1,2,4,6,7,8,9,10",12,"1,5,7",,5,5,5,5,3,3,3,3,3,2,2,5,1,3,2,4,1,4,1,5,1,4,1,4,1,4,5,4,5,5,4,4,3,4,3,4,5,4,3,3,3,2,3,4,3,5,6,6Custom Value
11/07/2026 10:51,11/07/2026 11:00,0,100,541,1,11/07/2026 11:00,R_qVoWDSu8XhcPrup,anonymous,EN,0.300000012,,"1,2,3",2,18,1,5,,5,4,4,3,3,5,"1,3,4,5,6,7,8,9,10",6,"1,5,7",,4,4,4,5,2,2,2,3,4,2,1,4,2,3,1,4,2,5,1,4,1,3,2,4,2,3,5,5,5,4,4,4,4,4,4,5,5,4,5,4,3,4,4,4,2,5,4,4Custom Value
11/07/2026 10:52,11/07/2026 11:01,0,100,559,1,11/07/2026 11:01,R_2fqjT7pEMlUvZVy,anonymous,EN,1,,"1,2,3",2,20,2,2,,4,4,5,5,4,5,"1,2,3,4,5,7,8,9,10",8,"1,4,6",,5,4,5,5,2,4,5,5,5,2,1,2,2,2,1,1,2,3,2,2,2,1,2,3,1,2,5,4,5,5,5,5,3,4,3,5,4,5,4,3,4,2,3,1,4,5,3,3Custom Value
11/07/2026 10:46,11/07/2026 11:08,0,100,1311,1,11/07/2026 11:08,R_2e9GmLLYBpV9hdr,anonymous,EN,0.800000012,,"1,2,3",2,18,1,4,,2,3,3,1,3,3,6,5,"1,3,6",,3,2,4,5,2,4,4,2,3,2,2,4,2,2,2,4,2,4,1,3,1,3,1,4,1,5,4,3,4,1,3,4,4,4,3,4,4,4,4,3,4,3,3,3,3,3,8,8Custom Value
11/07/2026 10:53,11/07/2026 11:12,0,100,1191,1,11/07/2026 11:12,R_1DJb8uO8EU38KFS,anonymous,EN,1,,"1,2,3",2,21,4,10,,3,5,4,4,5,4,4,9,"2,5,7",,4,4,4,2,3,3,5,5,5,2,2,5,2,5,2,5,2,5,1,5,1,3,1,3,1,3,5,4,5,5,5,5,4,4,4,4,4,4,4,4,4,4,4,4,5,5,8,8Custom Value
11/07/2026 11:10,11/07/2026 11:18,0,100,444,1,11/07/2026 11:18,R_1mCWhr7A1xIgf0n,anonymous,EN,1,,"1,2,3",1,22,2,11,,3,1,2,3,3,3,"1,3,7,10",6,"5,7,11",N/a,2,2,3,2,3,3,4,3,4,3,2,5,1,5,2,5,2,4,1,5,2,5,2,5,2,5,5,4,5,3,3,3,4,5,3,5,5,5,5,5,5,5,5,5,5,5,4,4Custom Value
11/07/2026 10:45,11/07/2026 11:19,0,100,2048,1,11/07/2026 11:19,R_1CIyJGMlVe9gh9p,anonymous,EN,1,,"1,2,3",2,20,3,3,,5,3,5,4,3,5,"1,4,6,7,8,9",6,"5,6,7",,4,5,5,5,1,3,5,2,4,2,2,5,1,5,1,4,2,5,1,5,1,4,1,5,1,5,5,5,5,5,3,4,3,5,3,5,5,5,3,2,1,3,4,4,4,5,6,6Custom Value
11/07/2026 11:06,11/07/2026 11:22,0,100,936,1,11/07/2026 11:22,R_1M4CxSfSSIvAFrW,anonymous,EN,,,"1,2,3",2,21,4,3,,2,2,3,3,2,4,"1,3,4,9",4,"1,5,7",,2,3,3,4,4,3,4,4,2,2,2,5,2,5,2,5,2,5,1,5,1,5,2,4,2,5,5,5,5,5,3,4,3,4,3,3,5,5,5,3,3,2,3,2,4,4,6,6Custom Value
11/07/2026 11:13,11/07/2026 11:35,0,100,1274,1,11/07/2026 11:35,R_29sqk1XofgAXght,anonymous,EN,1,,"1,2,3",2,19,3,4,,4,2,3,3,3,3,"1,7,8,9,10",4,"1,3,4",,2,3,3,4,1,2,3,3,4,2,1,5,2,5,1,5,2,5,1,5,1,5,1,4,1,4,5,5,5,5,3,5,4,5,5,5,5,5,4,2,4,2,4,4,5,5,6,6Custom Value
11/07/2026 11:54,11/07/2026 12:01,0,100,437,1,11/07/2026 12:01,R_u3377lD7bWC2mNb,anonymous,EN,0.800000012,,"1,2,3",1,23,6,10,,3,2,4,2,2,4,"1,3,4,7,8,9,10",5,"1,3,7",,3,2,2,4,1,2,2,2,3,2,2,5,2,3,1,5,2,4,1,5,1,5,1,3,1,4,5,3,4,3,2,2,1,3,1,5,4,4,5,1,5,2,3,4,3,5,7,7Custom Value
11/07/2026 11:54,11/07/2026 12:07,0,100,779,1,11/07/2026 12:07,R_1I6DYLBOIr5cSJb,anonymous,EN,0.699999988,,"1,2,3",3,18,1,2,,4,2,3,2,4,4,"1,4,6,7,8,9,10",5,"1,2,5",,4,4,4,4,2,2,3,3,4,2,2,2,2,3,2,5,2,4,1,4,1,3,1,4,1,4,4,4,4,4,2,4,4,4,3,4,4,4,4,3,3,4,3,2,3,5,8,8Custom Value
11/07/2026 12:03,11/07/2026 12:08,0,100,281,1,11/07/2026 12:08,R_1I4Qupxo7tHzC00,anonymous,EN,1,,"1,2,3",1,18,1,5,,5,4,5,4,5,5,"1,4,7",9,"3,4,7",,4,4,3,3,4,3,5,2,5,2,2,5,2,5,2,5,2,5,2,5,1,3,1,5,1,4,5,4,5,5,5,5,5,4,4,4,5,5,5,4,4,3,5,4,4,4,7,7Custom Value
11/07/2026 12:06,11/07/2026 12:12,0,100,380,1,11/07/2026 12:12,R_Q0Lc5d01CkUOr73,anonymous,EN,0,,"1,2,3",1,20,3,9,,3,4,2,4,1,2,"1,2,3,4,5,6,7,8,9,10",4,"1,3,5",,3,4,5,3,2,3,4,5,5,2,2,5,2,5,2,5,2,5,1,5,1,5,1,5,1,5,5,5,5,4,4,5,4,5,5,5,5,5,5,4,5,5,3,5,5,5,8,8Custom Value
11/07/2026 11:41,11/07/2026 12:19,0,100,2249,1,11/07/2026 12:19,R_3QPkRlS9K5T7Nng,anonymous,EN,0.899999976,,"1,2,3",2,21,4,11,,4,4,4,2,4,4,"1,3,4,5,6,7,8,9,10",12,"3,5,6",,4,5,4,5,5,5,3,4,4,2,2,5,1,5,2,5,2,5,1,5,1,5,1,5,1,5,5,4,5,5,5,4,4,4,4,4,4,5,5,5,5,4,4,4,4,5,7,7Custom Value
11/07/2026 12:13,11/07/2026 12:31,0,100,1092,1,11/07/2026 12:31,R_2ATFlNVq1IyCLQa,anonymous,EN,1,,"1,2,3",2,19,3,5,,4,4,4,4,3,5,"1,4,7,9",4,"1,3,5",,4,3,3,3,3,3,4,2,4,2,1,4,1,3,2,4,1,4,1,4,1,4,1,4,1,3,5,5,5,3,4,2,4,4,4,5,5,5,5,3,2,2,3,4,4,4,5,5Custom Value
11/07/2026 12:33,11/07/2026 12:41,0,100,486,1,11/07/2026 12:41,R_1FJ6afgBe9hG3r2,anonymous,EN,0.899999976,,"1,2,3",2,22,4,11,,3,4,4,4,3,3,"1,3,4,5,7,8,9,10",8,"1,6,10",,3,3,3,3,1,2,2,3,4,2,2,5,1,3,1,5,2,3,1,4,1,5,1,5,1,3,5,5,5,4,2,2,4,5,2,4,4,4,4,3,2,2,3,3,3,1,6,6Custom Value
11/07/2026 12:37,11/07/2026 12:49,0,100,725,1,11/07/2026 12:49,R_3oT3d5l3xXgQv10,anonymous,EN,1,,"1,2,3",2,19,1,3,,4,3,4,4,3,4,"1,4,7,8,9,10",10,"1,5,10",,3,2,2,4,1,2,3,1,4,2,1,5,1,2,1,2,2,3,1,5,1,1,2,4,1,4,5,4,4,3,1,1,1,3,4,5,4,5,2,2,1,3,4,4,5,5,4,4Custom Value
11/07/2026 12:51,11/07/2026 13:04,0,100,784,1,11/07/2026 13:04,R_zeDNhQqXl6B3y3n,anonymous,EN,0.899999976,,"1,2,3",2,19,1,11,,4,3,5,3,4,5,"1,3,4,5,6,7,8,10",9,"3,5,7",,4,3,5,5,2,3,4,3,4,2,2,4,2,5,1,3,2,2,1,4,1,3,2,4,1,3,5,4,4,5,3,2,4,5,3,4,5,5,4,3,4,3,3,2,4,5,6,6Custom Value
11/07/2026 13:11,11/07/2026 13:19,0,100,496,1,11/07/2026 13:19,R_UrLGS82o8lZ80HT,anonymous,EN,1,,"1,2,3",2,19,2,11,,5,5,5,5,3,5,"1,4,6,7,9,10",5,"1,2,5",,5,5,2,5,4,5,5,2,4,2,1,4,2,4,1,4,2,4,1,4,2,4,2,4,1,4,5,5,5,5,3,3,4,4,2,5,5,5,5,3,3,4,4,4,3,5,4,4Custom Value
11/07/2026 13:23,11/07/2026 13:30,0,100,392,1,11/07/2026 13:30,R_3KMxnTy1DbhJmqJ,anonymous,EN,1,,"1,2,3",2,18,1,5,,5,4,4,3,4,5,"1,4,8,9",10,"5,6,7",,5,4,4,5,1,3,3,4,5,2,2,5,2,5,2,3,2,5,2,3,1,2,1,4,1,4,4,4,4,5,5,5,4,3,3,4,4,4,5,4,5,4,4,4,3,5,7,7Custom Value
11/07/2026 13:22,11/07/2026 13:30,0,100,508,1,11/07/2026 13:30,R_RaDUX77cUqje785,anonymous,EN,0.800000012,,"1,2,3",2,20,2,3,,4,3,4,4,4,4,"1,2,4,5,6,8,9,10",8,"5,7,10",,4,4,4,5,2,4,4,2,4,2,2,4,2,4,2,4,2,5,1,3,1,2,1,2,2,2,5,4,4,4,4,3,4,4,4,4,4,4,4,4,4,4,4,3,4,5,7,7Custom Value
11/07/2026 13:21,11/07/2026 13:31,0,100,571,1,11/07/2026 13:31,R_1GWE4LVVyp52RTQ,anonymous,EN,0.300000012,,"1,2,3",1,20,3,3,,5,4,4,4,5,4,"1,3,4,6,7,8,9",6,"1,3,5",,4,4,4,5,2,2,3,2,4,2,2,3,2,3,2,4,2,4,1,2,1,2,2,3,1,2,4,4,4,4,2,4,3,3,3,5,5,5,4,2,2,2,4,4,4,5,7,7Custom Value
11/07/2026 13:15,11/07/2026 13:32,0,100,981,1,11/07/2026 13:32,R_1GJpVCDmVRA2XvH,anonymous,EN,1,,"1,2,3",1,18,1,4,,4,3,4,3,4,4,"1,3,4,5,6,7",8,"5,8,9",,4,3,3,4,3,3,4,2,1,2,2,5,2,5,2,4,2,5,1,4,2,4,2,5,1,3,4,3,4,4,4,4,4,5,4,5,4,5,4,4,4,5,4,4,4,4,6,6Custom Value
11/07/2026 13:22,11/07/2026 13:41,0,100,1105,1,11/07/2026 13:41,R_uanP19Q3JL5hRJL,anonymous,EN,,,"1,2,3",2,23,4,11,,4,4,4,4,3,4,"1,3,4,7,8,9,10",6,"4,6,7",,4,3,5,5,1,3,3,2,4,2,2,3,1,3,1,3,2,5,1,3,2,3,2,4,2,3,4,4,4,4,2,3,2,3,3,3,4,4,4,3,3,3,3,4,3,5,3,3Custom Value
11/07/2026 13:30,11/07/2026 13:43,0,100,790,1,11/07/2026 13:43,R_ALtpLCXCFmSUX29,anonymous,EN,0.899999976,,"1,2,3",2,20,1,3,,3,2,2,2,2,4,"1,2,3,4,5,6,7,8,9,10",4,"3,5,10",,2,2,3,3,1,1,2,2,2,2,2,1,1,4,2,3,1,2,1,5,1,3,2,3,1,3,5,4,4,5,1,1,2,4,2,4,5,5,4,4,2,2,4,4,4,2,5,5Custom Value
11/07/2026 13:45,11/07/2026 13:53,0,100,444,1,11/07/2026 13:53,R_2rrrRaqTmqzpp3z,anonymous,EN,1,,"1,2,3",2,19,1,11,,4,3,3,3,3,4,"3,4,5,7",7,"2,5,7",,4,3,3,4,2,2,3,2,4,2,2,3,2,3,1,2,2,3,1,4,1,3,1,3,1,3,5,5,5,4,4,2,3,4,4,4,4,3,4,4,4,4,4,4,3,4,7,7Custom Value
11/07/2026 13:22,11/07/2026 13:55,0,100,2001,1,11/07/2026 13:55,R_6yuUUv2vytXZJUB,anonymous,EN,1,,"1,2,3",2,19,1,3,,5,3,5,5,5,5,"1,3,4,6,7,9,10",6,"5,9,10",,5,5,5,5,2,2,5,3,5,2,2,5,2,5,2,5,2,5,1,5,1,5,1,5,1,5,5,5,5,5,2,4,4,4,4,4,5,5,1,1,1,1,5,5,5,5,8,8Custom Value
11/07/2026 13:49,11/07/2026 13:56,0,100,391,1,11/07/2026 13:56,R_3fCqzmi8EE44e9l,anonymous,EN,1,,"1,2,3",2,18,1,5,,4,3,5,3,4,5,"1,2,3,4,6,7,8,9,10",7,"1,3,5",,4,4,4,5,2,5,4,4,4,2,2,5,2,5,2,5,2,5,1,5,1,3,1,5,2,4,5,5,5,5,4,4,3,4,4,4,4,5,2,2,2,3,4,4,3,5,7,7Custom Value
11/07/2026 13:54,11/07/2026 14:05,0,100,655,1,11/07/2026 14:05,R_2wG0Swgw6l6Nkx0,anonymous,EN,1,,"1,2,3",2,18,1,11,,5,5,3,1,2,4,"1,3,4,6,7,9,10",11,"1,3,7",,4,3,4,4,1,1,4,4,5,2,2,3,2,3,2,5,2,5,1,5,1,5,1,4,1,5,5,5,5,5,1,2,4,4,4,4,4,5,2,4,3,3,3,3,4,5,8,8Custom Value
11/07/2026 14:08,11/07/2026 14:19,0,100,620,1,11/07/2026 14:19,R_1NCRQUvEHpwmGYo,anonymous,EN,1,,"1,2,3",2,19,1,3,,5,3,5,2,3,3,"1,2,3,4,6,7,8,9",6,"2,5,7",,5,3,5,4,1,2,3,2,3,2,1,3,1,4,1,4,2,5,1,5,2,4,2,3,1,4,4,4,4,3,1,3,3,4,5,5,4,5,3,2,4,3,4,5,4,4,3,3Custom Value
11/07/2026 14:06,11/07/2026 14:20,0,100,837,1,11/07/2026 14:20,R_3NUK7c3I8PPtT5J,anonymous,EN,0.899999976,,"1,2,3",1,20,2,9,,4,4,2,4,4,5,"1,2,3,4,5,7,8,10",5,"5,7,10",,5,2,4,5,2,4,4,2,4,2,1,3,2,3,1,4,2,5,1,5,1,5,1,5,1,5,5,4,5,5,2,4,5,5,4,5,4,5,5,4,5,2,5,1,2,5,6,6Custom Value
11/07/2026 14:09,11/07/2026 14:22,0,100,729,1,11/07/2026 14:22,R_3NKasQBrW0N4VGU,anonymous,EN,0.899999976,,"1,2,3",1,21,3,5,,2,3,3,1,1,1,"3,5,8,9,10",2,"2,5,7",,4,2,3,4,4,4,4,3,3,2,2,4,2,3,2,3,2,3,1,2,1,2,2,1,2,2,5,4,3,5,3,3,3,4,3,5,5,5,1,2,1,3,5,5,5,5,6,6Custom Value
11/07/2026 14:05,11/07/2026 14:22,0,100,976,1,11/07/2026 14:22,R_OxsZo2PTEZxeGe5,anonymous,EN,1,,"1,2,3",2,18,1,11,,5,3,2,3,3,5,"1,2,3,4,5,6,7,8,9,10",12,"4,7,10",,5,5,3,5,2,5,5,3,4,2,2,5,1,3,2,5,2,5,1,3,1,5,1,4,1,4,5,5,4,5,5,4,4,5,3,5,5,5,4,4,4,4,4,4,2,5,7,7Custom Value
11/07/2026 14:09,11/07/2026 14:27,0,100,1079,1,11/07/2026 14:27,R_2atAwOllvqw1DMR,anonymous,EN,0.899999976,,"1,2,3",2,21,3,11,,5,3,5,3,4,4,"1,2,3,4,6,7,8,9,10",5,"6,7,10",,4,4,4,5,2,2,5,4,5,2,2,5,2,5,2,4,2,5,1,5,2,4,1,4,2,2,5,5,5,4,1,2,4,5,2,4,5,5,4,2,1,1,5,5,5,5,6,6Custom Value
11/07/2026 14:28,11/07/2026 14:36,0,100,442,1,11/07/2026 14:36,R_1E0srld3RN6AKNs,anonymous,EN,0.899999976,,"1,2,3",2,19,1,6,,3,4,5,4,3,2,"1,2,3,4,6,7,8,9,10",12,"1,5,10",,4,4,4,5,2,3,4,4,4,2,2,3,1,2,2,5,2,4,1,3,1,4,1,3,1,3,5,4,4,4,4,4,4,4,4,4,4,4,4,2,2,2,4,4,4,5,7,7Custom Value
11/07/2026 14:25,11/07/2026 14:37,0,100,707,1,11/07/2026 14:37,R_271hnsZj3jk6t90,anonymous,EN,1,,"1,2,3",2,23,6,9,,4,2,3,4,4,5,"1,3,4,7,9",8,"1,7,8",,4,4,3,3,2,3,5,3,4,2,2,5,1,4,1,3,2,5,1,5,1,3,2,3,1,3,4,5,4,4,3,3,4,4,3,3,3,2,4,3,4,3,3,3,3,3,5,5Custom Value
11/07/2026 13:53,11/07/2026 14:44,0,100,3067,1,11/07/2026 14:44,R_2fxL9ByUHDXUUR4,anonymous,EN,1,,"1,2,3",2,23,5,3,,2,1,5,3,1,1,"1,3,9",3,"1,6,7",,4,2,2,4,2,2,3,2,4,2,1,3,1,3,2,3,2,4,1,4,2,4,2,4,1,4,4,4,4,2,1,1,1,4,1,4,4,4,2,3,2,3,4,4,4,5,4,4Custom Value
11/07/2026 14:26,11/07/2026 14:46,0,100,1166,1,11/07/2026 14:46,R_2YRD0VsZQsYIq6t,anonymous,EN,1,,"1,2,3",2,21,3,5,,4,3,3,3,4,4,"1,4,5,6,7,8,9,10",3,"1,5,7",,4,4,4,4,2,2,4,4,4,2,2,5,2,3,2,5,2,4,2,2,2,1,2,5,1,2,4,4,4,4,2,4,2,4,3,5,4,4,4,4,4,3,3,3,3,4,5,5Custom Value
11/07/2026 14:45,11/07/2026 14:54,0,100,539,1,11/07/2026 14:54,R_2fqA9iAV21Ql7Jg,anonymous,EN,0.899999976,,"1,2,3",1,19,2,7,,5,4,5,5,5,5,"1,3,4,5,6,7,8,9,10",6,"3,7,9",,5,3,3,4,1,2,4,3,4,2,2,5,1,3,2,5,2,3,1,5,1,5,1,4,1,4,5,5,5,5,4,3,2,3,3,5,5,5,2,2,2,4,4,4,3,5,7,7Custom Value
11/07/2026 14:39,11/07/2026 14:55,0,100,937,1,11/07/2026 14:55,R_1JQ6G4ctQLAIqj0,anonymous,EN,1,,"1,2,3",1,19,1,11,,4,3,3,2,3,5,"1,3,4,5,6,7,8,9,10",5,"5,7,10",,5,4,3,4,2,2,2,2,4,2,2,2,2,4,1,4,2,3,1,5,1,3,2,3,1,2,5,4,5,4,4,4,3,4,3,5,4,5,4,2,3,2,2,1,3,4,6,6Custom Value
11/07/2026 14:39,11/07/2026 15:01,0,100,1283,1,11/07/2026 15:01,R_W1gXUtFsZacbqA9,anonymous,EN,0.300000012,,"1,2,3",2,19,2,5,,5,5,4,3,5,4,"1,3,4,5,6,7,8,9,10",6,"1,6,7",,5,5,3,5,4,5,4,4,4,2,1,4,1,3,2,3,2,5,1,3,1,3,2,5,2,4,5,5,5,5,5,5,4,4,4,5,4,5,2,5,2,2,5,5,4,5,4,4Custom Value
11/07/2026 14:51,11/07/2026 15:02,0,100,608,1,11/07/2026 15:02,R_1pmxLckCWxG2kHG,anonymous,EN,0.5,,"1,2,3",3,18,1,6,,3,1,3,2,2,2,"4,6,8,9",6,"5,7,10",,3,3,3,3,1,1,3,3,4,2,1,3,2,2,2,2,2,3,1,3,2,2,2,2,1,2,5,4,4,5,2,2,4,4,2,5,5,5,1,1,1,1,5,5,5,5,5,5Custom Value
11/07/2026 15:04,11/07/2026 15:12,0,100,471,1,11/07/2026 15:12,R_XOmYhAbmgXAMcoN,anonymous,EN,0.400000006,,"1,2,3",1,21,2,11,,3,1,2,2,1,2,"1,4,7,9",4,"1,5,7",,2,2,5,2,4,2,2,2,4,2,2,5,2,5,2,5,2,5,1,5,1,5,1,5,1,5,4,5,5,3,1,1,5,5,2,5,5,5,5,1,5,1,5,5,5,5,8,8Custom Value
11/07/2026 15:01,11/07/2026 15:14,0,100,825,1,11/07/2026 15:14,R_3Eidif66A4ctboZ,anonymous,EN,1,,"1,2,3",2,21,3,11,,1,2,2,2,1,2,"1,6,10",2,"3,4,5",,1,1,1,2,1,1,1,1,3,2,2,5,1,5,2,5,2,5,1,5,1,5,1,5,1,5,4,4,3,1,1,1,1,3,1,3,4,3,3,2,3,1,4,4,5,5,7,7Custom Value
11/07/2026 15:14,11/07/2026 15:24,0,100,654,1,11/07/2026 15:24,R_Dvf2QKk9Krz8s6t,anonymous,EN,0.300000012,,"1,2,3",1,21,3,4,,5,3,2,3,2,4,"1,3,4,5,6,7,8,10",6,"2,3,5",,5,2,1,5,3,2,2,2,4,2,2,5,2,4,1,4,2,4,1,4,1,4,1,2,2,5,5,5,4,5,3,3,4,5,3,5,5,5,3,3,2,2,3,2,4,5,6,6Custom Value
11/07/2026 15:17,11/07/2026 15:27,0,100,646,1,11/07/2026 15:27,R_1hLPEKKbZFSepi9,anonymous,EN,1,,"1,2,3",1,20,2,3,,4,4,2,3,3,5,"1,2,3,4,5,6,7,8,9,10",6,"1,4,7",,3,3,3,4,1,2,4,2,4,2,2,3,1,2,1,2,1,2,2,2,1,4,1,3,2,3,3,4,4,5,1,4,2,5,2,4,5,5,3,4,5,4,4,4,5,5,3,3Custom Value
11/07/2026 15:23,11/07/2026 15:32,0,100,535,1,11/07/2026 15:32,R_29b2VnQxPr5XtVy,anonymous,EN,0.100000001,,"1,2,3",2,18,1,6,,3,2,4,2,4,4,"1,4,6,8,10",12,"5,6,7",,4,4,4,4,2,3,4,4,3,2,2,5,1,2,1,3,2,3,1,3,1,4,2,2,1,2,4,4,4,5,4,4,4,4,4,4,4,4,3,4,2,2,3,3,2,5,5,5Custom Value
11/07/2026 15:36,11/07/2026 15:44,0,100,485,1,11/07/2026 15:44,R_1jxiRI9LyraoDzK,anonymous,EN,1,,"1,2,3",1,21,3,5,,4,3,4,4,4,4,"1,3,4,6,7,8,9,10",5,"5,7,9",,4,4,4,4,2,3,4,3,3,2,1,4,1,4,2,3,2,3,1,3,1,3,2,4,1,3,5,4,4,4,2,4,4,4,4,4,4,4,2,2,3,2,4,4,2,4,5,5Custom Value
11/07/2026 15:45,11/07/2026 15:54,0,100,511,1,11/07/2026 15:54,R_2EhtIUDXKrMq56W,anonymous,EN,1,,"1,2,3",2,24,5,5,,4,4,5,5,5,5,"1,4,6,7,8,9,10",12,"2,3,10",,5,3,3,4,2,2,5,2,1,2,2,3,2,2,1,3,2,2,1,3,2,4,2,4,2,2,5,5,5,4,4,3,4,5,5,5,5,5,3,2,2,4,4,2,2,2,4,4Custom Value
11/07/2026 15:43,11/07/2026 15:54,0,100,661,1,11/07/2026 15:54,R_1GBTym09O0VCQ1Z,anonymous,EN,1,,"1,2,3",1,19,1,3,,5,4,5,3,4,5,"1,3,4,5,6,7,8,9,10",9,"1,2,9",,5,5,5,5,1,2,3,2,4,2,2,4,2,3,2,3,2,4,1,4,1,3,2,4,1,3,5,4,5,5,4,4,5,5,5,5,5,5,4,4,3,3,3,2,3,5,7,7Custom Value
11/07/2026 15:46,11/07/2026 15:58,0,100,720,1,11/07/2026 15:58,R_2XpSnVqTuyuUAoN,anonymous,EN,1,,"1,2,3",1,21,3,3,,5,5,5,5,5,4,"1,3,4,5,6,7,8,9,10",8,"1,2,9",,4,4,3,1,1,1,1,1,5,2,2,4,2,2,2,4,1,3,1,5,1,4,1,4,1,5,5,5,5,5,1,2,1,1,2,5,4,4,5,2,4,2,3,2,3,5,7,7Custom Value
11/07/2026 16:07,11/07/2026 16:18,0,100,611,1,11/07/2026 16:18,R_2Uftoz7wFedCooW,anonymous,EN,0.400000006,,"1,2,3",2,19,2,5,,4,3,3,4,2,4,"1,3,4,6",6,"1,6,7",,4,4,3,5,1,2,2,2,4,2,2,4,1,2,2,4,2,3,1,2,1,1,1,1,1,2,5,4,4,4,1,1,1,5,5,5,5,5,2,2,2,2,4,3,4,5,7,7Custom Value
11/07/2026 14:28,11/07/2026 16:21,0,100,6779,1,11/07/2026 16:21,R_3dWJMlfP6VEDb0l,anonymous,EN,1,,"1,2,3",2,21,3,4,,3,4,2,4,4,4,"3,4,8,9,10",4,"8,9,10",,4,3,5,4,2,3,4,4,4,2,1,3,1,5,2,5,2,5,1,5,1,4,2,4,1,4,5,4,3,5,4,3,4,5,3,4,4,4,3,2,2,1,3,5,4,5,5,5Custom Value
11/07/2026 16:18,11/07/2026 16:30,0,100,695,1,11/07/2026 16:30,R_2fD7q71yXHvR1LW,anonymous,EN,0.800000012,,"1,2,3",2,18,1,3,,3,2,3,3,2,4,"1,3,4,9,10",4,"1,5,7",,2,1,3,3,1,2,3,2,4,2,1,3,2,2,2,3,2,4,1,2,2,2,1,3,1,3,5,4,4,2,1,1,2,3,1,5,4,5,4,3,3,3,5,5,4,5,6,6Custom Value
11/07/2026 17:10,11/07/2026 17:18,0,100,454,1,11/07/2026 17:18,R_1GQ8QrETnXQxfrf,anonymous,EN,0.899999976,,"1,2,3",2,19,2,9,,4,3,3,5,4,5,"1,4,7,8,10",7,"2,3,5",,4,4,3,3,2,4,4,4,4,2,2,3,1,3,1,3,1,2,1,2,1,3,2,2,2,3,5,5,5,5,3,4,4,4,5,5,5,5,4,3,4,5,4,5,5,4,3,3Custom Value
11/07/2026 17:12,11/07/2026 17:31,0,100,1145,1,11/07/2026 17:31,R_2Tz4PBtl0srJ8a0,anonymous,EN,1,,"1,2,3",2,20,3,6,,5,2,4,2,3,3,"4,6,10",4,"3,5,7",,3,2,4,4,1,1,1,1,2,2,2,1,2,1,1,3,1,3,1,2,1,3,1,2,1,2,5,3,5,4,1,3,3,3,3,3,3,4,4,2,3,2,4,4,4,3,6,6Custom Value
11/07/2026 18:22,11/07/2026 18:30,0,100,499,1,11/07/2026 18:30,R_3DnCquI7UUJQ1M5,anonymous,EN,0.899999976,,"1,2,3",1,19,2,11,,5,3,4,3,4,3,"1,7,9,10",6,"1,2,4",,4,2,5,3,3,1,2,2,5,2,2,5,2,5,2,5,2,5,1,5,1,5,1,3,1,4,5,5,5,5,1,1,4,5,5,5,5,5,3,4,4,2,3,1,3,5,8,8Custom Value
11/07/2026 18:45,11/07/2026 18:55,0,100,582,1,11/07/2026 18:55,R_1lnIfN675yO5Iwm,anonymous,EN,0.400000006,,"1,2,3",2,18,2,11,,4,2,3,3,2,2,"1,3,4,7,8,9,10",7,"1,5,6",,4,4,4,4,5,2,3,3,2,2,1,3,1,3,2,2,1,4,1,4,1,3,1,4,1,4,4,4,5,4,4,4,4,5,3,5,5,5,4,4,4,4,4,3,4,3,5,5Custom Value
11/07/2026 19:35,11/07/2026 19:43,0,100,483,1,11/07/2026 19:44,R_3nAvtMcEecq0gcc,anonymous,EN,0.899999976,,"1,2,3",1,19,1,3,,5,4,3,5,4,5,"1,3,4,5,7,8,9,10",6,"5,7,9",,4,5,5,5,5,5,5,4,4,2,2,5,1,3,2,5,2,3,1,5,1,4,1,4,1,4,5,5,5,4,5,3,3,4,4,5,5,5,3,2,2,1,5,4,4,5,7,7Custom Value
11/07/2026 22:27,11/07/2026 22:38,0,100,666,1,11/07/2026 22:38,R_WBrQEOx2DUKGDvz,anonymous,EN,0.400000006,,"1,2,3",2,18,1,11,,4,2,4,4,2,5,"1,2,3,4,6,7,8,9,10",12,"2,6,7",,5,5,3,5,2,2,5,5,5,2,2,5,2,5,2,5,2,5,2,3,1,3,1,2,1,5,5,3,4,5,4,5,3,4,3,5,5,5,2,4,3,3,3,4,2,5,7,7Custom Value
12/07/2026 00:35,12/07/2026 00:43,0,100,459,1,12/07/2026 00:43,R_2SjJCKxnnt8yFHq,anonymous,EN,0.100000001,,"1,2,3",2,20,2,5,,4,4,3,3,3,3,"1,4,7,8,9",6,"7,8,9",,4,5,3,4,2,3,2,3,4,2,2,3,1,3,2,2,2,3,2,3,1,4,1,4,1,4,4,4,4,5,4,4,4,4,4,4,4,4,1,1,2,2,5,5,4,5,6,6Custom Value
12/07/2026 00:41,12/07/2026 00:53,0,100,720,1,12/07/2026 00:53,R_2qlwKbZ1rhWPBWl,anonymous,EN,0.100000001,,"1,2,3",2,18,1,11,,2,3,4,3,4,4,"3,5,7,8,10",1,"2,5,7",,3,4,1,3,1,2,1,2,3,2,2,3,2,3,2,3,2,4,1,3,1,3,1,2,1,3,4,4,5,3,2,2,2,2,3,3,3,2,2,3,4,3,3,4,3,4,8,8Custom Value
12/07/2026 00:48,12/07/2026 01:02,0,100,791,1,12/07/2026 01:02,R_2qsIBQYz7mQDGU4,anonymous,EN,1,,"1,2,3",2,20,3,2,,3,3,3,2,4,4,"1,3,4,6,7,8,9,10",6,"1,3,5",,2,2,2,3,1,2,2,2,1,2,2,3,2,4,2,3,2,4,1,3,1,4,1,4,1,4,5,4,4,4,2,2,3,5,3,5,4,5,3,3,3,1,3,1,3,5,8,8Custom Value
12/07/2026 01:02,12/07/2026 01:09,0,100,449,1,12/07/2026 01:09,R_TmVMacr2ndbayzf,anonymous,EN,0.899999976,,"1,2,3",2,18,1,11,,2,2,3,3,2,2,"3,4,5,8,10",10,"4,5,7",,3,3,3,3,1,2,2,3,3,2,2,3,2,3,2,3,2,4,1,2,1,3,1,3,1,3,3,3,4,3,2,2,3,4,3,3,3,3,3,3,3,3,3,3,3,4,8,8Custom Value
12/07/2026 02:48,12/07/2026 02:58,0,100,634,1,12/07/2026 02:58,R_VO62D4qjDH8gQVj,anonymous,EN,1,,"1,2,3",1,20,1,6,,5,5,5,5,5,5,"1,2,4,5,6,7,8,9,10",8,"1,3,5",,5,5,5,5,2,4,5,4,4,2,2,5,1,4,1,4,2,5,1,5,1,5,2,4,1,5,5,4,5,3,5,4,1,5,5,4,4,5,5,3,2,2,5,4,5,5,5,5Custom Value
12/07/2026 02:55,12/07/2026 03:03,0,100,475,1,12/07/2026 03:03,R_1kYx7W5U4KyUuPF,anonymous,EN,1,,"1,2,3",1,21,2,3,,5,4,5,4,3,4,"1,3,4,5,6,8,9",7,"2,3,5",,4,3,4,5,2,2,2,2,4,2,2,5,2,2,2,4,2,3,1,4,1,3,1,5,1,4,5,4,4,4,2,2,3,4,4,5,4,4,2,4,4,4,3,3,5,4,8,8Custom Value
12/07/2026 03:00,12/07/2026 03:08,0,100,514,1,12/07/2026 03:08,R_3MExm9SjQwfsN0C,anonymous,EN,1,,"1,2,3",2,24,6,5,,3,4,4,2,3,4,"6,7,8,9",12,"4,6,7",,5,5,2,5,2,3,3,2,4,2,2,1,2,1,1,1,2,2,1,3,2,2,2,2,1,1,5,5,5,5,2,2,4,4,3,5,5,5,4,3,4,3,4,4,4,5,5,5Custom Value
12/07/2026 03:07,12/07/2026 03:16,0,100,503,1,12/07/2026 03:16,R_3fercWxRQuUmilN,anonymous,EN,0.100000001,,"1,2,3",2,21,3,9,,4,3,4,3,3,3,"1,3,4,6,8,9",6,"1,6,7",,4,4,4,4,3,3,4,3,2,2,2,3,2,2,1,2,2,4,1,2,1,3,2,3,2,2,5,4,5,4,4,3,2,3,4,4,4,4,4,3,2,2,4,4,4,5,5,5Custom Value
12/07/2026 03:25,12/07/2026 03:30,0,100,317,1,12/07/2026 03:30,R_2QMrRZIzQ8U17RZ,anonymous,EN,1,,"1,2,3",1,25,3,10,,5,2,2,2,2,3,4,3,"3,4,10",,3,3,3,3,3,3,3,3,1,3,2,5,2,5,1,4,2,5,1,5,1,5,2,5,1,4,4,4,4,4,3,4,3,4,4,4,4,4,4,4,4,4,4,4,4,4,6,6Custom Value
12/07/2026 03:19,12/07/2026 03:34,0,100,890,1,12/07/2026 03:34,R_ZdEmeBsBfE6CSSR,anonymous,EN,0.699999988,,"1,2,3",1,21,4,10,,4,2,5,3,4,5,"1,4",5,"1,5,7",,4,4,4,5,2,1,3,2,5,2,2,5,2,4,2,5,2,4,1,3,2,3,2,4,2,4,5,5,4,3,2,2,2,4,3,5,5,5,4,5,4,3,3,2,3,4,5,5Custom Value
12/07/2026 03:51,12/07/2026 04:01,0,100,582,1,12/07/2026 04:01,R_2WPvFOAdNYWodvE,anonymous,EN,0.699999988,,"1,2,3",1,19,3,4,,4,3,3,3,3,4,"1,4,8,10",8,"1,6,7",,4,4,3,3,2,3,3,3,4,2,2,4,2,4,2,4,2,4,1,4,2,4,2,4,2,4,5,5,5,4,4,4,4,4,4,4,4,4,5,2,3,2,4,3,3,4,5,5Custom Value
12/07/2026 04:31,12/07/2026 04:37,0,100,331,1,12/07/2026 04:37,R_3Iq5pElm1MpAcrD,anonymous,EN,1,,"1,2,3",2,19,1,11,,4,4,4,5,5,5,"1,4,5,6,7,8,10",12,"1,4,5",,5,5,5,5,3,3,5,5,5,2,2,5,1,1,1,1,1,5,1,1,1,5,1,5,1,5,5,5,5,4,5,5,5,5,5,5,5,5,5,3,4,4,4,4,4,4,5,5Custom Value
12/07/2026 04:29,12/07/2026 04:52,0,100,1364,1,12/07/2026 04:52,R_3Jn01dw6ffoFmch,anonymous,EN,0.300000012,,"1,2,3",1,24,6,11,,3,4,3,3,3,3,"1,7,10",6,"1,2,5",,4,4,4,4,4,4,3,3,2,2,2,5,1,5,1,5,2,5,1,4,1,5,1,5,1,5,5,5,5,5,4,5,4,5,5,5,5,5,5,5,5,3,4,4,5,1,6,6Custom Value
12/07/2026 05:13,12/07/2026 05:21,0,100,491,1,12/07/2026 05:21,R_XYcvJq8obJ7gxcl,anonymous,EN,1,,"1,2,3",1,20,3,5,,3,3,3,4,4,4,"1,4,7,10",10,"1,3,7",,3,2,3,3,1,2,2,1,4,5,2,5,1,4,2,5,2,5,1,5,1,5,2,4,1,5,5,4,4,4,4,2,3,3,3,4,3,5,5,4,4,4,4,4,3,5,6,6Custom Value
12/07/2026 05:10,12/07/2026 05:22,0,100,722,1,12/07/2026 05:22,R_2czIM1jLa5z6PCO,anonymous,EN,0.400000006,,"1,2,3",1,20,3,10,,4,5,5,4,4,5,"1,4,9",4,"1,5,7",,4,3,4,5,2,2,3,2,4,2,1,2,1,2,2,2,2,4,1,3,1,3,1,3,1,3,5,5,5,5,2,2,2,5,3,5,5,5,5,4,5,3,3,4,4,5,6,6Custom Value
12/07/2026 05:39,12/07/2026 05:49,0,100,619,1,12/07/2026 05:49,R_oZ9i6N4u20vc2yZ,anonymous,EN,0.400000006,,"1,2,3",2,19,2,2,,3,3,4,3,3,5,"1,3,4,5,6,7,8,9,10",6,"1,3,5",,4,3,4,4,3,3,4,3,5,2,2,5,2,5,2,4,2,5,1,5,1,3,1,5,1,2,5,4,5,4,4,4,2,5,4,5,5,5,4,4,3,3,4,3,4,4,8,8Custom Value
12/07/2026 06:00,12/07/2026 06:09,0,100,524,1,12/07/2026 06:09,R_1pEgRAvNL7Bjm15,anonymous,EN,1,,"1,2,3",2,22,3,11,,4,3,4,4,4,4,"1,3,4,10",5,"1,4,7",,4,4,3,3,1,1,2,1,4,2,1,2,2,1,2,3,2,3,2,3,1,3,2,1,2,1,4,4,4,4,3,1,4,4,1,4,4,5,2,2,2,2,4,4,4,5,4,4Custom Value
12/07/2026 06:07,12/07/2026 06:13,0,100,335,1,12/07/2026 06:13,R_2Xh38KMAKf7kVw2,anonymous,EN,0.899999976,,"1,2,3",1,19,2,3,,5,3,4,3,4,3,"1,2,4,5,9,10",7,"1,5,7",,5,2,4,4,2,2,2,2,4,2,2,3,1,5,2,4,2,5,1,5,1,5,1,5,1,3,5,3,3,5,2,2,4,4,5,5,5,5,2,2,2,3,4,5,3,5,7,7Custom Value
12/07/2026 06:10,12/07/2026 06:18,0,100,497,1,12/07/2026 06:18,R_WeNNg5uwIlMESaJ,anonymous,EN,0.899999976,,"1,2,3",2,20,4,4,,4,4,2,2,3,3,"1,3,4,8,9,10",6,"1,5,6",,3,3,2,5,1,2,3,1,4,2,2,3,1,2,2,3,2,3,1,4,2,2,1,3,2,2,1,3,3,4,1,1,1,4,3,3,3,5,5,2,3,3,3,3,3,3,5,5Custom Value
12/07/2026 06:30,12/07/2026 06:40,0,100,627,1,12/07/2026 06:40,R_3HMrzVfbToewCSx,anonymous,EN,0,,"1,2,3",4,18,1,2,,4,1,4,3,2,2,"1,3,4,5,7,10",10,"1,2,4",,5,4,5,5,3,3,4,3,5,2,2,3,2,3,2,1,2,3,2,1,1,3,1,3,1,3,5,5,5,5,3,3,4,5,4,5,5,5,3,3,2,1,4,4,3,5,7,7Custom Value
12/07/2026 06:39,12/07/2026 06:55,0,100,945,1,12/07/2026 06:55,R_20U3KfaD7mbX0V1,anonymous,EN,0.100000001,,"1,2,3",2,22,4,5,,5,4,5,4,4,5,"1,2,3,4,5,6,7,8,9,10",12,"5,6,7",,5,5,5,5,2,2,3,1,4,2,2,3,1,5,2,5,2,3,1,5,1,5,1,4,2,2,5,5,5,5,3,4,3,5,5,5,5,5,4,3,4,3,5,5,3,5,6,6Custom Value
12/07/2026 06:46,12/07/2026 06:56,0,100,631,1,12/07/2026 06:56,R_3lxj5diepGByca1,anonymous,EN,0.899999976,,"1,2,3",2,19,2,11,,4,2,3,3,4,4,"1,3,4,5,7,9,10",3,"1,4,5",,3,2,3,4,1,2,3,2,4,2,1,3,2,3,1,3,2,3,1,3,1,2,2,5,1,2,5,4,4,4,2,2,4,4,3,3,4,4,4,3,3,3,4,4,3,4,5,5Custom Value
12/07/2026 07:24,12/07/2026 07:33,0,100,523,1,12/07/2026 07:33,R_1pKUB2PcSvrNgIk,anonymous,EN,0.899999976,,"1,2,3",1,21,4,2,,5,3,3,3,5,5,"1,3,4,5,7,8,9,10",7,"1,5,7",,3,3,3,3,3,3,3,3,5,2,2,4,2,2,2,5,2,5,1,3,1,5,1,3,1,4,5,5,5,4,4,4,4,4,4,4,4,4,4,4,4,4,4,4,4,4,8,8Custom Value
12/07/2026 07:40,12/07/2026 07:54,0,100,852,1,12/07/2026 07:54,R_2wcPJBCm3LTGJzi,anonymous,EN,0.899999976,,"1,2,3",1,26,6,7,,4,5,3,3,4,5,"1,2,3,4,5,6,7,8,9,10",5,"2,3,7",,3,4,3,4,1,3,5,3,4,2,2,5,2,4,2,5,2,3,1,5,1,5,1,5,1,1,5,4,3,4,5,2,2,4,2,3,5,4,1,2,1,3,5,5,4,5,8,8Custom Value
12/07/2026 09:02,12/07/2026 09:10,0,100,483,1,12/07/2026 09:10,R_3FX31VYZiZddxak,anonymous,EN,0.899999976,,"1,2,3",2,18,1,3,,4,2,3,2,4,4,"1,3,4,7,8,9,10",8,"1,5,7",,4,3,3,3,1,1,3,1,4,2,2,3,2,3,1,3,2,3,1,3,1,3,1,3,2,3,5,5,5,5,3,3,4,4,2,5,5,5,5,5,4,3,3,3,3,4,6,6Custom Value
12/07/2026 08:57,12/07/2026 09:13,0,100,966,1,12/07/2026 09:13,R_1Q4NeqwyzG6Z1mO,anonymous,EN,1,,"1,2,3",2,19,1,3,,4,2,4,3,3,4,"1,4",8,"2,7,9",,3,2,1,4,1,1,2,1,4,2,2,3,2,2,2,5,2,5,1,5,1,4,1,3,1,2,5,4,5,4,1,1,3,3,3,5,5,5,1,2,2,2,4,5,3,5,8,8Custom Value
12/07/2026 09:07,12/07/2026 09:26,0,100,1131,1,12/07/2026 09:26,R_1Ed2kbccztfYXB4,anonymous,EN,1,,"1,2,3",2,23,4,5,,5,5,4,4,5,5,"1,3,4,7,8,9,10",10,"1,5,7",,5,5,5,5,2,3,4,3,1,2,2,5,2,5,2,5,2,4,1,4,1,5,1,5,1,5,5,5,5,4,5,4,3,5,4,5,5,5,4,3,4,3,3,3,4,5,8,8Custom Value
12/07/2026 09:37,12/07/2026 09:45,0,100,484,1,12/07/2026 09:45,R_4MjwttHUjZdegbD,anonymous,EN,1,,"1,2,3",1,20,1,11,,5,3,4,5,4,4,"1,2,3,4,5,6,7,8,9,10",8,"1,5,7",,4,3,3,4,1,3,4,2,2,2,2,5,2,5,1,5,2,5,1,5,1,5,2,5,1,5,5,5,4,4,5,3,3,4,3,4,4,5,4,4,3,3,4,5,3,5,6,6Custom Value
12/07/2026 11:27,12/07/2026 11:37,0,100,631,1,12/07/2026 11:37,R_1rMvmOSWTcgncnU,anonymous,EN,1,,"1,2,3",2,22,3,6,,4,4,3,3,3,5,"1,2,3,4,5,6,7,8,9,10",5,"1,6,7",,4,4,3,4,3,3,4,4,4,2,2,4,2,3,1,2,2,4,1,5,1,4,1,4,1,3,5,5,4,5,4,4,4,4,4,5,5,5,4,5,5,4,3,4,4,4,7,7Custom Value
12/07/2026 11:39,12/07/2026 11:49,0,100,582,1,12/07/2026 11:49,R_2e8ZtoeYd7IGgUs,anonymous,EN,1,,"1,2,3",2,18,2,11,,1,2,2,4,2,5,5,5,"4,5,8",,3,3,3,3,3,3,3,3,2,2,2,5,2,4,2,5,2,5,1,5,1,5,2,5,1,2,5,5,5,5,5,5,5,5,5,5,5,5,5,5,5,5,5,5,5,5,7,7Custom Value
12/07/2026 12:33,12/07/2026 12:40,0,100,396,1,12/07/2026 12:40,R_3hguHAXArRB7PIo,anonymous,EN,1,,"1,2,3",2,19,1,11,,3,3,4,3,2,3,"1,4,5,6,7,8,9",5,"5,6,7",,4,4,3,3,3,3,3,4,4,2,1,2,2,1,2,1,2,2,1,2,2,2,1,2,1,2,5,5,5,4,4,4,4,5,5,5,5,5,4,4,4,3,4,4,3,4,6,6Custom Value
12/07/2026 13:12,12/07/2026 13:22,0,100,560,1,12/07/2026 13:22,R_1mQqmV6jGEzanrU,anonymous,EN,0.899999976,,"1,2,3",2,18,1,8,,5,3,5,4,4,5,"1,2,3,4,6,7,8,9",9,"1,7,10",,5,4,3,5,2,3,3,2,4,2,1,3,2,4,2,3,2,4,1,4,2,4,1,3,2,3,5,4,5,5,5,2,2,1,1,5,1,5,2,2,1,1,4,4,4,4,5,5Custom Value
12/07/2026 13:39,12/07/2026 13:49,0,100,606,1,12/07/2026 13:49,R_2QgINVqyUrU3oWL,anonymous,EN,1,,"1,2,3",2,23,6,5,,5,5,5,3,2,4,"1,3,4,5,7,8,9,10",12,"1,3,7",,5,4,5,5,5,5,5,4,4,2,2,3,2,3,1,3,2,3,1,3,1,3,2,3,1,3,5,5,5,5,4,4,4,5,4,5,5,5,5,3,2,1,5,5,2,5,6,6Custom Value
12/07/2026 13:55,12/07/2026 14:07,0,100,730,1,12/07/2026 14:07,R_1Q59GRzo9ji1sdl,anonymous,EN,0.800000012,,"1,2,3",2,20,1,11,,3,2,4,3,4,4,"1,4,8",6,"5,7,9",,4,4,5,4,2,2,4,4,3,2,2,5,1,2,1,3,2,2,1,3,1,1,2,1,1,3,5,4,4,5,2,2,1,4,4,5,5,5,4,2,3,2,4,5,4,5,5,5Custom Value
12/07/2026 14:04,12/07/2026 14:08,0,100,262,1,12/07/2026 14:08,R_qEjmUqzAIEOMXkJ,anonymous,EN,0.600000024,,"1,2,3",2,20,4,3,,4,4,4,3,3,3,"2,3",4,"5,6,7",,2,2,2,3,1,1,1,1,3,4,1,3,2,3,2,3,2,3,1,1,2,2,1,2,1,2,3,3,3,3,3,3,4,3,3,4,3,3,2,2,2,4,3,3,3,2,6,6Custom Value
12/07/2026 14:04,12/07/2026 14:13,0,100,562,1,12/07/2026 14:13,R_1OkjPGS1jhQ4VC9,anonymous,EN,1,,"1,2,3",1,22,4,5,,2,4,4,4,5,3,"1,3,4,5,6,7,8,9,10",12,"1,3,9",,5,4,3,5,2,2,2,2,4,2,2,5,1,2,2,3,2,5,1,3,1,3,1,2,2,3,5,4,4,3,3,3,2,3,2,5,4,5,2,1,1,1,4,4,4,5,6,6Custom Value
12/07/2026 13:56,12/07/2026 14:14,0,100,1041,1,12/07/2026 14:14,R_6nHxgt103eBXEuR,anonymous,EN,0.899999976,,"1,2,3",2,19,2,3,,5,5,4,4,5,5,"1,2,3,4,5,6,7,8,9,10",8,"1,5,7",,3,3,4,4,2,3,4,4,4,2,1,5,2,3,2,3,2,3,1,4,1,3,2,3,1,2,5,5,4,5,4,4,3,3,2,5,4,5,3,3,2,3,5,3,2,5,6,6Custom Value
12/07/2026 14:18,12/07/2026 14:37,0,100,1109,1,12/07/2026 14:37,R_tSftyrH9N6pwTBL,anonymous,EN,1,,"1,2,3",1,20,1,10,,4,3,4,2,4,4,"1,3,4,5,6,8,9,10",9,"7,9,10",,4,3,4,4,1,2,4,3,4,2,2,5,2,3,2,2,2,5,1,5,1,5,1,5,1,5,5,5,5,5,4,3,2,3,4,4,5,5,2,1,2,2,4,5,4,4,8,8Custom Value
12/07/2026 14:22,12/07/2026 14:37,0,100,908,1,12/07/2026 14:37,R_rlJ8OZIm9hD8E6J,anonymous,EN,0.899999976,,"1,2,3",1,22,4,11,,3,3,2,3,2,3,"1,3,4,6,8",5,"2,4,5",,3,3,4,3,1,2,2,1,4,2,1,2,2,2,2,4,2,3,1,3,1,1,1,2,1,2,5,4,4,5,2,2,3,3,1,5,5,5,5,4,5,1,5,5,1,5,7,7Custom Value
12/07/2026 14:28,12/07/2026 14:38,0,100,597,1,12/07/2026 14:38,R_3fUlXUMNt72CSCW,anonymous,EN,1,,"1,2,3",2,18,1,9,,5,5,5,5,4,5,"1,3,4,6,7,8,9,10",12,"2,5,7",,5,5,5,5,2,4,5,5,4,2,1,4,1,3,1,3,2,5,1,2,1,3,2,4,2,5,5,5,5,5,5,5,5,4,4,4,5,5,1,1,1,3,5,5,5,5,3,3Custom Value
12/07/2026 14:18,12/07/2026 14:45,0,100,1622,1,12/07/2026 14:45,R_3gYEJ245oEDpmpK,anonymous,EN,0.100000001,,"1,2,3",1,21,2,5,,4,2,5,5,3,5,"1,3,4,5,6,7,8,9,10",4,"1,2,7",,4,4,3,5,2,3,3,3,4,2,2,3,1,1,2,5,2,2,1,2,2,2,1,3,1,3,4,4,4,5,2,4,3,5,4,5,5,5,4,3,4,4,3,3,4,5,6,6Custom Value
12/07/2026 14:56,12/07/2026 15:05,0,100,547,1,12/07/2026 15:05,R_vVkT7F23kFb7LFf,anonymous,EN,0.600000024,,"1,2,3",1,23,4,5,,3,4,2,4,2,3,"1,5,6,8,9,10",4,"2,5,9",,3,2,3,2,2,2,3,2,4,2,2,2,2,3,2,4,2,4,1,2,2,2,2,3,2,3,5,4,5,5,2,2,2,4,4,5,4,5,1,1,1,2,5,5,5,5,5,5Custom Value
12/07/2026 15:03,12/07/2026 15:07,0,100,228,1,12/07/2026 15:07,R_cvdDUy26Be8Rlg5,anonymous,EN,0.699999988,,"1,2,3",1,22,4,3,,5,5,5,5,4,4,"1,3,6,7,8,9,10",5,"1,2,3",,5,5,5,5,5,5,3,3,5,2,1,3,2,5,2,5,2,4,2,1,1,3,1,3,1,4,4,4,2,2,3,1,3,3,3,3,3,3,3,3,3,3,3,3,3,3,6,6Custom Value
12/07/2026 15:02,12/07/2026 15:10,0,100,475,1,12/07/2026 15:10,R_4UB1TKt4veEJ8Xf,anonymous,EN,0.100000001,,"1,2,3",3,20,3,3,,3,4,2,4,3,1,"1,3,4,6,7,9,10",5,"2,3,9",,2,4,2,3,2,2,2,2,5,2,2,4,2,3,1,2,2,3,1,4,1,3,2,3,2,3,4,5,5,3,1,1,3,3,3,4,5,3,1,1,2,2,5,5,1,5,5,5Custom Value
12/07/2026 15:03,12/07/2026 15:10,0,100,443,1,12/07/2026 15:10,R_9SH4wBrNcxrvbCp,anonymous,EN,0.699999988,,"1,2,3",2,22,4,9,,4,3,4,4,4,5,"1,4,6,7,9,10",12,"1,3,5",,4,3,3,4,2,3,2,3,2,2,2,4,2,4,1,4,2,4,1,4,1,4,1,4,1,4,5,5,5,4,2,4,4,4,4,4,5,5,4,1,3,2,5,5,3,5,7,7Custom Value
12/07/2026 15:11,12/07/2026 15:17,0,100,320,1,12/07/2026 15:17,R_3jYSHevZouAJEW4,anonymous,EN,1,,"1,2,3",2,18,1,7,,5,5,5,5,3,5,"1,2,3,4,6,7,8,9,10",12,"1,6,7",,5,5,5,5,5,5,5,5,3,2,2,3,1,5,2,1,2,5,1,5,1,3,1,4,1,5,5,5,5,5,3,5,5,5,5,5,4,5,5,2,1,4,5,5,2,5,7,7Custom Value
12/07/2026 15:12,12/07/2026 15:17,0,100,338,1,12/07/2026 15:17,R_3pr0xoc4FgKWsCy,anonymous,EN,0.400000006,,"1,2,3",2,19,2,4,,3,1,4,1,3,3,"1,3,5,7,9,10",5,"1,4,5",,2,4,3,5,1,1,1,3,2,2,2,4,2,3,2,4,2,5,1,5,1,5,2,5,2,4,5,5,5,5,1,1,5,5,3,5,5,5,4,3,3,2,4,3,5,5,6,6Custom Value
12/07/2026 15:14,12/07/2026 15:22,0,100,459,1,12/07/2026 15:22,R_3Gljn4gDim2fXgg,anonymous,EN,1,,"1,2,3",1,20,3,2,,5,4,3,5,5,4,"1,3,5,6,7,9,10",6,"1,3,5",,5,4,4,4,3,3,3,3,4,2,2,5,1,2,2,3,2,4,1,4,1,4,1,4,1,4,5,5,5,5,4,4,4,4,4,5,4,5,5,2,1,1,4,5,5,5,7,7Custom Value
12/07/2026 15:18,12/07/2026 15:22,0,100,260,1,12/07/2026 15:22,R_2BzCNZ6gmUO5R1p,anonymous,EN,1,,"1,2,3",1,20,2,8,,5,5,5,5,3,5,"1,2,4,7,9,10",7,"1,4,5",,4,4,4,4,4,3,3,3,3,2,1,3,2,4,2,4,2,3,1,5,1,3,2,5,2,5,5,5,5,5,4,4,4,4,4,4,4,4,4,4,4,4,4,4,4,4,5,5Custom Value
12/07/2026 15:11,12/07/2026 15:23,0,100,691,1,12/07/2026 15:23,R_1hFRhzHmmmu6xm0,anonymous,EN,1,,"1,2,3",2,21,3,10,,5,4,4,4,4,4,"1,2,3,4,5,7,8,9,10",7,"1,5,6",,3,4,4,4,2,3,4,3,4,2,2,2,2,5,2,2,2,5,1,1,1,1,1,1,2,1,5,5,5,5,2,3,4,4,4,5,5,5,2,2,2,2,5,5,5,5,7,7Custom Value
12/07/2026 15:13,12/07/2026 15:23,0,100,605,1,12/07/2026 15:23,R_12bTDevsJFfaGAE,anonymous,EN,0.899999976,,"1,2,3",2,19,2,1,,5,3,4,3,4,3,"1,5,6,7,10",12,"1,5,10",,4,2,2,2,2,3,3,3,5,2,2,3,1,3,2,3,2,3,1,4,1,3,1,3,1,3,5,4,4,5,3,3,2,4,2,5,5,5,4,2,2,2,5,3,3,5,7,7Custom Value
12/07/2026 15:17,12/07/2026 15:23,0,100,384,1,12/07/2026 15:23,R_3R4vX0cAoZykbNb,anonymous,EN,0.400000006,,"1,2,3",2,19,1,2,,4,3,3,4,2,3,"1,3,4,5,6,7,8,9,10",8,"1,3,5",,3,3,2,4,1,2,2,3,1,2,2,5,1,4,2,3,2,4,1,2,1,4,1,3,1,3,5,5,5,5,4,4,4,5,5,5,5,5,4,3,3,3,3,4,3,5,7,7Custom Value
12/07/2026 15:16,12/07/2026 15:24,0,100,488,1,12/07/2026 15:24,R_2c1Mic7493pcbT4,anonymous,EN,1,,"1,2,3",1,22,4,11,,4,5,3,4,4,3,"1,4,7,8,9,10",5,"3,4,5",,4,5,4,5,2,2,3,3,4,2,1,1,1,2,1,3,2,5,1,4,1,5,1,2,1,5,5,4,5,5,3,3,3,4,3,4,5,4,3,4,3,3,4,2,4,5,5,5Custom Value
12/07/2026 15:15,12/07/2026 15:25,0,100,606,1,12/07/2026 15:25,R_zcodI7ZSND7c1l7,anonymous,EN,0.899999976,,"1,2,3",2,18,2,4,,5,3,4,4,4,5,"1,2,3,4,5,6,7,8,9,10",10,"5,6,7",,5,5,5,5,3,3,2,1,5,2,2,5,1,3,2,5,2,5,2,3,1,5,2,3,1,4,5,5,5,4,2,2,4,5,4,5,5,5,5,5,5,5,4,5,4,5,5,5Custom Value
12/07/2026 15:22,12/07/2026 15:27,0,100,305,1,12/07/2026 15:27,R_PURje7TvODq8CXL,anonymous,EN,1,,"1,2,3",1,21,4,5,,4,5,5,1,3,5,"1,4",8,"1,5,9",,3,3,4,4,1,4,4,4,4,3,2,5,2,5,2,5,2,5,1,5,1,5,2,5,2,5,3,3,4,3,4,4,4,3,3,3,4,4,3,4,4,4,4,4,5,4,6,6Custom Value
12/07/2026 15:15,12/07/2026 15:28,0,100,816,1,12/07/2026 15:28,R_2AYhYxEGRm6wrbw,anonymous,EN,1,,"1,2,3",1,19,2,7,,3,5,5,5,5,3,"1,3,4,9,10",4,"1,3,7",,3,2,3,5,1,2,3,1,4,2,2,1,1,5,2,4,2,5,1,5,1,3,1,5,1,4,5,4,5,4,1,2,1,4,2,5,5,5,2,2,1,1,4,5,4,5,7,7Custom Value
12/07/2026 15:17,12/07/2026 15:28,0,100,691,1,12/07/2026 15:28,R_1l9PSmGq3fKu4O2,anonymous,EN,1,,"1,2,3",2,19,3,10,,4,4,4,4,5,5,"1,4,7,8,9,10",10,"5,7,10",,4,5,5,5,2,4,5,4,4,2,2,2,2,2,1,3,2,3,1,3,2,3,1,2,1,3,1,1,1,1,4,4,5,4,4,5,5,5,4,2,2,2,4,4,4,5,6,6Custom Value
12/07/2026 15:19,12/07/2026 15:29,0,100,591,1,12/07/2026 15:29,R_4Jf2TzPhmd84gHD,anonymous,EN,0.899999976,,"1,2,3",2,18,1,11,,3,1,4,1,2,4,"1,5",12,"5,7,8",,5,4,4,5,2,3,4,2,3,2,2,5,2,4,1,5,2,5,1,5,1,4,1,5,2,5,5,5,5,4,4,4,2,3,2,4,4,4,4,2,3,2,1,1,4,4,6,6Custom Value
12/07/2026 15:14,12/07/2026 15:31,0,100,1016,1,12/07/2026 15:31,R_277mzvWl691GzIx,anonymous,EN,0.400000006,,"1,2,3",2,22,3,9,,4,2,3,3,3,4,"1,3,4,7,8",4,"1,5,7",,5,3,3,4,2,3,3,3,4,2,2,5,1,5,1,5,2,5,1,5,1,5,1,5,1,5,5,4,5,4,4,5,4,5,4,4,4,5,5,4,4,5,4,2,2,5,6,6Custom Value
12/07/2026 15:24,12/07/2026 15:32,0,100,473,1,12/07/2026 15:32,R_TaZjiWZz2WY4yzL,anonymous,EN,0.800000012,,"1,2,3",2,19,3,4,,4,4,4,3,3,5,"1,4,6,7,8,9,10",12,"5,6,7",,5,4,4,5,2,3,4,3,4,2,2,4,2,4,1,3,2,5,1,4,1,3,1,4,1,3,4,4,5,3,3,2,3,4,3,5,5,5,5,3,3,3,5,4,4,5,7,7Custom Value
12/07/2026 15:26,12/07/2026 15:34,0,100,462,1,12/07/2026 15:34,R_3sjn981MR3pHCcb,anonymous,EN,1,,"1,2,3",3,18,1,11,,3,2,1,3,1,2,"1,2,7",6,"2,3,5",,3,3,2,4,2,2,2,2,4,2,2,5,1,5,1,5,2,5,1,5,2,4,1,5,1,2,5,5,5,4,2,1,2,5,5,5,5,5,5,1,4,1,2,2,1,5,5,5Custom Value
12/07/2026 15:10,12/07/2026 15:19,0,100,495,1,12/07/2026 15:34,R_1oiIHJZabO9HWga,anonymous,EN,0.600000024,,"1,2,3",2,23,3,7,,4,3,5,3,3,4,"1,3,4,5,6,7,8,9",6,"1,6,7",,4,4,4,4,3,3,3,2,4,2,2,5,2,4,1,2,2,5,1,3,1,3,1,3,1,3,5,5,4,4,3,3,2,4,3,5,5,5,2,2,2,1,4,4,3,5,7,7Custom Value
12/07/2026 15:23,12/07/2026 15:34,0,100,661,1,12/07/2026 15:34,R_31N0U4na77vxmkm,anonymous,EN,0.800000012,,"1,2,3",2,20,3,9,,5,5,5,5,4,4,"1,3,4,5,6,7,8,9,10",8,"4,5,7",,5,5,4,5,2,4,5,4,5,2,2,4,2,4,2,4,2,4,1,4,2,3,2,4,1,3,5,4,5,5,4,5,3,5,4,5,5,5,3,3,3,3,5,4,3,5,6,6Custom Value
12/07/2026 15:25,12/07/2026 15:35,0,100,630,1,12/07/2026 15:35,R_1JKfyEEOnVSOxOn,anonymous,EN,0.400000006,,"1,2,3",2,20,2,10,,3,2,2,1,2,3,"1,4,7",3,"1,5,7",,3,3,3,4,2,2,3,3,4,2,1,2,1,3,1,3,2,4,1,4,1,3,1,3,1,2,5,5,5,5,1,4,4,4,4,4,4,5,4,1,1,1,4,3,4,5,5,5Custom Value
12/07/2026 15:21,12/07/2026 15:36,0,100,866,1,12/07/2026 15:36,R_3iW6rnFPqipnPoB,anonymous,EN,1,,"1,2,3",2,18,1,10,,5,3,4,5,5,5,"1,3,4,5,6,7,8,9,10",12,"1,5,7",,5,4,5,5,1,1,5,2,4,2,2,5,1,3,2,3,2,5,1,5,1,3,1,4,1,3,5,5,5,5,2,5,2,5,4,5,5,5,5,4,3,2,4,4,2,5,7,7Custom Value
12/07/2026 15:29,12/07/2026 15:36,0,100,439,1,12/07/2026 15:36,R_3lRlbbbvAFpoR62,anonymous,EN,1,,"1,2,3",2,19,2,2,,4,3,5,5,4,4,"1,3,6,7",12,"1,5,7",,4,4,3,5,2,2,3,2,2,2,2,2,2,2,2,2,2,3,1,2,1,2,1,2,2,3,5,4,4,5,4,4,4,5,4,5,4,4,5,2,3,2,4,5,3,5,7,7Custom Value
12/07/2026 15:30,12/07/2026 15:38,0,100,461,1,12/07/2026 15:38,R_Uu5vMeiJXIzREYx,anonymous,EN,1,,"1,2,3",1,20,2,3,,4,4,4,4,4,4,"1,4,7,10",3,"1,4,5",,4,3,4,4,1,2,2,3,4,2,2,4,1,1,1,3,1,2,1,3,2,1,2,1,1,3,5,4,5,5,2,3,3,4,2,5,5,5,4,4,5,4,4,4,5,5,3,3Custom Value
12/07/2026 15:32,12/07/2026 15:40,0,100,429,1,12/07/2026 15:40,R_1M6BtcqG1YxCqVM,anonymous,EN,0.899999976,,"1,2,3",2,21,4,4,,5,3,3,4,2,5,"1,3,4,7,8,10",10,"4,5,7",,4,4,5,4,2,2,2,2,3,2,1,3,2,3,2,2,2,2,2,5,2,3,1,2,2,3,4,4,3,5,3,3,2,5,3,4,3,5,3,3,3,3,4,4,3,5,4,4Custom Value
12/07/2026 15:29,12/07/2026 15:40,0,100,687,1,12/07/2026 15:40,R_3Kqzd1nelMkwb3H,anonymous,EN,1,,"1,2,3",2,20,2,4,,5,1,4,3,5,4,"1,3,4,5,6,7,8,9,10",5,"3,6,7",,2,2,2,4,1,2,2,2,2,2,2,3,2,3,2,4,2,4,1,4,1,5,1,3,1,4,5,5,4,5,2,2,3,5,2,5,5,5,4,4,4,4,5,5,4,5,8,8Custom Value
12/07/2026 15:35,12/07/2026 15:41,0,100,363,1,12/07/2026 15:41,R_2Y4jWIcsgYeWQIM,anonymous,EN,1,TRUE,"1,2,3",2,20,2,4,,4,4,4,5,5,4,"1,4,6,7,8,9,10",9,"1,2,3",,4,5,3,5,2,3,4,2,4,2,2,4,2,4,1,3,2,5,1,4,1,4,1,3,1,3,4,4,5,5,3,3,4,5,3,5,5,5,5,3,3,3,5,4,4,5,7,7Custom Value
12/07/2026 15:34,12/07/2026 15:41,0,100,446,1,12/07/2026 15:41,R_09dCKRSeZ9j7UDD,anonymous,EN,0.699999988,,"1,2,3",1,19,2,4,,3,3,4,3,4,4,"1,2,3,4,5,6,7,8,9,10",8,"1,7,9",,4,3,4,3,2,2,3,3,4,2,2,5,1,4,1,3,2,2,1,3,1,2,1,2,1,2,5,5,5,3,2,2,2,5,2,5,5,5,1,1,1,1,5,5,5,5,6,6Custom Value
12/07/2026 15:30,12/07/2026 15:42,0,100,710,1,12/07/2026 15:42,R_24oPEi4AZzlb5yE,anonymous,EN,0.5,,"1,2,3",2,25,5,5,,4,5,5,4,4,4,"1,4,7,8,10",12,"1,5,6",,4,4,4,4,2,2,2,2,3,2,2,5,2,2,2,2,2,2,1,2,1,2,2,2,1,2,5,4,4,5,2,2,4,4,4,4,3,3,5,2,4,1,1,1,2,1,7,7Custom Value
12/07/2026 15:37,12/07/2026 15:47,0,100,559,1,12/07/2026 15:47,R_1FxoTlu1TAMuDpF,anonymous,EN,1,,"1,2,3",2,20,3,7,,4,3,5,4,4,4,"1,4,5,7,8,9",5,"1,5,6",,4,3,3,4,2,2,2,2,4,2,2,3,1,2,2,2,2,3,1,3,1,3,1,3,1,3,5,5,5,3,3,4,4,5,4,4,5,5,4,2,3,3,4,4,3,4,7,7Custom Value
12/07/2026 15:27,12/07/2026 15:47,0,100,1178,1,12/07/2026 15:47,R_3LdpFciWNtTuwhT,anonymous,EN,,,"1,2,3",2,22,3,6,,4,3,4,3,5,5,"1,4,6,7,9",10,"1,5,7",,5,3,3,5,1,2,4,2,4,2,2,2,1,2,2,5,2,2,1,3,1,3,2,1,2,3,5,4,4,5,1,2,1,4,1,4,4,4,4,2,2,2,5,5,4,5,5,5Custom Value
12/07/2026 15:40,12/07/2026 15:47,0,100,451,1,12/07/2026 15:47,R_1OBp2OHFYduMjGB,anonymous,EN,0.300000012,,"1,2,3",1,20,3,2,,4,3,5,3,3,4,"1,3,4,5,7,8,9,10",9,"5,7,9",,4,4,2,4,1,4,4,3,5,2,2,5,2,5,2,5,2,5,1,5,1,5,1,5,1,4,5,5,5,5,4,4,4,5,4,5,5,5,4,3,5,2,4,5,4,5,8,8Custom Value
12/07/2026 15:41,12/07/2026 15:51,0,100,561,1,12/07/2026 15:51,R_eP5796de5OaaW5z,anonymous,EN,1,,"1,2,3",2,22,4,7,,3,2,4,4,1,4,"1,3,4,7,8,9,10",12,"3,5,7",,3,2,4,3,2,2,2,4,2,2,2,4,2,4,2,4,2,5,1,4,1,2,1,3,1,5,5,4,5,4,2,4,2,4,5,5,5,5,4,2,2,2,3,4,3,5,8,8Custom Value
12/07/2026 15:45,12/07/2026 15:51,0,100,363,1,12/07/2026 15:51,R_3FLJAbzssumR14i,anonymous,EN,0.899999976,,"1,2,3",2,20,3,9,,5,3,4,4,5,5,"1,2,3,4,5,7,9",6,"1,3,5",,4,4,5,3,1,3,3,2,3,2,2,5,1,2,2,3,2,5,1,5,1,2,2,2,2,3,4,5,4,5,2,4,4,5,4,4,2,4,5,2,2,2,5,5,4,5,5,5Custom Value
12/07/2026 15:42,12/07/2026 15:51,0,100,572,1,12/07/2026 15:51,R_3D8vIziI9cBirDb,anonymous,EN,1,,"1,2,3",1,20,3,10,,3,3,4,3,3,3,"1,4,10",4,"1,2,7",,3,2,3,4,2,2,2,1,4,2,2,4,2,2,2,4,2,4,1,4,1,3,2,3,1,3,5,4,4,4,2,2,3,5,4,4,4,5,3,3,4,2,3,3,3,4,7,7Custom Value
12/07/2026 15:45,12/07/2026 15:52,0,100,416,1,12/07/2026 15:52,R_zUy69xXvm2sIrJv,anonymous,EN,1,,"1,2,3",2,19,2,4,,5,3,3,4,4,3,"1,2,3,4,5,6,7,8,9,10",8,"1,5,7",,4,2,3,4,3,3,3,3,1,2,2,3,2,4,2,2,2,2,1,3,1,4,1,3,1,2,4,4,5,4,4,3,4,4,4,4,4,4,4,4,4,4,4,4,4,4,8,8Custom Value
12/07/2026 15:41,12/07/2026 15:53,0,100,689,1,12/07/2026 15:53,R_1OCCY5HfHbNCtDm,anonymous,EN,1,,"1,2,3",2,21,3,11,,5,5,5,5,3,5,"1,3,4,5,6,7,8,9,10",10,"1,5,7",,5,3,5,5,4,4,5,3,4,2,2,5,2,5,2,5,2,5,1,3,1,5,2,4,1,5,5,3,4,5,5,5,5,5,5,5,5,5,5,2,4,3,5,5,5,5,7,7Custom Value
12/07/2026 15:26,12/07/2026 15:56,0,100,1805,1,12/07/2026 15:56,R_2aEbl9GGxt5EiHL,anonymous,EN,0.899999976,,"1,2,3",2,18,1,11,,4,3,5,4,3,3,"1,2,3,4,5,6,7,8,9,10",8,"1,6,8",,4,3,2,4,3,3,4,2,1,2,2,2,2,4,1,2,1,3,2,2,2,2,1,2,1,2,5,5,5,5,5,5,5,5,5,5,5,5,3,3,4,4,4,4,4,4,4,4Custom Value
12/07/2026 15:55,12/07/2026 16:04,0,100,582,1,12/07/2026 16:04,R_278u0YWSeA1TFSv,anonymous,EN,1,,"1,2,3",2,18,1,7,,4,2,3,3,2,3,"1,3,4,8,10",8,"1,5,7",,3,2,2,2,2,2,3,2,4,2,2,4,2,3,2,4,2,4,1,2,1,2,1,3,1,3,5,5,5,5,3,3,3,3,2,5,5,5,4,4,3,3,3,3,3,5,8,8Custom Value
12/07/2026 15:54,12/07/2026 16:06,0,100,744,1,12/07/2026 16:07,R_z0Uatrb3Dwx5kS5,anonymous,EN,1,,"1,2,3",1,20,2,4,,4,2,2,5,4,5,"1,3,4,5,7,8,9,10",5,"1,2,10",,2,3,4,4,1,2,2,2,5,2,1,5,2,4,2,2,2,5,1,4,1,4,2,4,2,5,5,5,5,5,1,2,3,4,4,5,5,5,3,2,2,1,3,4,3,5,5,5Custom Value
12/07/2026 15:30,12/07/2026 16:07,0,100,2201,1,12/07/2026 16:07,R_3NVcCHuyDslUCTH,anonymous,EN,0.300000012,,"1,2,3",1,19,2,2,,4,3,4,4,3,4,"1,3,4,6,7,9,10",8,"2,9,10",,5,3,3,5,1,3,3,2,4,2,2,5,1,5,2,4,1,4,1,5,1,2,2,4,2,4,5,4,4,5,4,4,4,4,4,5,4,5,4,4,4,4,4,5,4,5,4,4Custom Value
12/07/2026 15:56,12/07/2026 16:07,0,100,660,1,12/07/2026 16:07,R_2Qu3INs3IA4oECK,anonymous,EN,1,,"1,2,3",2,19,2,3,,5,4,4,4,4,5,"1,3,4,7,9,10",12,"5,7,9",,5,4,5,4,3,3,5,4,4,2,2,5,2,2,2,2,2,5,1,2,1,3,1,2,1,3,5,5,5,5,4,5,4,5,3,5,5,5,5,3,2,3,5,5,5,5,8,8Custom Value
12/07/2026 16:00,12/07/2026 16:10,0,100,585,1,12/07/2026 16:10,R_3fNqU9aGTO94lzm,anonymous,EN,1,,"1,2,3",3,22,4,10,,5,4,4,4,3,3,"1,2,3,4,6,7,8,9,10",9,"1,7,10",,5,5,5,5,3,4,5,5,4,2,1,5,1,4,1,4,2,5,1,4,2,3,1,2,2,3,5,5,5,5,5,5,5,5,5,5,5,5,2,1,1,1,5,5,4,5,3,3Custom Value
12/07/2026 16:02,12/07/2026 16:10,0,100,473,1,12/07/2026 16:10,R_2VmzNgzlfnFVBbR,anonymous,EN,1,,"1,2,3",2,21,3,9,,5,4,5,5,5,5,"1,2,3,4,5,6,7,8,9,10",12,"1,7,9",,5,4,4,5,2,5,5,4,4,2,2,5,2,4,2,4,2,5,1,4,1,4,2,2,1,3,5,5,4,5,5,5,4,5,4,4,4,4,5,2,2,4,4,5,3,5,7,7Custom Value
12/07/2026 16:04,12/07/2026 16:11,0,100,445,1,12/07/2026 16:11,R_xtMFvkkSmk6IMfL,anonymous,EN,1,,"1,2,3",2,19,2,4,,5,4,3,4,4,5,"1,3,4,5,6,7,8,9,10",4,"1,3,7",,4,4,4,4,2,2,2,3,5,2,2,4,2,2,2,4,2,2,2,3,1,3,2,4,2,4,5,4,4,4,2,2,1,4,2,4,4,4,5,2,1,2,5,5,3,5,5,5Custom Value
12/07/2026 16:04,12/07/2026 16:15,0,100,646,1,12/07/2026 16:15,R_3ReVbMKG93IeuJl,anonymous,EN,1,,"1,2,3",2,19,1,4,,5,2,3,2,4,5,"1,3,4,5,7,10",10,"1,3,7",,3,2,2,2,1,1,3,2,1,2,2,4,2,3,2,3,2,5,2,2,1,3,1,2,1,3,5,4,4,5,1,1,1,4,1,5,5,5,5,3,3,2,4,1,3,5,7,7Custom Value
12/07/2026 16:02,12/07/2026 16:19,0,100,963,1,12/07/2026 16:19,R_25MoPAX0wd5cXhT,anonymous,EN,1,,"1,2,3",2,20,3,4,,5,3,4,5,4,3,"1,4,5,7,10",8,"1,4,7",,4,4,5,5,3,4,3,3,4,2,2,5,2,3,2,5,2,4,1,4,1,3,2,2,1,3,4,5,4,5,4,4,3,2,4,5,5,5,2,2,3,2,5,5,4,4,7,7Custom Value
12/07/2026 16:11,12/07/2026 16:20,0,100,573,1,12/07/2026 16:20,R_3p3TTtHl9twRcej,anonymous,EN,0.5,,"1,2,3",2,20,2,2,,5,3,3,4,3,5,"1,2,3,4,5,6,7,8,9,10",9,"4,5,7",,5,4,5,5,2,2,2,2,5,2,1,2,2,2,2,5,2,5,1,3,1,4,2,2,1,2,5,5,4,4,1,1,3,4,4,5,5,5,1,1,1,2,5,5,4,5,6,6Custom Value
12/07/2026 16:16,12/07/2026 16:26,0,100,603,1,12/07/2026 16:26,R_ZqqYczFpo7X7KjD,anonymous,EN,0.100000001,,"1,2,3",1,20,3,3,,3,2,4,4,2,3,"1,4,7,9",7,"1,7,9",,5,3,2,4,1,2,2,2,4,2,2,2,1,1,2,1,2,1,1,3,1,3,2,1,1,3,5,4,5,3,1,1,1,5,1,5,5,4,2,3,1,2,5,5,3,5,6,6Custom Value
12/07/2026 16:13,12/07/2026 16:26,0,100,824,1,12/07/2026 16:27,R_2aUbyqzSqXJsM7f,anonymous,EN,1,,"1,2,3",2,19,1,6,,4,4,5,1,2,4,"1,4,7,8,9",10,"5,7,10",,5,5,5,5,1,3,5,3,4,2,2,5,2,5,2,5,2,5,1,5,2,5,1,5,1,5,5,5,5,5,5,5,2,2,2,5,5,4,1,1,1,2,5,5,4,5,7,7Custom Value
12/07/2026 16:23,12/07/2026 16:28,0,100,320,1,12/07/2026 16:28,R_1DvwXwvtMY9pl3E,anonymous,EN,1,,"1,2,3",2,20,2,6,,3,5,2,3,2,4,"1,3,5",12,"1,5,7",,4,4,3,5,2,3,3,3,2,3,1,3,2,4,1,5,2,5,1,3,2,4,1,3,1,3,4,4,3,5,3,4,4,4,4,3,3,3,3,3,2,2,3,4,3,3,5,5Custom Value
12/07/2026 16:13,12/07/2026 16:28,0,100,878,1,12/07/2026 16:28,R_TheX40vgOdW0bAJ,anonymous,EN,1,,"1,2,3",2,18,1,5,,5,2,4,2,4,5,"1,3,4,7,9",12,"1,3,5",,5,5,3,4,1,4,4,4,4,2,2,5,2,3,2,5,2,5,1,5,1,5,1,3,1,5,5,5,4,5,1,1,4,5,5,5,5,5,4,2,3,2,3,4,4,5,8,8Custom Value
12/07/2026 16:25,12/07/2026 16:32,0,100,411,1,12/07/2026 16:32,R_3iqZjU5rsYLvws8,anonymous,EN,1,,"1,2,3",1,23,4,8,,4,2,2,4,3,4,"1,4,7,10",8,"1,4,5",,4,4,3,4,2,1,4,4,4,2,2,4,1,3,1,3,2,5,1,4,2,3,1,3,1,3,4,5,5,4,2,3,4,4,4,5,5,5,4,2,2,2,4,4,4,4,5,5Custom Value
12/07/2026 16:24,12/07/2026 16:33,0,100,556,1,12/07/2026 16:33,R_AN9rPeHSkEMIPh7,anonymous,EN,0.800000012,,"1,2,3",2,22,3,2,,3,4,4,4,4,4,"1,4,6,7",7,"1,5,7",,4,4,4,4,2,2,2,2,2,2,2,3,1,2,1,2,2,3,1,3,1,3,2,2,1,2,4,4,4,4,3,3,3,3,3,4,3,4,3,3,3,3,3,4,4,4,5,5Custom Value
12/07/2026 16:23,12/07/2026 16:33,0,100,607,1,12/07/2026 16:33,R_2cCLsnDpkHyr6V2,anonymous,EN,0.899999976,,"1,2,3",2,21,3,5,,5,3,3,4,4,4,"1,4,6,7,8,9,10",7,"1,5,7",,5,4,4,4,3,3,4,3,2,2,2,3,1,3,1,2,2,2,1,3,1,3,2,2,1,3,5,4,5,5,4,4,4,5,4,5,5,5,4,3,3,3,3,3,4,5,5,5Custom Value
12/07/2026 16:28,12/07/2026 16:34,0,100,364,1,12/07/2026 16:34,R_2SpCdbvsSv5deiQ,anonymous,EN,1,,"1,2,3",2,20,3,6,,3,3,3,2,4,4,"1,3,4,7,8,9,10",8,"4,5,7",,3,2,2,2,2,2,2,2,4,2,2,2,1,4,1,4,2,5,1,4,1,4,1,4,1,3,4,4,5,5,2,2,1,4,1,5,5,5,2,2,1,3,5,5,3,5,6,6Custom Value
12/07/2026 16:32,12/07/2026 16:39,0,100,458,1,12/07/2026 16:39,R_4NPnauniIUdjmVP,anonymous,EN,1,,"1,2,3",2,18,1,10,,5,2,3,2,1,2,"4,7,10",7,"1,2,5",,2,3,5,3,1,4,4,4,2,2,2,5,1,5,2,5,2,5,1,5,1,2,2,5,2,2,5,5,5,5,5,5,3,3,4,4,5,3,5,4,4,4,4,4,4,4,5,5Custom Value
12/07/2026 16:33,12/07/2026 16:40,0,100,438,1,12/07/2026 16:40,R_1i50cIPkKe1SeXX,anonymous,EN,1,,"1,2,3",1,18,1,3,,5,5,4,2,4,5,"1,4,5,6,7,8,9,10",7,"3,4,6",,5,4,2,5,2,4,2,2,1,2,2,4,2,2,2,2,2,1,1,4,1,3,2,3,1,3,5,4,4,5,2,2,4,4,4,5,4,3,2,2,3,4,3,2,4,2,7,7Custom Value
12/07/2026 16:35,12/07/2026 16:41,0,100,369,1,12/07/2026 16:41,R_1ooH4jLiRs3PEQz,anonymous,EN,0.5,,"1,2,3",1,19,1,10,,4,3,4,3,4,4,"1,2,4,6,7,9,10",3,"1,2,5",,4,4,4,4,3,3,4,4,3,3,1,5,2,4,2,5,2,5,1,3,1,4,2,5,1,3,4,4,4,4,4,4,3,4,4,4,4,4,5,3,3,3,3,3,3,4,6,6Custom Value
12/07/2026 16:26,12/07/2026 16:42,0,100,958,1,12/07/2026 16:42,R_UtC886gjTTLBE3f,anonymous,EN,0.400000006,,"1,2,3",2,19,1,2,,4,2,3,2,3,4,"1,3,4,5,7,8,10",7,"2,4,5",,3,2,4,4,2,2,3,3,4,2,2,5,2,5,2,5,2,5,1,5,1,3,2,5,1,4,4,4,4,5,2,2,2,4,2,5,4,5,3,2,3,2,2,2,4,4,7,7Custom Value
12/07/2026 16:27,12/07/2026 16:46,0,100,1180,1,12/07/2026 16:46,R_OqDMiqHENhC7qAF,anonymous,EN,1,,"1,2,3",2,20,2,2,,4,3,4,4,4,4,"1,3,4,5,6,7,8,9,10",10,"1,5,7",,4,4,5,5,2,2,3,2,3,2,2,4,2,2,1,3,2,4,1,3,1,3,1,3,1,3,5,5,5,4,4,4,4,4,4,5,5,5,2,2,2,2,4,4,4,5,7,7Custom Value
12/07/2026 16:35,12/07/2026 16:47,0,100,704,1,12/07/2026 16:47,R_0weocQYVZcZQRyh,anonymous,EN,1,,"1,2,3",2,19,1,5,,3,2,2,3,2,3,"1,2,4,7,9",5,"1,4,5",,3,3,3,2,4,3,4,1,4,2,2,3,2,3,2,5,2,5,1,5,1,4,1,4,1,4,5,4,5,5,2,1,2,4,3,5,5,5,5,2,3,3,4,4,2,4,8,8Custom Value
12/07/2026 16:43,12/07/2026 16:52,0,100,529,1,12/07/2026 16:52,R_3HYWFhUD2AHQmF7,anonymous,EN,1,,"1,2,3",2,18,1,9,,5,3,4,4,3,5,"1,3,4,5,7,9",8,"1,3,5",,4,4,4,4,2,2,4,3,3,2,2,4,2,5,2,2,2,1,1,4,1,3,2,3,2,3,5,5,4,4,3,4,4,4,3,5,5,5,5,2,3,3,3,5,4,5,6,6Custom Value
12/07/2026 16:42,12/07/2026 16:54,0,100,734,1,12/07/2026 16:54,R_3rH80sStWaZ7MVV,anonymous,EN,0.899999976,,"1,2,3",2,20,3,6,,4,3,5,4,4,5,"1,4,6,7,8,10",12,"5,6,7",,5,4,4,5,3,3,4,3,4,2,2,5,1,3,2,4,2,4,1,4,1,5,1,5,1,4,5,4,5,5,3,4,3,3,2,3,4,4,1,3,2,3,3,4,3,5,7,7Custom Value
12/07/2026 16:40,12/07/2026 16:55,0,100,912,1,12/07/2026 16:55,R_2OU97ZKoXVthkDy,anonymous,EN,0.899999976,,"1,2,3",2,19,1,9,,5,4,4,4,5,5,"1,4,6,7,10",5,"1,5,7",,4,4,3,5,1,2,2,3,4,2,2,4,2,3,2,3,2,4,1,5,1,4,1,2,1,4,5,5,5,5,1,2,3,3,3,5,5,5,4,3,4,3,2,3,2,5,8,8Custom Value
12/07/2026 16:51,12/07/2026 16:59,0,100,478,1,12/07/2026 16:59,R_2VjXBZs5BAmzPkR,anonymous,EN,0.400000006,,"1,2,3",2,21,3,5,,5,4,4,3,4,4,4,6,"2,7,9",,4,4,4,4,1,4,4,2,5,2,2,2,2,1,1,2,2,4,1,1,1,1,1,2,2,2,4,4,4,4,3,3,3,4,4,4,3,4,2,2,3,3,5,3,3,3,6,6Custom Value
12/07/2026 16:39,12/07/2026 17:01,0,100,1364,1,12/07/2026 17:01,R_3fMItDIbGb8X0WC,anonymous,EN,,,"1,2,3",2,19,2,5,,2,1,4,3,4,5,"1,3,4,6,8,9,10",8,"1,3,5",,3,2,2,3,3,3,4,5,4,2,1,1,1,2,2,2,2,3,1,5,1,2,1,5,1,2,5,5,4,5,3,3,5,4,4,5,5,5,3,3,3,3,3,4,2,4,6,6Custom Value
12/07/2026 16:54,12/07/2026 17:02,0,100,458,1,12/07/2026 17:02,R_5bblhSevlolQsrD,anonymous,EN,1,,"1,2,3",2,18,1,9,,5,4,5,4,4,4,"1,4,6,7,8,9,10",10,"1,5,7",,5,4,5,5,3,3,4,4,4,2,2,4,2,2,2,2,2,3,1,2,2,1,1,1,2,3,5,4,4,5,4,5,4,4,4,4,5,4,1,2,2,3,4,5,4,5,6,6Custom Value
12/07/2026 16:55,12/07/2026 17:05,0,100,621,1,12/07/2026 17:05,R_2cvlKTlJd701Qmz,anonymous,EN,0,,"1,2,3",2,19,2,10,,4,4,4,3,4,4,"1,4,6,7,8,10",12,"3,5,7",,2,3,4,4,1,2,2,1,4,2,2,3,1,2,2,2,2,3,1,2,1,2,1,2,1,3,5,4,4,5,2,2,1,4,1,5,3,5,4,3,3,3,3,3,4,4,7,7Custom Value
12/07/2026 16:55,12/07/2026 17:07,0,100,725,1,12/07/2026 17:07,R_DH2OvZFxRGhysaR,anonymous,EN,1,,"1,2,3",3,20,2,2,,4,4,2,3,4,4,"4,8,9,10",11,"2,5,9",,4,3,4,4,1,2,2,3,4,2,2,5,2,1,1,4,2,5,1,4,1,3,1,3,1,1,5,4,4,4,2,3,3,4,3,5,4,4,4,1,1,2,5,3,4,5,7,7Custom Value
12/07/2026 16:56,12/07/2026 17:07,0,100,645,1,12/07/2026 17:07,R_s50VRGrur2TxbHj,anonymous,EN,0.200000003,,"1,2,3",2,22,4,2,,5,4,4,3,3,4,"1,2,3,4,5,6,7,8,9,10",8,"1,5,7",,5,5,4,4,3,3,4,4,3,2,1,4,2,4,1,4,2,5,2,3,1,2,2,4,2,3,5,5,5,5,4,4,4,5,4,5,5,5,4,4,4,4,4,4,4,4,3,3Custom Value
12/07/2026 17:01,12/07/2026 17:11,0,100,582,1,12/07/2026 17:11,R_1f9nSZI1X92cgNo,anonymous,EN,0.899999976,,"1,2,3",2,18,2,4,,4,2,2,3,3,5,"1,4,6,7,10",9,"5,7,10",,4,4,3,4,5,5,5,4,3,2,2,5,2,2,1,2,2,4,1,4,2,3,1,4,1,4,5,4,5,5,4,4,3,5,4,5,5,5,3,4,3,2,3,3,2,3,6,6Custom Value
12/07/2026 17:06,12/07/2026 17:12,0,100,397,1,12/07/2026 17:12,R_1hW5tlHcrtiXaNk,anonymous,EN,1,,"1,2,3",2,18,1,9,,3,3,2,3,2,3,3,5,"1,5,9",,2,2,3,3,2,4,2,2,3,1,1,3,2,2,2,4,2,2,1,3,2,2,2,2,1,2,5,4,5,5,3,3,3,5,4,5,5,5,3,2,1,1,3,3,3,5,5,5Custom Value
12/07/2026 17:02,12/07/2026 17:12,0,100,634,1,12/07/2026 17:12,R_qWbf2ubHKwOxGbD,anonymous,EN,0.899999976,,"1,2,3",2,19,2,7,,4,5,5,5,4,4,"1,4,6,7,8,9,10",9,"5,6,7",,2,2,5,4,2,4,3,3,3,2,2,5,2,4,2,5,2,5,2,3,2,5,2,5,2,5,5,4,5,5,2,1,4,5,4,5,5,5,4,1,1,1,4,5,3,5,4,4Custom Value
12/07/2026 17:05,12/07/2026 17:18,0,100,795,1,12/07/2026 17:18,R_1Pcnw9uFzbhKmH6,anonymous,EN,1,,"1,2,3",2,21,4,5,,4,3,4,4,3,5,"1,4,7,8,9",12,"5,6,7",,5,4,5,5,5,4,5,4,3,2,1,5,2,4,1,2,2,5,1,4,1,2,1,3,2,1,5,4,5,3,4,4,3,4,4,4,5,5,3,3,2,3,4,4,4,4,5,5Custom Value
12/07/2026 17:11,12/07/2026 17:24,0,100,824,1,12/07/2026 17:24,R_3C6qnDulm92p517,anonymous,EN,1,,"1,2,3",2,20,3,11,,4,5,5,3,3,3,"1,3,4,5,7,8,9,10",12,"1,2,5",,5,4,3,4,3,2,3,2,4,2,1,2,2,1,1,3,2,2,1,2,1,3,2,1,1,2,5,5,5,4,2,2,2,5,3,5,5,5,4,3,2,3,3,3,4,5,5,5Custom Value
12/07/2026 17:18,12/07/2026 17:33,0,100,902,1,12/07/2026 17:33,R_2pMovDKv4JQu3n6,anonymous,EN,0.699999988,,"1,2,3",2,21,2,4,,4,4,4,4,4,4,"1,3,4,7,9,10",5,"1,5,7",,5,5,5,5,2,2,2,2,5,2,2,4,2,2,2,4,2,5,1,3,2,2,1,2,1,3,5,5,5,5,4,4,2,4,2,5,4,5,4,3,4,2,5,4,4,5,7,7Custom Value
12/07/2026 17:30,12/07/2026 17:39,0,100,518,1,12/07/2026 17:39,R_2bG2wYAZz5csITf,anonymous,EN,0.400000006,,"1,2,3",2,19,2,9,,5,3,3,2,4,5,"1,4,7,8,9,10",8,"2,5,7",,3,4,2,3,1,2,2,2,4,2,2,2,2,2,2,1,2,5,1,2,1,2,1,2,1,2,4,4,4,4,2,4,2,4,2,4,4,4,3,4,4,3,4,2,2,4,8,8Custom Value
12/07/2026 17:27,12/07/2026 17:39,0,100,730,1,12/07/2026 17:39,R_vrDskcjy2iLDFAZ,anonymous,EN,0.899999976,,"1,2,3",2,18,1,11,,5,4,5,4,5,5,1,10,"1,4,5",,5,5,5,5,2,2,1,3,5,3,2,5,2,5,2,5,2,5,1,5,1,5,1,5,1,5,5,5,5,5,5,5,5,5,5,5,5,5,5,5,5,5,5,5,5,5,8,8Custom Value
12/07/2026 17:30,12/07/2026 17:43,0,100,736,1,12/07/2026 17:43,R_5b9rzSInUAGUCFH,anonymous,EN,0.300000012,,"1,2,3",2,19,2,9,,4,2,3,3,4,4,"1,2,3,4,5,6,7,8,9,10",8,"1,5,7",,4,4,4,3,3,3,4,2,4,2,2,2,2,2,2,3,2,3,1,3,1,4,1,4,1,4,5,5,4,5,4,4,4,5,3,5,5,5,2,3,2,2,4,3,4,4,8,8Custom Value
12/07/2026 17:41,12/07/2026 17:54,0,100,806,1,12/07/2026 17:54,R_3nAv7NO4R4kO4Rj,anonymous,EN,0.899999976,,"1,2,3",4,19,1,9,,5,4,4,5,4,4,"1,4,5,6,7,8,10",6,"1,5,7",,4,4,4,4,2,3,3,3,4,2,2,1,1,2,2,2,2,2,1,3,1,3,1,2,1,2,5,5,4,4,4,4,4,4,3,4,4,4,4,2,2,3,4,4,2,5,7,7Custom Value
12/07/2026 17:44,12/07/2026 17:54,0,100,591,1,12/07/2026 17:54,R_3PXMt9ozuaEOnNI,anonymous,EN,0.400000006,,"1,2,3",2,20,3,3,,3,3,2,2,3,3,"1,3,4,5,7,8,9,10",4,"1,5,7",,3,4,4,4,1,2,2,2,5,2,2,2,1,3,2,4,2,4,1,5,1,4,2,4,1,3,5,5,5,5,3,4,4,5,3,5,5,5,4,2,3,2,3,4,3,5,6,6Custom Value
12/07/2026 18:15,12/07/2026 18:23,0,100,462,1,12/07/2026 18:23,R_6lHQAXawRN9yv61,anonymous,EN,0.400000006,,"1,2,3",1,19,3,6,,4,3,4,4,4,3,"1,3,4,5,6,7,8,9,10",6,"2,7,10",,4,4,5,5,1,2,4,4,3,2,2,5,1,2,2,3,2,5,1,4,1,4,1,4,2,3,5,5,5,4,5,5,5,4,4,4,4,4,5,4,4,2,4,5,4,4,6,6Custom Value
12/07/2026 18:13,12/07/2026 18:24,0,100,670,1,12/07/2026 18:24,R_3n2fvIbrkYiQHCG,anonymous,EN,1,,"1,2,3",1,21,3,7,,1,1,1,3,2,1,"1,3,4,7,8,9,10",3,"1,5,7",,2,2,3,2,1,2,2,2,3,2,2,3,1,4,2,4,2,4,1,4,2,3,2,5,2,3,5,5,5,5,2,2,2,5,4,5,5,5,5,1,1,1,5,5,1,5,4,4Custom Value
12/07/2026 18:15,12/07/2026 18:25,0,100,624,1,12/07/2026 18:25,R_2sTP5VfV30aUKvn,anonymous,EN,1,,"1,2,3",2,22,4,11,,4,3,5,3,4,4,"1,4,7,9",12,"1,2,7",,3,3,4,4,1,2,2,2,5,2,2,3,2,2,2,3,2,4,1,4,2,2,1,3,1,3,5,5,5,5,2,2,2,4,3,4,4,5,4,2,2,2,4,4,3,5,7,7Custom Value
12/07/2026 17:52,12/07/2026 18:28,0,100,2158,1,12/07/2026 18:28,R_29cr1Y8jlHfPxuH,anonymous,EN,0.800000012,,"1,2,3",4,20,2,9,,3,4,2,2,4,3,"1,3,4,5,7,8,9,10",12,"2,4,7",,3,4,4,3,2,2,3,2,3,2,2,1,2,2,2,2,2,1,1,3,1,2,2,4,1,3,5,4,4,4,2,4,1,5,3,4,4,5,3,2,2,2,3,3,3,5,7,7Custom Value
12/07/2026 18:24,12/07/2026 18:31,0,100,374,1,12/07/2026 18:31,R_1igGWcoXZHYqW08,anonymous,EN,0.300000012,,"1,2,3",1,19,2,1,,4,4,4,2,3,2,"1,2,4,8",4,"1,5,9",,3,2,3,3,1,2,3,2,5,2,2,4,1,2,1,2,2,5,1,2,1,3,1,2,1,2,5,5,5,5,4,4,3,4,4,4,3,4,5,5,5,5,5,5,3,5,6,6Custom Value
12/07/2026 18:29,12/07/2026 18:39,0,100,615,1,12/07/2026 18:39,R_1E04Wl7MtdRQOsK,anonymous,EN,0.100000001,,"1,2,3",2,18,2,9,,5,3,5,3,3,5,"1,3,4,5,6,7,9,10",6,"1,4,7",,4,4,4,5,2,3,4,2,2,2,2,5,2,5,2,5,2,5,1,5,1,4,1,5,1,5,5,5,4,5,4,3,2,4,2,4,4,4,2,3,4,3,3,3,4,5,8,8Custom Value
12/07/2026 18:23,12/07/2026 18:41,0,100,1064,1,12/07/2026 18:41,R_2di2CJp80abJcNG,anonymous,EN,1,,"1,2,3",1,28,5,11,,3,3,4,4,4,4,"1,3,4,6,8,9,10",8,"1,7,9",,3,3,3,4,4,4,3,3,4,2,2,2,2,2,2,2,2,5,1,4,2,2,1,4,1,2,4,4,4,4,4,4,3,3,3,4,3,4,4,4,4,3,2,2,4,4,7,7Custom Value
12/07/2026 18:35,12/07/2026 18:45,0,100,609,1,12/07/2026 18:46,R_ZBGs1eqWY6HimEF,anonymous,EN,0.600000024,,"1,2,3",2,20,2,11,,4,3,2,3,3,3,"1,3,8,10",9,"5,7,10",,3,4,4,5,2,2,4,3,5,2,2,2,2,5,1,1,2,5,1,5,1,4,1,3,1,3,5,5,5,5,2,2,1,1,1,5,5,4,5,3,5,3,5,5,3,4,7,7Custom Value
12/07/2026 18:43,12/07/2026 18:55,0,100,725,1,12/07/2026 18:55,R_2QzfgZTHDsGA30S,anonymous,EN,1,,"1,2,3",2,22,3,5,,5,4,5,4,4,4,"1,4,6,7,8,9",5,"1,7,9",,3,3,2,2,1,1,2,1,4,2,2,3,1,2,1,3,2,3,1,4,1,4,1,4,1,4,5,4,4,4,2,4,4,4,3,2,4,4,2,2,2,3,4,4,3,4,6,6Custom Value
12/07/2026 18:45,12/07/2026 18:58,0,100,801,1,12/07/2026 18:58,R_2R81g0SMUvS6fAl,anonymous,EN,0.100000001,,"1,2,3",2,18,1,10,,5,3,3,2,4,4,"1,3,4,6,7,8,9,10",5,"1,2,7",,3,4,3,5,2,2,3,2,4,2,2,3,2,4,2,2,2,4,1,3,1,1,1,3,1,4,5,4,4,5,1,1,4,4,2,4,5,5,2,2,1,3,5,5,4,5,8,8Custom Value
12/07/2026 18:59,12/07/2026 19:08,0,100,581,1,12/07/2026 19:08,R_3e4vDccSIhTOF0C,anonymous,EN,1,,"1,2,3",1,21,3,11,,5,3,3,5,5,4,"1,2,3,4,7,9",10,"1,5,7",,5,5,4,5,4,4,4,3,4,2,1,5,2,2,2,5,1,5,1,4,1,2,1,3,1,4,5,5,5,5,4,4,4,4,5,5,4,4,3,3,2,4,5,4,3,5,6,6Custom Value
12/07/2026 18:59,12/07/2026 19:09,0,100,563,1,12/07/2026 19:09,R_1Lpv5kBt0EZmRKQ,anonymous,EN,0.300000012,,"1,2,3",2,18,1,5,,4,3,5,4,3,4,"1,4,7,8",9,"3,5,7",,4,4,4,5,4,2,1,2,4,2,1,3,1,3,1,5,2,4,1,4,2,4,2,4,1,3,5,4,4,5,3,3,5,4,4,5,5,5,5,4,4,3,5,4,4,5,3,3Custom Value
12/07/2026 18:56,12/07/2026 19:12,0,100,953,1,12/07/2026 19:12,R_WpSIiYD2Dv7kPp7,anonymous,EN,1,,"1,2,3",2,20,2,5,,2,3,4,2,3,5,"1,3,4,7,8,9,10",12,"1,5,7",,4,4,4,5,1,4,4,4,4,2,1,1,1,4,2,2,2,2,1,2,2,1,2,2,1,1,5,4,3,4,4,4,3,4,4,5,5,5,3,3,2,2,4,3,4,4,4,4Custom Value
12/07/2026 19:11,12/07/2026 19:19,0,100,523,1,12/07/2026 19:19,R_1loDraVGjsQiYk4,anonymous,EN,1,,"1,2,3",2,19,1,11,,2,3,4,2,2,5,"1,3,4,5,6,7,8,9,10",12,"1,2,7",,3,3,4,3,4,2,4,1,4,2,1,3,2,3,1,4,2,5,1,4,2,2,1,3,2,2,5,5,4,5,4,4,4,4,5,5,5,5,4,4,4,3,2,4,2,2,4,4Custom Value
12/07/2026 19:21,12/07/2026 19:27,0,100,335,1,12/07/2026 19:27,R_064FWqvwplacaat,anonymous,EN,1,,"1,2,3",1,22,4,11,,4,3,3,3,2,4,"1,3,4,5,6,7,8,9,10",10,"1,2,7",,3,2,4,2,1,2,1,2,5,2,1,3,1,2,2,4,2,4,1,3,2,3,2,4,2,4,5,5,5,5,1,1,4,4,4,5,5,5,5,3,3,2,5,5,4,5,3,3Custom Value
12/07/2026 20:36,12/07/2026 20:48,0,100,703,1,12/07/2026 20:48,R_1Fai5H6rB6ACabQ,anonymous,EN,0.899999976,,"1,2,3",2,21,4,11,,4,4,5,4,4,3,"1,3,4,5,6,7,8,10",8,"4,5,7",,3,2,2,3,1,2,3,2,4,2,2,3,2,5,1,2,2,5,2,1,1,3,1,3,1,4,5,4,4,5,1,1,3,4,2,5,5,5,3,2,3,3,4,4,4,4,6,6Custom Value
12/07/2026 21:18,12/07/2026 21:25,0,100,406,1,12/07/2026 21:25,R_1oANSwd1vjg51jQ,anonymous,EN,0,,"1,2,3",2,20,3,4,,2,2,2,2,1,3,"2,3,5,8,9,10",1,"1,3,7",,2,2,3,4,1,3,3,2,2,2,2,3,2,2,1,4,2,4,1,2,1,4,2,5,1,3,2,3,2,3,3,2,3,3,4,2,4,3,2,4,4,4,3,4,3,4,6,6Custom Value
12/07/2026 21:30,12/07/2026 21:45,0,100,952,1,12/07/2026 21:45,R_2dYM8k9HxiJhN9a,anonymous,EN,1,,"1,2,3",2,18,1,3,,4,4,3,3,3,4,"1,4,6,7,9",8,"5,6,7",,4,3,4,4,2,3,3,2,3,2,2,4,1,2,1,2,2,3,1,4,1,2,1,3,1,3,4,4,4,4,4,4,3,4,3,4,4,4,4,2,2,3,4,3,4,5,6,6Custom Value
12/07/2026 22:00,12/07/2026 22:07,0,100,436,1,12/07/2026 22:07,R_UaTl4kpeUnzSZwZ,anonymous,EN,1,,"1,2,3",2,20,3,9,,3,3,3,4,2,3,"4,6,7,8",5,"6,7,9",,3,3,3,4,2,2,2,2,3,2,1,4,2,3,1,3,2,4,2,3,1,3,1,2,1,2,5,4,5,4,2,2,3,2,2,5,5,5,2,1,1,1,4,5,2,5,5,5Custom Value
12/07/2026 22:09,12/07/2026 22:20,0,100,642,1,12/07/2026 22:20,R_3e7Uh8pyZNXQB0g,anonymous,EN,0.400000006,,"1,2,3",1,20,2,9,,3,2,2,3,3,4,"1,6,7,10",8,"2,3,7",,4,3,4,4,2,2,4,4,4,2,1,3,1,3,2,5,2,5,2,2,1,2,1,4,1,3,5,5,5,4,4,3,5,5,5,5,5,5,5,2,5,1,5,3,1,5,5,5Custom Value
12/07/2026 22:16,12/07/2026 22:22,0,100,362,1,12/07/2026 22:23,R_2dfIOh6tJeS4Ytq,anonymous,EN,1,,"1,2,3",2,19,2,11,,2,1,4,5,3,4,"2,5,7,9,10",8,"2,4,7",,2,2,4,4,1,2,1,1,5,2,1,2,2,2,2,5,2,5,1,2,1,1,2,2,1,5,5,5,5,5,1,1,1,1,1,5,5,5,5,3,5,3,5,5,2,5,6,6Custom Value
12/07/2026 22:21,12/07/2026 22:28,0,100,421,1,12/07/2026 22:28,R_1GJLNUsKODQAOXI,anonymous,EN,1,,"1,2,3",2,21,3,5,,5,4,5,5,4,4,"1,2,4,6,7,8,9,10",12,"2,3,5",,5,5,3,5,3,3,3,3,5,2,1,5,1,3,2,3,2,5,1,5,1,5,1,3,2,3,3,4,5,5,5,4,3,3,3,5,5,5,5,1,1,1,5,5,5,5,5,5Custom Value
12/07/2026 22:34,12/07/2026 22:46,0,100,724,1,12/07/2026 22:46,R_0kPiR4yvxl8SBJD,anonymous,EN,1,,"1,2,3",2,21,2,3,,3,4,3,3,3,4,"1,3,4,10",5,"2,4,5",,4,2,2,3,2,2,2,3,4,2,2,4,2,3,2,4,2,4,1,4,2,3,1,3,1,4,4,3,3,4,2,3,3,4,3,5,4,5,4,1,1,2,3,4,3,4,7,7Custom Value
12/07/2026 22:38,12/07/2026 22:50,0,100,706,1,12/07/2026 22:50,R_zSvWgWakVSqWY5r,anonymous,EN,1,,"1,2,3",1,20,2,4,,4,2,3,4,4,5,"1,4,7,9,10",5,"1,7,9",,4,3,4,4,1,2,4,3,4,2,1,4,2,3,2,3,2,2,1,5,1,3,1,2,2,4,5,5,5,5,2,3,2,4,4,5,5,5,4,4,2,1,4,4,4,5,6,6Custom Value
12/07/2026 23:40,12/07/2026 23:46,0,100,352,1,12/07/2026 23:46,R_2SDdjkhX2ppbqhd,anonymous,EN,0.100000001,,"1,2,3",2,19,1,11,,4,3,3,3,3,4,"1,4,8,9",12,"5,7,10",,3,3,3,3,1,3,3,3,2,2,2,2,2,3,1,2,2,2,2,1,2,2,1,2,1,2,4,4,4,4,3,3,3,3,3,3,3,3,3,3,3,3,3,3,3,3,5,5Custom Value
12/07/2026 23:51,12/07/2026 23:57,0,100,355,1,12/07/2026 23:57,R_3J9839rn4frBb30,anonymous,EN,0.899999976,,"1,2,3",2,23,6,5,,5,5,5,5,5,5,"1,3,4,5,8,9,10",5,"1,6,7",,5,5,5,5,5,5,5,5,3,2,1,5,2,4,2,4,2,4,1,4,1,2,2,4,1,4,5,4,4,4,4,4,5,5,5,5,5,5,5,2,2,4,5,4,2,5,6,6Custom Value
13/07/2026 00:03,13/07/2026 00:11,0,100,457,1,13/07/2026 00:11,R_XgMbR1NUPHqjSyl,anonymous,EN,0.100000001,,"1,2,3",1,20,3,9,,5,5,5,5,5,3,"1,4,9",12,"5,7,8",,5,5,5,5,5,5,2,2,4,2,1,2,2,2,1,4,2,5,2,2,1,4,2,5,1,3,5,4,5,4,2,4,1,5,1,4,5,5,3,3,4,2,4,5,3,5,4,4Custom Value
13/07/2026 00:16,13/07/2026 00:24,0,100,478,1,13/07/2026 00:24,R_QfXioy2fIvjud21,anonymous,EN,0.899999976,,"1,2,3",2,20,2,11,,3,2,4,4,3,4,"1,2,3,4,7,8,10",8,"1,7,10",,3,3,5,5,2,1,5,4,4,2,1,3,1,2,2,3,2,4,1,3,1,3,1,2,2,3,5,5,4,4,2,4,4,3,4,4,5,5,4,2,3,4,5,4,2,5,5,5Custom Value
13/07/2026 00:41,13/07/2026 00:50,0,100,535,1,13/07/2026 00:50,R_uw6m9MgxArH07rr,anonymous,EN,0.400000006,,"1,2,3",2,18,1,3,,4,3,2,3,3,3,"1,4,7,8,9",6,"2,5,7",,4,4,4,4,4,5,5,4,4,2,2,4,2,3,2,2,2,5,1,4,1,3,2,3,1,3,5,5,5,5,4,4,4,4,3,5,5,5,2,3,2,3,5,5,5,5,7,7Custom Value
13/07/2026 00:48,13/07/2026 00:59,0,100,616,1,13/07/2026 00:59,R_AoqwMIpXYOXvoKl,anonymous,EN,0.5,,"1,2,3",1,21,3,11,,3,3,3,3,4,3,"1,2,3,4,5,6,7,8,9,10",4,"2,4,6",,3,3,3,3,3,3,3,3,5,2,2,5,2,5,2,5,2,5,1,5,2,5,1,5,1,5,5,3,3,5,5,5,3,5,5,5,5,5,4,5,5,3,4,4,5,5,7,7Custom Value
13/07/2026 00:49,13/07/2026 01:05,0,100,953,1,13/07/2026 01:05,R_2P1fGADGP0Y2wd9,anonymous,EN,,,"1,2,3",1,18,1,10,,4,3,3,3,4,5,"1,3,4,5,7,10",4,"5,7,10",,5,3,4,4,1,2,3,2,5,2,2,5,1,3,2,4,2,3,1,3,2,3,2,3,1,2,5,5,5,5,4,4,3,5,3,5,5,5,5,3,3,3,4,4,4,5,5,5Custom Value
13/07/2026 00:44,13/07/2026 01:06,0,100,1291,1,13/07/2026 01:06,R_2e9iwZkicDt8c70,anonymous,EN,0.800000012,,"1,2,3",1,21,2,7,,5,3,4,4,4,5,"1,4,7,10",6,"1,5,7",,4,4,5,3,3,3,5,5,2,2,1,2,2,5,2,5,2,5,1,4,1,3,2,4,1,3,5,5,4,5,3,4,5,3,3,5,5,5,4,4,4,3,3,3,3,5,6,6Custom Value
13/07/2026 00:58,13/07/2026 01:07,0,100,580,1,13/07/2026 01:07,R_1In0sAp0r6PLCB2,anonymous,EN,0.899999976,,"1,2,3",2,20,3,8,,4,3,5,4,4,4,"1,2,4,5,7,8",12,"1,5,7",,4,4,3,4,2,2,4,4,4,2,2,4,2,4,1,4,2,5,1,4,2,3,1,5,1,4,5,5,5,5,3,4,5,5,5,5,5,5,4,3,3,2,4,4,3,5,6,6Custom Value
13/07/2026 01:00,13/07/2026 01:12,0,100,716,1,13/07/2026 01:12,R_3rSVemnQsbyvysn,anonymous,EN,0,,"1,2,3",2,19,1,10,,3,3,3,3,4,5,"1,3,4,7,8,9",12,"3,5,7",,4,3,5,4,1,3,4,2,4,2,2,3,2,3,2,3,2,5,1,4,1,4,1,2,1,2,5,3,3,5,3,3,3,2,2,4,4,5,3,3,3,3,3,3,3,3,8,8Custom Value
13/07/2026 01:13,13/07/2026 01:22,0,100,580,1,13/07/2026 01:22,R_2ASiYrN0XNhaBoW,anonymous,EN,0.899999976,,"1,2,3",1,19,1,10,,4,4,5,4,5,4,"1,7,8,9,10",4,"1,3,5",,4,5,5,5,2,2,4,1,4,2,2,4,2,5,2,5,2,2,1,4,1,4,1,4,1,4,5,5,4,5,2,2,4,4,4,4,5,4,4,2,4,2,4,4,4,5,8,8Custom Value
13/07/2026 00:43,13/07/2026 01:23,0,100,2381,1,13/07/2026 01:23,R_3paUnJ0eTPjzlZW,anonymous,EN,,,"1,2,3",2,19,1,4,,5,3,5,3,5,4,"1,4,6,7,9,10",12,"1,3,5",,4,3,4,3,2,3,4,3,3,2,2,5,2,3,2,5,2,3,1,4,1,2,1,3,1,3,5,4,5,4,4,4,4,5,5,5,4,4,4,4,4,5,4,5,4,5,8,8Custom Value
13/07/2026 01:21,13/07/2026 01:35,0,100,802,1,13/07/2026 01:35,R_1P12KBAJcakIiQv,anonymous,EN,0.300000012,,"1,2,3",2,21,2,6,,3,2,4,3,2,4,"1,4",3,"3,5,7",,2,1,3,2,2,2,2,1,2,2,1,4,2,5,2,3,2,4,1,3,1,3,2,2,2,2,5,4,4,4,2,2,2,2,2,4,4,5,4,2,2,2,3,4,4,4,5,5Custom Value
13/07/2026 01:27,13/07/2026 01:38,0,100,628,1,13/07/2026 01:38,R_3PohfzyM9LmyH6t,anonymous,EN,0.600000024,,"1,2,3",1,21,2,11,,5,3,5,4,4,4,"1,2,3,4,5,6,7,8,9,10",12,"7,9,10",,5,5,5,5,3,4,5,4,4,2,2,5,1,3,2,5,2,4,1,4,2,3,1,4,2,2,5,4,4,4,4,4,3,5,2,5,4,5,3,3,3,3,4,3,4,5,5,5Custom Value
13/07/2026 01:24,13/07/2026 01:39,0,100,916,1,13/07/2026 01:39,R_1gUrsRWaf8cb0Pp,anonymous,EN,0.300000012,,"1,2,3",2,19,1,8,,2,2,1,3,3,4,"1,4,6,7,8,9,10",6,"3,5,7",,4,3,4,4,1,2,3,2,4,2,2,5,2,4,2,3,2,5,1,5,1,3,1,4,1,4,4,4,5,3,3,2,2,5,3,5,4,5,4,3,4,3,4,4,3,5,8,8Custom Value
13/07/2026 01:33,13/07/2026 01:43,0,100,586,1,13/07/2026 01:43,R_1EaEUPu2zgsxsqJ,anonymous,EN,0.300000012,,"1,2,3",1,20,2,5,,5,5,5,5,3,4,"1,3,5,6,7,8,9,10",9,"1,5,7",,4,3,4,4,3,4,4,4,5,2,2,5,2,4,2,5,2,5,1,4,1,4,2,4,2,3,5,5,4,4,5,5,4,4,4,4,5,5,3,3,3,3,3,3,3,5,6,6Custom Value
13/07/2026 01:42,13/07/2026 01:53,0,100,677,1,13/07/2026 01:53,R_3kN9leMJq7orcNf,anonymous,EN,1,,"1,2,3",2,20,3,2,,2,3,3,3,1,2,"1,3,4,8,9",6,"1,6,10",,4,4,3,5,2,3,3,3,4,2,2,4,1,3,2,2,2,2,1,3,1,2,1,3,1,3,4,5,4,5,4,4,5,4,3,4,4,4,3,2,1,1,4,4,3,5,7,7Custom Value
13/07/2026 01:45,13/07/2026 01:55,0,100,595,1,13/07/2026 01:55,R_37OykYdcWCTqvjr,anonymous,EN,0.899999976,,"1,2,3",1,20,1,3,,5,5,5,3,3,5,"1,2,3,4,5,6,8,9,10",6,"2,5,9",,5,3,3,5,2,2,2,2,4,2,2,5,1,5,2,5,2,5,1,5,2,5,2,5,2,5,5,4,5,5,2,2,2,4,5,5,5,5,3,5,4,4,3,4,4,4,4,4Custom Value
13/07/2026 02:05,13/07/2026 02:12,0,100,416,1,13/07/2026 02:12,R_29ucbYyAlytimJc,anonymous,EN,0.800000012,,"1,2,3",1,21,3,5,,5,2,5,1,5,5,"1,7,10",6,"1,2,5",,5,3,5,5,1,2,1,1,5,2,2,5,1,3,2,5,2,5,1,5,1,5,2,5,2,4,5,4,5,1,1,1,1,3,1,4,4,5,3,3,3,3,5,5,3,5,5,5Custom Value
13/07/2026 02:16,13/07/2026 02:25,0,100,545,1,13/07/2026 02:25,R_3jfHQyCfOPL3jKu,anonymous,EN,0.300000012,,"1,2,3",2,19,1,9,,4,1,2,1,2,3,"1,4,7,9",4,"1,5,9",,3,2,3,3,1,1,3,2,4,4,2,4,2,4,2,4,1,3,1,5,1,5,2,3,1,3,5,5,5,4,3,2,2,2,2,5,5,5,2,2,3,3,3,2,4,5,6,6Custom Value
13/07/2026 02:18,13/07/2026 02:29,0,100,626,1,13/07/2026 02:29,R_3Hpgd878GBdG4jK,anonymous,EN,1,,"1,2,3",2,21,3,6,,4,4,4,4,4,4,"1,3,4,5,6,7,8,9,10",9,"1,5,10",,3,2,2,3,1,2,3,2,4,2,2,4,2,2,1,4,2,5,1,4,1,3,1,3,1,3,5,5,5,5,4,3,3,3,3,5,5,5,5,5,5,5,5,5,4,5,7,7Custom Value
13/07/2026 02:05,13/07/2026 02:29,0,100,1428,1,13/07/2026 02:29,R_2TYPIOJG1SGx3oP,anonymous,EN,0.600000024,,"1,2,3",2,21,1,11,,4,3,4,4,2,3,"1,3,4,6,7,8,9",12,"1,5,7",,4,4,4,4,2,4,4,3,3,4,1,5,2,4,1,4,2,5,1,4,1,4,2,3,1,4,5,4,5,5,5,4,5,5,5,5,5,5,4,4,5,4,4,4,4,5,5,5Custom Value
13/07/2026 02:21,13/07/2026 02:37,0,100,950,1,13/07/2026 02:37,R_279DwmOQC3y9B4e,anonymous,EN,0.899999976,,"1,2,3",2,20,2,9,,4,4,5,3,4,4,"1,4,6,7,8,9,10",9,"5,6,9",,4,4,5,5,2,2,4,4,5,2,2,5,2,3,1,5,2,5,1,5,2,3,1,3,1,4,5,5,4,5,4,5,4,4,2,5,5,5,2,1,2,2,5,5,3,5,6,6Custom Value
13/07/2026 02:35,13/07/2026 02:42,0,100,463,1,13/07/2026 02:42,R_3MJt9dcMZH9xQMt,anonymous,EN,1,,"1,2,3",2,21,4,5,,3,3,3,4,3,4,"1,3,5,8,10",3,"2,5,7",,4,4,4,4,2,2,2,2,2,2,2,2,2,2,2,2,2,3,2,2,1,2,2,2,2,2,5,4,5,5,2,2,2,5,5,5,5,5,5,5,5,5,5,5,5,5,5,5Custom Value
13/07/2026 02:39,13/07/2026 02:47,0,100,469,1,13/07/2026 02:47,R_enYzF7uTbfO49NL,anonymous,EN,1,,"1,2,3",2,19,2,5,,4,3,4,4,4,5,"1,4,5,10",8,"1,6,7",,5,4,4,4,1,3,3,3,3,2,1,4,2,4,2,4,2,5,1,5,1,3,1,3,2,3,5,5,4,4,2,2,4,4,4,5,5,5,4,2,3,2,4,4,2,3,6,6Custom Value
13/07/2026 02:42,13/07/2026 02:56,0,100,811,1,13/07/2026 02:56,R_1GB3zK7RTO0svuu,anonymous,EN,1,,"1,2,3",2,22,4,11,,5,3,3,4,5,5,"1,3,4,6,7",12,"1,3,7",,5,2,4,5,1,2,2,2,4,2,2,4,1,3,2,4,2,4,1,4,1,3,1,4,1,3,5,4,5,4,1,2,1,2,1,4,4,4,1,2,2,3,5,5,5,5,7,7Custom Value
13/07/2026 02:53,13/07/2026 02:59,0,100,395,1,13/07/2026 02:59,R_2vYdKl4vIdsQbhv,anonymous,EN,0.899999976,,"1,2,3",1,24,4,3,,4,4,4,3,5,3,"1,3,4,5,7,8,10",4,"1,2,5",,4,4,3,5,3,3,3,2,4,2,1,3,2,4,2,3,2,3,2,3,1,3,2,2,2,2,4,4,4,4,2,2,2,4,2,5,5,5,4,2,4,3,3,2,4,5,4,4Custom Value
13/07/2026 02:49,13/07/2026 03:00,0,100,692,1,13/07/2026 03:00,R_6XanUzjWxqbroCB,anonymous,EN,1,,"1,2,3",2,19,3,5,,3,2,4,5,3,4,"1,7,10",3,"1,5,7",,4,5,4,4,2,3,5,5,4,2,2,2,2,2,2,3,2,2,1,3,1,2,1,3,1,3,5,5,4,4,4,5,5,5,2,4,4,5,2,4,4,2,5,5,2,5,8,8Custom Value
13/07/2026 02:49,13/07/2026 03:01,0,100,668,1,13/07/2026 03:01,R_1C6WW73kPfNsPqV,anonymous,EN,1,,"1,2,3",2,18,1,5,,3,3,3,3,4,3,"1,3,4,6,7,10",12,"1,5,7",,3,3,3,4,2,3,3,3,3,2,1,4,1,3,2,4,2,4,1,4,1,4,1,4,1,4,4,4,4,4,4,3,3,3,4,4,5,5,5,3,4,3,4,4,4,5,6,6Custom Value
13/07/2026 03:02,13/07/2026 03:06,0,100,216,1,13/07/2026 03:06,R_3LZtfJLN4W875A5,anonymous,EN,,,"1,2,3",1,18,1,5,,4,5,5,5,5,5,"1,2,3,4,5,6,7,8,9,10",12,"5,6,7",,4,5,5,5,5,5,5,5,5,5,2,5,2,5,2,5,2,4,1,4,2,4,2,5,1,3,5,5,5,3,2,2,4,3,4,4,3,4,4,4,4,3,3,3,4,5,6,6Custom Value
13/07/2026 03:02,13/07/2026 03:11,0,100,553,1,13/07/2026 03:11,R_2CZm6bMFJmrQWWQ,anonymous,EN,0.400000006,,"1,2,3",2,18,1,10,,5,3,3,4,5,5,"3,4,6,7,9",12,"3,5,7",,4,3,3,3,2,2,4,3,4,2,2,3,1,5,1,3,2,5,2,3,2,4,2,5,1,4,5,4,5,4,3,2,3,4,2,5,4,5,3,4,4,3,3,3,4,5,3,3Custom Value
13/07/2026 03:13,13/07/2026 03:25,0,100,666,1,13/07/2026 03:25,R_1N8oIzusss3TgEK,anonymous,EN,0.899999976,,"1,2,3",2,19,2,9,,3,2,3,3,3,5,"1,2,3,4,7,8,10",4,"5,7,10",,4,3,3,5,2,2,5,3,2,2,2,5,1,4,1,3,2,2,1,5,1,4,1,3,1,4,5,5,5,5,3,2,4,5,3,5,5,5,4,4,4,3,4,3,4,2,6,6Custom Value
13/07/2026 03:45,13/07/2026 03:58,0,100,796,1,13/07/2026 03:58,R_6J36eWMGIGtgNEd,anonymous,EN,1,,"1,2,3",2,22,4,6,,3,3,4,4,4,3,"4,5,7,9,10",7,"2,3,4",,3,3,3,3,5,4,4,5,2,2,1,4,2,2,2,4,2,4,1,3,1,4,1,3,2,2,5,4,5,4,3,3,2,1,2,4,5,5,4,3,3,3,3,3,4,5,6,6Custom Value
13/07/2026 04:02,13/07/2026 04:12,0,100,593,1,13/07/2026 04:12,R_12P9tbzUtrYHgay,anonymous,EN,0.300000012,,"1,2,3",1,19,2,6,,5,2,5,5,3,3,"1,4,8,9,10",8,"5,7,9",,5,3,3,3,1,2,2,1,2,2,1,3,2,4,2,3,2,3,2,3,1,4,1,3,1,3,5,5,5,5,2,2,2,4,2,5,5,5,4,4,3,3,4,3,3,5,6,6Custom Value
13/07/2026 04:23,13/07/2026 04:35,0,100,759,1,13/07/2026 04:35,R_2V7LQgAWkLxudIZ,anonymous,EN,1,,"1,2,3",2,21,4,3,,5,4,4,5,4,5,"1,4,6,7,8,9",6,"1,5,10",,5,5,5,5,4,4,3,3,4,2,2,4,2,3,1,3,2,3,1,3,2,3,1,3,1,3,4,4,4,5,3,4,4,4,4,4,4,4,5,4,4,4,4,4,4,4,6,6Custom Value
13/07/2026 04:45,13/07/2026 04:58,0,100,775,1,13/07/2026 04:58,R_1FzgT1Ea2mzucLp,anonymous,EN,1,,"1,2,3",4,22,4,2,,4,5,4,4,4,4,"1,2,3,4,5,6,7,8,9,10",6,"2,5,7",,4,4,4,4,3,4,5,4,4,2,2,4,2,3,1,4,2,5,1,4,2,4,2,1,1,4,5,4,4,5,4,5,4,4,5,4,5,5,2,2,2,2,5,5,4,5,5,5Custom Value
13/07/2026 04:47,13/07/2026 04:58,0,100,623,1,13/07/2026 04:58,R_1NxXRJZHprlKi9u,anonymous,EN,1,,"1,2,3",2,20,3,1,,5,4,3,5,4,5,"1,3,4,6,7,8,9,10",12,"1,5,7",,2,3,4,4,2,2,2,2,4,2,2,5,2,2,2,1,1,3,1,5,1,3,1,3,2,2,5,5,5,5,2,4,4,5,4,5,5,5,4,5,5,4,4,4,4,4,6,6Custom Value
13/07/2026 04:52,13/07/2026 05:04,0,100,703,1,13/07/2026 05:04,R_1EiMu1DW6QHvIHQ,anonymous,EN,0.899999976,,"1,2,3",2,21,2,5,,5,4,3,4,4,5,"1,3,4,5,6,7,8,9,10",10,"5,7,9",,4,4,3,5,2,2,2,2,4,2,2,2,1,2,2,2,2,3,1,2,2,1,1,1,1,2,5,4,5,5,2,2,2,5,3,5,5,5,2,2,3,3,4,4,3,5,6,6Custom Value
13/07/2026 04:53,13/07/2026 05:04,0,100,649,1,13/07/2026 05:04,R_cGam6ZkXWL8MfpD,anonymous,EN,1,,"1,2,3",2,19,2,6,,4,5,4,4,5,4,"1,3,4,5,7,8,9,10",8,"6,7,9",,4,4,2,4,1,3,4,3,2,2,2,4,2,3,2,4,2,4,1,3,2,2,1,3,1,2,5,4,4,4,4,4,2,1,1,4,4,5,2,2,1,1,5,5,2,5,7,7Custom Value
13/07/2026 04:56,13/07/2026 05:06,0,100,634,1,13/07/2026 05:06,R_UPFCV9hOStzgJGx,anonymous,EN,0.600000024,,"1,2,3",2,23,4,10,,4,5,4,4,4,4,"1,2,3,4,6,7,8,9,10",10,"5,7,10",,3,3,3,4,1,2,3,3,5,2,1,4,2,4,2,5,2,3,1,4,1,3,2,2,1,4,5,5,5,2,3,4,5,5,4,5,5,5,3,2,1,1,5,4,4,5,6,6Custom Value
13/07/2026 05:03,13/07/2026 05:14,0,100,640,1,13/07/2026 05:14,R_AnaeQsqLUuuFvnH,anonymous,EN,1,,"1,2,3",2,18,1,6,,4,2,4,2,3,4,"1,3,4,8,9,10",7,"7,9,10",,3,2,4,4,2,2,4,4,5,2,2,2,2,3,1,2,2,4,1,2,1,3,1,2,1,2,4,4,4,4,2,4,3,4,3,4,4,4,5,2,3,2,4,4,3,4,7,7Custom Value
13/07/2026 05:11,13/07/2026 05:18,0,100,421,1,13/07/2026 05:18,R_Q04eSTQ61phex5n,anonymous,EN,1,,"1,2,3",2,18,1,5,,4,3,5,5,3,4,"3,4,7,8,9,10",12,"5,6,9",,5,5,5,5,2,4,3,3,4,2,1,2,1,4,1,5,2,5,2,5,2,2,1,1,1,4,4,4,5,5,4,3,2,4,3,2,2,4,5,3,2,2,1,4,4,5,3,3Custom Value
13/07/2026 05:19,13/07/2026 05:30,0,100,660,1,13/07/2026 05:30,R_1rk3Gj9iKt55Te8,anonymous,EN,0.899999976,,"1,2,3",1,18,1,6,,3,3,4,3,4,4,"1,3,4,5,7,8,9,10",12,"1,8,9",,4,3,3,4,2,2,2,2,4,2,2,4,1,2,2,4,2,3,1,3,1,3,1,3,1,2,5,5,5,5,4,4,2,5,5,5,5,5,5,4,4,4,4,4,4,5,7,7Custom Value
13/07/2026 05:26,13/07/2026 05:35,0,100,553,1,13/07/2026 05:35,R_2uIkZJ90LVtO0al,anonymous,EN,0.600000024,,"1,2,3",2,22,3,10,,3,3,4,3,3,4,"1,3,4,6,7,8,9,10",5,"5,6,7",,3,3,3,3,4,4,3,4,3,2,2,1,2,1,1,2,1,2,1,2,1,1,2,1,2,1,4,5,4,5,4,4,2,2,2,1,1,1,1,3,2,2,1,2,2,1,4,4Custom Value
13/07/2026 05:24,13/07/2026 05:36,0,100,667,1,13/07/2026 05:36,R_1BOQBbBvRfftI41,anonymous,EN,1,,"1,2,3",1,18,2,9,,2,2,2,2,4,3,"1,3,5,6,7,8,9,10",4,"2,4,5",,2,2,5,4,2,2,4,2,5,2,2,5,1,4,1,5,2,4,1,5,1,5,1,3,2,2,5,5,5,5,2,4,2,5,5,5,5,5,1,1,1,1,5,5,5,5,5,5Custom Value
12/07/2026 13:35,13/07/2026 05:37,0,100,57746,1,13/07/2026 05:37,R_2fImbx9dN1NQOjV,anonymous,EN,0.899999976,,"1,2,3",1,23,6,5,,4,4,5,4,2,4,"1,7",4,"1,2,5",,3,2,3,3,3,3,3,3,3,2,1,2,1,3,2,3,2,5,1,3,2,3,2,2,1,2,4,2,4,4,4,4,4,4,4,4,4,3,4,4,4,4,4,4,3,4,4,4Custom Value
13/07/2026 05:36,13/07/2026 05:49,0,100,774,1,13/07/2026 05:49,R_1DPccQd7QabDQ1L,anonymous,EN,1,,"1,2,3",1,20,3,2,,4,5,4,5,3,4,"1,2,3,4,5,6,7,8,9,10",8,"1,2,5",,4,4,4,5,3,2,4,2,4,2,2,5,2,3,1,4,2,5,1,5,1,4,1,3,1,3,5,5,5,5,3,3,4,3,3,2,4,5,5,2,2,1,5,3,3,5,7,7Custom Value
13/07/2026 05:50,13/07/2026 06:04,0,100,838,1,13/07/2026 06:04,R_qEE3lz9rpx5EjLP,anonymous,EN,0.300000012,,"1,2,3",2,19,1,11,,4,2,5,4,4,5,"1,3,4,5,6,7,8,9,10",6,"1,3,5",,4,4,4,5,2,3,4,2,4,2,2,2,1,1,2,4,1,4,1,4,1,1,2,3,1,2,1,1,1,1,2,3,2,1,2,1,1,1,2,3,2,3,4,4,4,5,5,5Custom Value
13/07/2026 05:48,13/07/2026 06:04,0,100,977,1,13/07/2026 06:04,R_1C8WvxERH0RW5zr,anonymous,EN,1,,"1,2,3",2,19,2,11,,4,3,3,3,3,4,"1,4,6,8,9,10",8,"1,4,5",,4,4,4,3,2,2,2,2,4,2,2,4,1,2,1,2,2,3,1,2,1,2,1,2,1,4,5,5,5,5,2,2,2,3,2,5,4,5,4,2,4,2,4,4,4,5,6,6Custom Value
13/07/2026 06:09,13/07/2026 06:16,0,100,456,1,13/07/2026 06:16,R_qwtCByZUyUabzWN,anonymous,EN,0.899999976,,"1,2,3",2,18,1,11,,5,4,2,1,1,4,"1,3,4,7",9,"1,3,5",,3,4,4,3,1,3,2,2,4,2,1,3,1,4,1,4,2,5,1,3,2,3,2,4,2,3,5,5,5,5,2,2,3,4,2,4,4,5,3,3,4,2,3,3,3,4,2,2Custom Value
13/07/2026 06:22,13/07/2026 06:31,0,100,538,1,13/07/2026 06:31,R_djpBJbdqZgf7y0h,anonymous,EN,0.800000012,,"1,2,3",1,18,1,4,,5,4,5,4,3,3,"2,3,4,8",7,"6,7,9",,4,4,4,4,3,3,4,4,4,2,1,4,1,4,2,5,1,3,1,4,1,5,1,4,1,4,5,4,5,5,3,4,4,4,5,5,4,4,5,3,4,3,3,3,4,4,5,5Custom Value
13/07/2026 06:43,13/07/2026 06:51,0,100,493,1,13/07/2026 06:51,R_201s3IST9X802M9,anonymous,EN,0.400000006,,"1,2,3",2,18,1,6,,5,5,4,3,4,5,"7,8,9,10",7,"1,5,6",,4,4,3,5,2,4,3,2,4,2,2,2,2,2,2,4,1,3,1,4,1,3,2,4,2,3,4,4,5,5,4,3,4,4,4,4,5,5,4,3,3,3,3,3,3,4,5,5Custom Value
13/07/2026 06:30,13/07/2026 06:54,0,100,1449,1,13/07/2026 06:54,R_eexfXGdeUpTOJtn,anonymous,EN,1,,"1,2,3",2,18,1,11,,4,4,4,3,4,4,"1,4,7",10,"1,5,8",,3,2,3,3,1,1,2,2,4,2,2,5,1,3,2,3,2,5,1,3,1,2,1,2,1,3,4,4,5,4,3,3,4,4,4,5,4,5,5,3,3,2,4,4,4,5,7,7Custom Value
13/07/2026 06:59,13/07/2026 07:08,0,100,510,1,13/07/2026 07:08,R_3LdtXJUezPKdXpz,anonymous,EN,1,,"1,2,3",2,20,2,4,,5,4,5,3,4,5,"1,3,4,6,7",7,"1,5,7",,4,4,3,3,2,2,3,3,4,2,2,4,2,2,2,3,2,4,1,3,1,4,1,4,1,3,5,5,5,5,4,4,4,5,4,5,5,5,4,4,3,4,5,5,4,5,8,8Custom Value
13/07/2026 06:50,13/07/2026 07:09,0,100,1135,1,13/07/2026 07:09,R_3j2PvoebUF1pGQd,anonymous,EN,1,,"1,2,3",2,18,2,3,,4,3,2,3,4,4,"1,3,4,5,7,9,10",6,"3,5,7",,4,3,3,3,5,4,3,3,4,2,2,2,2,2,2,3,2,4,1,3,1,5,2,5,2,4,5,4,4,5,4,3,4,5,4,5,4,5,4,3,4,4,4,4,4,3,6,6Custom Value
13/07/2026 06:58,13/07/2026 07:10,0,100,680,1,13/07/2026 07:10,R_OQoOlfP4yMpQmw9,anonymous,EN,0.5,,"1,2,3",1,21,3,7,,5,4,4,5,3,3,"1,3,4,5,6,7,8,9,10",6,"6,7,9",,4,4,5,5,3,3,4,2,5,2,2,5,1,5,2,5,2,5,1,5,1,4,2,5,1,3,5,5,5,5,3,5,5,5,5,5,5,5,5,5,4,3,2,2,3,5,6,6Custom Value
13/07/2026 05:45,13/07/2026 07:14,0,100,5298,1,13/07/2026 07:14,R_3lFIil1bKLzqjbs,anonymous,EN,1,,"1,2,3",2,20,3,5,,4,3,4,5,5,4,"1,4,7,8,9",6,"1,6,7",,4,3,5,5,2,2,3,2,4,2,2,3,1,3,2,4,2,5,1,4,1,3,1,3,1,3,5,5,5,5,4,4,4,4,4,5,5,5,2,2,2,4,5,3,4,5,7,7Custom Value
13/07/2026 07:07,13/07/2026 07:28,0,100,1238,1,13/07/2026 07:28,R_3Dhf7kZd4IPGtcB,anonymous,EN,1,,"1,2,3",2,18,1,1,,2,3,2,2,2,2,"3,4,9,10",4,"2,6,7",,3,3,4,3,1,2,2,2,4,2,2,5,2,3,2,5,2,5,1,5,2,3,2,5,1,3,4,4,5,4,3,4,3,4,3,5,5,5,5,2,1,1,4,4,4,5,6,6Custom Value
13/07/2026 07:29,13/07/2026 07:38,0,100,558,1,13/07/2026 07:38,R_2xF2BDCuQuCHKNn,anonymous,EN,0.100000001,,"1,2,3",2,18,1,2,,5,3,2,5,4,5,"1,2,3,4,5,6,7,8,9,10",12,"4,5,6",,3,3,5,4,4,4,4,3,4,2,2,3,1,5,2,3,1,5,1,5,2,1,1,5,1,5,4,5,5,5,3,3,5,5,5,5,5,5,4,4,4,3,4,3,4,5,5,5Custom Value
13/07/2026 07:32,13/07/2026 07:41,0,100,554,1,13/07/2026 07:41,R_1Le7ANahA8e0Yeg,anonymous,EN,1,,"1,2,3",2,21,4,9,,4,5,4,3,5,5,"1,3,4,5,7,8,9,10",12,"1,5,7",,4,3,3,4,2,2,2,3,5,2,2,5,2,5,2,3,2,5,1,3,2,4,2,4,1,4,5,5,5,4,2,2,3,4,4,5,5,5,4,2,4,1,4,2,2,5,6,6Custom Value
13/07/2026 05:24,13/07/2026 07:49,0,100,8703,1,13/07/2026 07:49,R_xaQV8xnA4a3Wsgx,anonymous,EN,1,,"1,2,3",3,18,1,10,,3,3,2,2,5,5,"1,2,3,4,5,6,7,8,9,10",8,"2,3,5",,4,3,4,5,1,4,5,4,1,4,2,1,1,5,2,3,2,3,1,5,1,2,2,4,2,3,5,5,3,5,3,3,4,4,4,5,2,4,4,1,3,2,1,3,4,1,5,5Custom Value
13/07/2026 07:48,13/07/2026 07:56,0,100,443,1,13/07/2026 07:56,R_1ItP5ehS1WVAnn3,anonymous,EN,0.899999976,,"1,2,3",1,19,3,11,,5,5,5,5,3,3,"1,3,4,7,9,10",12,"1,6,7",,4,4,4,5,3,3,5,3,4,2,2,5,2,4,2,2,2,5,1,3,1,4,2,1,1,3,5,5,5,5,5,4,4,5,5,5,5,5,4,3,4,2,4,3,3,3,7,7Custom Value
13/07/2026 07:56,13/07/2026 08:16,0,100,1242,1,13/07/2026 08:17,R_2rMWMFQkrqwUI8O,anonymous,EN,0.899999976,,"1,2,3",2,19,2,5,,5,5,5,5,4,3,"4,5,6,7,8,9",12,"5,6,7",,4,4,5,5,1,1,2,3,5,5,1,3,2,5,2,5,2,5,1,5,1,4,2,5,1,5,5,5,5,5,2,3,3,5,5,5,5,5,4,3,3,3,3,4,3,3,6,6Custom Value
13/07/2026 08:09,13/07/2026 08:21,0,100,718,1,13/07/2026 08:21,R_2YK5bIcpAq7GcKV,anonymous,EN,0.800000012,,"1,2,3",2,18,1,11,,4,3,3,5,2,5,"1,3,4,6,7,8,9,10",6,"4,5,7",,4,5,5,5,4,5,4,4,3,2,1,2,2,3,2,2,2,4,1,3,1,2,2,3,2,3,4,5,5,5,4,5,4,5,5,5,5,5,5,3,2,1,3,4,4,5,5,5Custom Value
13/07/2026 08:34,13/07/2026 08:45,0,100,671,1,13/07/2026 08:45,R_2s1nhdKwSD0DMhz,anonymous,EN,0.899999976,,"1,2,3",1,22,2,8,,3,3,2,4,2,3,"1,3,4,5,7,8,9,10",5,"1,5,10",,3,2,3,4,2,2,3,3,4,2,2,5,2,5,2,5,2,5,1,3,1,3,1,2,1,4,4,4,4,5,2,3,4,5,3,4,5,4,4,2,2,2,4,4,3,5,8,8Custom Value
13/07/2026 08:43,13/07/2026 08:52,0,100,534,1,13/07/2026 08:52,R_29u0pm5DM3FWHMs,anonymous,EN,1,,"1,2,3",2,18,1,9,,4,3,4,2,3,3,"1,3,4,6,9",7,"1,5,6",,3,4,3,3,2,2,2,2,3,2,2,5,2,5,1,3,2,4,2,3,1,2,2,5,1,3,5,5,5,5,2,4,4,5,4,5,5,5,4,5,5,4,2,2,2,5,5,5Custom Value
13/07/2026 08:40,13/07/2026 09:13,0,100,2035,1,13/07/2026 09:13,R_2tupLnvhvhm7ZsQ,anonymous,EN,0.899999976,,"1,2,3",1,19,2,2,,5,4,5,3,3,2,"1,2,4,5,7,9,10",5,"1,2,7",,4,4,3,5,1,2,4,2,5,2,2,5,1,5,2,5,2,3,1,4,1,3,1,4,1,4,5,4,5,3,1,1,1,3,1,5,5,5,3,3,2,2,4,4,4,5,7,7Custom Value
13/07/2026 09:07,13/07/2026 09:19,0,100,678,1,13/07/2026 09:19,R_1QmwNMKMGsrxppS,anonymous,EN,1,,"1,2,3",2,23,2,4,,4,5,5,5,4,4,"1,4,5,6,7,8,9,10",12,"5,9,10",,5,3,4,5,3,3,5,4,4,2,1,2,2,4,1,2,2,3,1,2,1,4,2,3,1,5,5,5,5,4,4,4,4,4,4,4,4,4,4,4,5,4,4,4,3,5,5,5Custom Value
13/07/2026 09:13,13/07/2026 09:22,0,100,510,1,13/07/2026 09:22,R_1Crs4GYw8v0FoZo,anonymous,EN,1,,"1,2,3",2,20,2,2,,3,3,2,3,4,5,"1,2,3,4,5,6,7,8,9,10",8,"4,5,7",,3,2,5,4,3,3,5,3,4,2,2,4,1,2,2,3,2,5,1,5,1,5,2,2,1,3,5,4,5,4,4,4,4,4,4,4,5,5,3,5,5,3,3,3,4,5,6,6Custom Value
13/07/2026 08:37,13/07/2026 09:43,0,100,3954,1,13/07/2026 09:43,R_3nAzsOFIlqDVTEc,anonymous,EN,0.200000003,,"1,2,3",1,19,1,9,,3,2,3,4,1,3,"1,4,6,7,10",4,"1,2,5",,3,3,4,4,1,1,2,2,4,2,2,3,2,4,2,5,2,3,1,3,1,3,1,3,1,3,5,4,4,4,1,2,1,5,3,5,5,5,2,1,1,2,5,5,2,5,8,8Custom Value
13/07/2026 09:38,13/07/2026 09:46,0,100,525,1,13/07/2026 09:46,R_AoCdMVemg7iuiZP,anonymous,EN,0.100000001,,"1,2,3",2,19,1,4,,3,3,2,4,3,4,"1,6,7,8,9",8,"1,5,6",,2,3,4,3,1,4,3,2,4,2,1,5,1,4,1,5,2,4,1,5,1,5,1,4,1,5,4,4,3,4,3,2,2,3,3,4,4,4,4,2,3,2,3,4,4,4,5,5Custom Value
13/07/2026 01:40,13/07/2026 09:48,0,100,29321,1,13/07/2026 09:48,R_YSb0XH37LOQcfip,anonymous,EN,0.899999976,,"1,2,3",2,19,3,7,,4,2,4,3,4,4,"1,2,3,4,5,7,8,9,10",10,"1,4,5",,5,3,5,5,1,3,4,2,4,2,1,2,2,5,2,5,2,5,1,4,1,5,1,3,1,4,5,5,5,5,5,4,2,5,2,4,5,5,1,1,1,1,5,5,3,5,7,7Custom Value
13/07/2026 09:46,13/07/2026 09:51,0,100,295,1,13/07/2026 09:51,R_27eevso1QHNdFI2,anonymous,EN,0.800000012,,"1,2,3",1,19,2,2,,3,1,3,1,5,5,"1,4,7,10",8,"1,3,5",,4,4,4,4,2,3,4,4,4,2,1,3,1,4,1,3,2,4,1,4,2,3,1,4,1,4,5,5,5,5,5,5,5,5,5,4,5,5,5,5,5,3,3,3,3,4,4,4Custom Value
13/07/2026 09:24,13/07/2026 09:54,0,100,1774,1,13/07/2026 09:54,R_2uV9ncPHSkOf9yj,anonymous,EN,1,,"1,2,3",2,19,1,7,,3,2,3,2,2,2,"4,8,10",5,"2,7,9",,2,2,4,4,1,1,2,2,3,2,2,1,1,2,2,3,2,2,1,3,1,2,2,2,2,2,5,4,4,1,3,3,2,3,3,4,4,4,3,3,3,2,3,3,3,5,5,5Custom Value
12/07/2026 15:33,13/07/2026 09:59,0,100,66364,1,13/07/2026 09:59,R_1igs0ZQUtww5Oqc,anonymous,EN,0.600000024,,"1,2,3",1,22,4,3,,5,3,4,3,5,5,"1,3,4,5,6,8,10",12,"1,7,9",,4,3,2,3,2,1,1,1,5,2,2,5,2,5,1,3,2,5,1,5,1,5,1,5,1,5,5,5,5,5,2,3,4,5,2,5,4,5,4,2,3,4,4,5,4,4,7,7Custom Value
13/07/2026 09:59,13/07/2026 10:09,0,100,541,1,13/07/2026 10:09,R_2XdnDJa2hd8pF81,anonymous,EN,0.400000006,,"1,2,3",2,18,1,9,,4,4,5,3,4,4,"1,2,3,4,5,6,7,8,9,10",7,"2,5,7",,5,3,2,5,1,2,3,2,4,2,1,5,1,3,1,3,2,3,1,5,2,3,1,3,1,4,5,4,4,4,2,2,3,2,2,5,5,5,4,3,2,2,4,4,5,4,4,4Custom Value
13/07/2026 09:59,13/07/2026 10:12,0,100,817,1,13/07/2026 10:12,R_sKYaEspKT5RWC9H,anonymous,EN,1,,"1,2,3",2,19,2,3,,4,3,5,5,4,4,"1,2,3,4,6,7,8,9,10",8,"4,5,7",,4,3,3,4,4,4,4,4,4,2,2,5,2,4,2,3,2,5,1,4,2,4,2,2,1,4,4,4,3,5,5,4,3,4,4,4,4,4,2,2,2,3,5,1,4,5,6,6Custom Value
13/07/2026 10:09,13/07/2026 10:16,0,100,446,1,13/07/2026 10:16,R_Dq8SYETQmNWTJiV,anonymous,EN,0.600000024,,"1,2,3",1,18,1,5,,4,3,2,3,2,5,"1,6,7,8,9,10",5,"1,2,4",,4,4,3,5,2,1,5,5,5,2,2,5,1,3,2,2,2,5,2,5,1,3,1,2,1,3,5,5,5,2,2,5,2,3,3,1,5,5,5,2,4,1,5,5,4,5,6,6Custom Value
13/07/2026 10:11,13/07/2026 10:19,0,100,501,1,13/07/2026 10:19,R_2fJOUcndEtc5P5g,anonymous,EN,0.800000012,,"1,2,3",2,19,3,5,,3,3,5,3,4,5,"1,4,7,10",9,"3,7,10",,2,2,4,5,1,1,4,1,4,2,2,2,2,3,1,3,2,5,1,4,1,4,1,2,1,3,5,4,4,5,1,5,1,3,4,4,4,5,3,2,3,4,3,4,3,4,7,7Custom Value
13/07/2026 09:47,13/07/2026 10:22,0,100,2081,1,13/07/2026 10:22,R_9zxx1JlmykTudod,anonymous,EN,0.899999976,,"1,2,3",2,18,1,6,,4,3,4,4,2,5,"1,4,6,7,8,9",10,"1,7,8",,4,3,4,3,1,1,3,2,5,2,2,5,2,5,2,4,2,4,1,4,1,5,1,2,1,3,5,4,3,4,2,4,2,3,1,5,5,5,1,1,1,1,5,5,4,5,8,8Custom Value
13/07/2026 10:14,13/07/2026 10:26,0,100,677,1,13/07/2026 10:26,R_1CITnbbw0YZd87P,anonymous,EN,0.800000012,,"1,2,3",2,18,1,9,,4,4,5,2,5,4,"1,9,10",12,"1,3,7",,4,3,3,4,1,2,4,2,4,2,2,4,2,3,1,3,2,4,1,4,1,4,1,3,1,4,5,4,5,4,1,2,1,5,2,5,5,5,5,2,2,2,4,4,4,5,7,7Custom Value
13/07/2026 10:21,13/07/2026 10:31,0,100,560,1,13/07/2026 10:31,R_2VmDVzYG93Q6cRg,anonymous,EN,0.800000012,,"1,2,3",2,18,1,11,,2,2,4,2,2,3,"1,3,4,7,8,9,10",12,"1,7,9",,2,3,4,5,1,2,2,2,2,2,2,5,1,4,1,3,1,2,1,5,2,3,1,4,2,3,4,4,5,4,3,3,3,3,3,4,4,5,4,4,3,3,4,4,4,4,3,3Custom Value
13/07/2026 10:38,13/07/2026 10:50,0,100,703,1,13/07/2026 10:50,R_2EtyMDGA2Ysokao,anonymous,EN,1,,"1,2,3",2,21,3,8,,4,3,4,4,4,5,"1,3,4,5,6,7,8,9,10",7,"1,5,6",,4,4,4,4,4,4,4,4,4,2,1,4,1,4,1,4,2,5,1,5,1,5,1,5,1,3,5,4,5,5,4,4,3,3,4,5,5,5,5,2,5,3,4,4,4,5,5,5Custom Value
13/07/2026 10:44,13/07/2026 10:52,0,100,494,1,13/07/2026 10:52,R_1I9Mup9laoHqKa2,anonymous,EN,0.600000024,,"1,2,3",2,20,2,9,,4,4,5,5,5,4,"1,3,4,6,8,10",5,"1,3,5",,5,3,4,4,1,1,3,3,4,2,2,5,2,5,2,5,2,5,1,3,1,1,2,5,1,2,5,4,4,1,1,4,1,5,1,5,5,5,5,2,1,2,5,5,5,5,7,7Custom Value
13/07/2026 10:38,13/07/2026 10:52,0,100,854,1,13/07/2026 10:52,R_25tEWVX4jDoXTDv,anonymous,EN,0.899999976,,"1,2,3",1,21,2,2,,4,3,5,4,4,4,"1,3,4,6,7,8,10",5,"2,5,7",,4,4,4,5,3,3,3,3,4,2,2,5,2,3,2,5,2,4,1,4,1,4,1,3,1,4,5,5,5,5,3,4,4,5,4,4,4,5,3,2,3,3,4,4,3,5,8,8Custom Value
13/07/2026 10:34,13/07/2026 10:55,0,100,1245,1,13/07/2026 10:55,R_1kSQYIqaxq1CmuD,anonymous,EN,0.899999976,,"1,2,3",2,20,3,6,,4,3,2,3,2,4,"1,3,4,7,8,9,10",5,"1,7,8",,5,4,4,4,1,2,2,2,4,2,2,4,2,3,1,4,2,5,1,5,1,3,2,5,1,3,5,4,4,5,1,2,2,5,4,5,5,5,4,2,3,2,4,4,4,5,6,6Custom Value
13/07/2026 10:48,13/07/2026 11:01,0,100,795,1,13/07/2026 11:01,R_3mXUH95zez44dvr,anonymous,EN,1,,"1,2,3",1,20,3,11,,5,4,3,3,2,4,"1,4,7,9,10",8,"1,5,7",,4,2,3,4,1,4,4,2,4,2,2,5,2,3,2,1,2,5,1,5,1,3,2,2,1,5,5,5,5,3,4,4,4,4,3,5,5,5,4,4,5,4,5,4,4,5,7,7Custom Value
13/07/2026 10:53,13/07/2026 11:01,0,100,515,1,13/07/2026 11:01,R_2g8SNUZ8sxiiLe1,anonymous,EN,1,,"1,2,3",1,20,2,5,,4,3,5,3,4,4,"1,3,4,5,10",10,"1,5,10",,5,4,4,4,3,2,2,3,2,3,2,4,2,3,1,4,2,1,1,2,1,3,1,2,1,3,2,2,2,5,3,4,4,4,3,4,3,3,2,2,5,1,3,3,3,2,7,7Custom Value
13/07/2026 11:06,13/07/2026 11:20,0,100,859,1,13/07/2026 11:20,R_1NkKkTBRZnEF0C4,anonymous,EN,1,,"1,2,3",2,21,3,9,,5,4,3,3,5,5,"1,4,7,9,10",6,"1,5,7",,4,4,2,4,2,3,2,2,2,2,2,4,2,4,1,5,2,4,1,3,1,4,2,5,2,4,5,4,4,5,2,2,2,4,2,5,5,5,2,3,2,1,4,4,3,5,5,5Custom Value
13/07/2026 11:21,13/07/2026 11:27,0,100,349,1,13/07/2026 11:27,R_2zZ6k829zYkLKNO,anonymous,EN,1,,"1,2,3",1,20,2,11,,4,2,4,5,4,3,"1,2,4,5,7,9,10",5,"7,9,10",,4,3,4,5,2,2,5,3,4,2,2,5,1,3,2,2,1,2,2,2,1,4,1,4,2,4,5,4,4,4,3,4,4,4,4,4,4,5,3,2,2,3,3,5,4,2,4,4Custom Value
13/07/2026 11:21,13/07/2026 11:29,0,100,511,1,13/07/2026 11:29,R_3ewuhS122jJanup,anonymous,EN,1,,"1,2,3",2,22,4,4,,4,4,3,4,4,5,"1,2,3,4,5,7,8,9,10",8,"1,4,5",,4,4,3,4,2,2,3,3,4,2,2,3,2,3,2,2,2,3,1,2,1,3,2,2,1,2,5,3,4,5,2,4,4,4,2,5,4,5,1,2,2,2,3,4,4,5,7,7Custom Value
13/07/2026 11:23,13/07/2026 11:37,0,100,817,1,13/07/2026 11:37,R_2trJUZGNtU0QXOV,anonymous,EN,0.800000012,,"1,2,3",2,18,1,10,,4,4,3,5,4,5,"1,2,3,4,5,6,7,8,9,10",8,"1,4,5",,4,5,5,5,4,5,4,4,4,2,2,5,1,3,2,5,2,5,1,5,1,3,1,3,2,3,5,5,5,5,4,4,4,5,5,5,5,5,5,4,4,4,3,3,4,5,6,6Custom Value
13/07/2026 11:29,13/07/2026 11:37,0,100,461,1,13/07/2026 11:37,R_p5JO7QtEssYhmXT,anonymous,EN,1,,"1,2,3",2,19,1,7,,4,3,4,3,3,5,"4,6,8,9",8,"3,5,6",,4,4,4,5,4,4,4,4,4,2,2,5,2,5,2,5,2,5,1,5,1,5,2,5,1,5,5,5,5,5,4,4,4,4,5,5,5,5,4,4,4,4,4,4,4,4,7,7Custom Value
13/07/2026 11:30,13/07/2026 11:41,0,100,672,1,13/07/2026 11:41,R_3norpXMuOiKKfFA,anonymous,EN,0.600000024,,"1,2,3",2,21,2,6,,4,3,4,3,2,4,"1,4,6,7,8,9,10",6,"1,6,7",,4,4,5,5,1,3,5,3,4,2,2,5,2,3,2,4,2,3,1,3,1,2,1,1,2,2,5,5,5,5,4,5,4,3,4,5,5,5,2,2,2,3,4,4,3,5,7,7Custom Value
13/07/2026 11:32,13/07/2026 11:41,0,100,560,1,13/07/2026 11:41,R_3lt81vzc27qC6qm,anonymous,EN,0.899999976,,"1,2,3",2,20,2,7,,5,4,4,3,3,4,"1,2,3,4,5,7,8,9",3,"1,5,7",,4,4,4,4,2,2,4,2,4,2,2,3,2,5,1,3,2,5,1,4,2,3,1,4,2,4,5,5,5,5,1,2,3,3,3,5,5,5,1,2,2,3,5,5,4,5,5,5Custom Value
13/07/2026 11:59,13/07/2026 12:11,0,100,681,1,13/07/2026 12:11,R_2tulbsGB0girAAM,anonymous,EN,1,,"1,2,3",2,19,3,5,,5,3,5,4,4,5,"1,3,4,6,7,8,9,10",10,"1,5,7",,4,3,5,5,2,4,5,4,4,2,2,1,1,3,2,2,2,5,1,3,2,4,1,3,2,4,5,4,4,5,4,4,5,5,5,5,5,5,4,1,3,3,4,5,5,5,5,5Custom Value
13/07/2026 12:08,13/07/2026 12:18,0,100,555,1,13/07/2026 12:18,R_UcDTccHuZioIqgF,anonymous,EN,1,,"1,2,3",2,20,2,2,,5,5,5,5,3,3,"1,3,4,7,9,10",12,"1,5,7",,4,4,4,4,1,1,1,2,4,2,2,5,2,3,2,4,2,2,1,3,2,3,2,3,2,3,5,4,5,1,1,2,1,1,1,5,4,5,4,3,3,3,4,5,5,5,5,5Custom Value
13/07/2026 12:03,13/07/2026 12:19,0,100,952,1,13/07/2026 12:19,R_3iCPKwj58f0S7dm,anonymous,EN,0.800000012,,"1,2,3",2,18,1,2,,4,3,3,4,4,4,"1,2,4,6,7,8",12,"1,5,7",,5,4,4,5,1,3,3,3,4,2,2,2,2,2,2,2,2,3,1,4,1,4,1,3,1,4,5,5,4,4,4,4,4,5,3,5,5,5,4,4,4,2,3,2,3,4,8,8Custom Value
13/07/2026 12:17,13/07/2026 12:25,0,100,477,1,13/07/2026 12:25,R_SSNbrgTvSODOxqx,anonymous,EN,0.899999976,,"1,2,3",1,18,1,7,,3,1,2,2,3,3,"1,4,6,8",7,"1,2,5",,4,3,2,4,2,3,4,4,4,2,2,4,2,3,2,4,2,3,1,4,1,2,1,3,1,2,4,4,5,4,4,3,4,4,4,4,4,3,3,4,2,4,3,3,4,4,8,8Custom Value
13/07/2026 11:48,13/07/2026 12:27,0,100,2305,1,13/07/2026 12:27,R_2e9ZkLQ6aCogWNt,anonymous,EN,,,"1,2,3",2,19,2,6,,4,1,4,5,2,4,"3,4,5,6,10",5,"2,3,4",,4,4,4,4,2,2,2,2,4,2,2,4,1,2,2,4,2,2,2,3,1,2,1,2,1,3,5,5,4,4,1,1,4,5,5,5,5,5,5,2,4,2,3,2,2,1,6,6Custom Value
13/07/2026 12:17,13/07/2026 12:28,0,100,682,1,13/07/2026 12:28,R_3NPOqDQ6QGXehsz,anonymous,EN,1,,"1,2,3",2,19,2,9,,4,3,5,3,3,3,"1,4,9",5,"5,7,9",,3,3,4,5,2,2,4,2,3,2,2,4,1,3,1,4,2,3,1,3,1,4,1,3,2,4,5,4,5,4,4,1,2,4,2,5,4,5,3,3,3,3,4,3,4,3,5,5Custom Value
13/07/2026 12:18,13/07/2026 12:29,0,100,670,1,13/07/2026 12:29,R_31KG3W2D31IJM1J,anonymous,EN,0.200000003,,"1,2,3",2,19,1,2,,4,4,3,3,3,4,"1,2,3,4,5,7,8,10",10,"1,5,10",,3,3,4,5,2,2,5,2,4,2,1,3,1,4,1,5,2,5,1,5,2,1,1,4,1,4,5,4,5,5,4,3,3,4,4,5,4,5,4,3,3,3,3,4,4,4,4,4Custom Value
13/07/2026 12:23,13/07/2026 12:42,0,100,1126,1,13/07/2026 12:42,R_3JJaUg9jvTZxMvE,anonymous,EN,0.200000003,,"1,2,3",2,20,2,11,,3,2,3,2,2,2,4,5,"2,5,7",,3,3,3,3,1,1,2,2,3,2,2,3,2,5,2,3,2,4,1,4,1,4,1,4,1,3,5,5,4,3,1,1,3,4,3,5,5,5,1,1,1,1,5,5,5,1,8,8Custom Value
13/07/2026 12:23,13/07/2026 12:45,0,100,1284,1,13/07/2026 12:45,R_bQ2rAwrdkmATf8t,anonymous,EN,0.300000012,,"1,2,3",2,18,1,2,,5,2,4,1,5,5,"1,4,6,7,8,9,10",12,"1,7,9",,4,2,5,5,2,3,3,3,5,2,2,5,2,4,2,5,2,4,2,3,1,3,2,3,1,3,5,5,5,5,4,3,4,5,3,5,5,5,4,3,3,2,5,5,3,5,6,6Custom Value
13/07/2026 12:31,13/07/2026 12:46,0,100,883,1,13/07/2026 12:46,R_3CIbWvsZGCGewiB,anonymous,EN,0.699999988,,"1,2,3",1,21,4,8,,4,4,2,4,4,4,"1,4,6,7,8,9",5,"1,7,10",,3,3,4,4,3,3,3,3,5,2,2,5,2,4,2,5,2,4,2,4,1,3,1,3,1,5,5,4,5,5,2,2,4,4,4,5,5,5,4,1,1,2,5,5,5,5,7,7Custom Value
13/07/2026 12:44,13/07/2026 12:49,0,100,260,1,13/07/2026 12:49,R_1QG73oDgD3vzDM6,anonymous,EN,0.400000006,,"1,2,3",2,21,4,7,,5,4,4,4,5,5,"1,2,3,4,5,6,7,8,9,10",12,"1,3,5",,5,5,5,5,5,5,5,5,5,5,1,4,1,3,1,3,2,5,1,4,2,3,2,3,1,3,5,5,5,5,5,5,5,5,5,5,5,5,5,5,5,5,5,5,5,5,3,3Custom Value
13/07/2026 12:51,13/07/2026 12:58,0,100,426,1,13/07/2026 12:58,R_1odIrS29101N0cw,anonymous,EN,0.300000012,,"1,2,3",4,20,2,11,,3,2,4,2,2,3,"1,4,6,7,8,9,10",10,"1,6,7",,3,3,2,4,1,3,3,2,3,2,2,3,2,3,2,2,2,3,2,3,1,2,2,3,1,3,5,4,5,3,3,3,3,3,1,4,3,5,4,3,3,3,4,2,3,3,6,6Custom Value
13/07/2026 12:43,13/07/2026 13:00,0,100,1010,1,13/07/2026 13:00,R_3s5rihHd4WSJBeN,anonymous,EN,0.800000012,,"1,2,3",2,26,4,4,,4,1,3,3,2,4,"1,4,7,8,10",2,"1,4,9",,1,1,4,4,1,1,1,1,4,2,2,5,2,5,2,5,1,5,1,5,2,5,1,5,2,3,5,4,3,5,2,3,5,5,3,3,5,5,4,3,3,2,3,4,4,5,5,5Custom Value
13/07/2026 13:02,13/07/2026 13:10,0,100,451,1,13/07/2026 13:10,R_1gFvy5Sd6wNU5Pv,anonymous,EN,0.899999976,,"1,2,3",2,24,4,11,,5,5,5,5,4,5,"1,3,4,5,6,7,8,9,10",12,"1,4,5",,5,4,4,5,1,5,5,5,3,2,2,4,2,1,1,2,2,5,1,3,1,3,2,5,1,3,5,4,4,4,2,4,2,4,2,4,4,4,1,1,1,3,1,3,2,4,6,6Custom Value
13/07/2026 12:59,13/07/2026 13:16,0,100,1029,1,13/07/2026 13:16,R_3HNdwOTeidIoTk7,anonymous,EN,0.300000012,,"1,2,3",2,19,2,5,,3,4,4,3,2,5,"1,3,4,5,6,7,8,9,10",9,"5,7,10",,4,4,5,5,2,3,4,5,4,2,2,5,2,4,2,5,2,5,1,5,1,2,1,3,1,5,5,4,4,5,3,4,5,4,3,4,4,5,4,4,4,3,4,5,4,5,8,8Custom Value
13/07/2026 13:11,13/07/2026 13:21,0,100,611,1,13/07/2026 13:21,R_2E4Uv8lZnDN4saZ,anonymous,EN,1,,"1,2,3",2,19,1,11,,4,3,3,5,4,5,"1,4,7,8,9",7,"1,5,7",,4,3,4,4,4,3,4,4,4,2,2,2,2,3,2,3,2,4,1,3,1,3,1,4,1,3,5,5,5,5,4,5,5,5,5,5,5,5,2,2,2,4,5,5,5,5,8,8Custom Value
13/07/2026 13:15,13/07/2026 13:21,0,100,381,1,13/07/2026 13:21,R_2E00Bra84R3RKWo,anonymous,EN,1,,"1,2,3",1,20,4,11,,5,4,4,4,4,5,"7,9,10",12,"1,5,9",,5,5,5,5,2,2,5,3,3,2,2,3,2,3,2,3,2,4,1,4,1,5,1,3,1,2,5,4,4,5,2,2,4,4,5,5,5,5,5,2,2,2,4,5,4,5,8,8Custom Value
13/07/2026 13:20,13/07/2026 13:29,0,100,518,1,13/07/2026 13:29,R_DuciTw6XEdDRlLP,anonymous,EN,0.800000012,,"1,2,3",2,18,2,4,,5,3,2,3,2,3,"1,3,4,6,8,9",5,"3,5,7",,4,4,3,4,1,2,3,4,3,2,1,3,1,3,1,2,2,3,1,2,1,2,2,3,2,2,4,4,5,4,1,3,3,4,4,4,4,5,2,2,2,3,4,4,3,5,3,3Custom Value
13/07/2026 13:23,13/07/2026 13:31,0,100,471,1,13/07/2026 13:31,R_DGzOtUSjJU2w8eJ,anonymous,EN,0.899999976,,"1,2,3",1,22,2,11,,4,4,3,4,4,4,"1,3,4,5,7,8,9,10",10,"3,7,9",,4,3,3,4,2,3,4,4,5,2,2,4,1,4,2,4,2,4,1,4,1,4,1,5,1,5,5,4,4,5,3,4,4,4,4,4,3,4,3,2,2,3,4,3,3,3,7,7Custom Value
13/07/2026 13:27,13/07/2026 13:37,0,100,581,1,13/07/2026 13:37,R_SZRQMqo3LizieE9,anonymous,EN,1,,"1,2,3",1,20,2,7,,5,3,5,4,4,4,"1,2,4,5,6,7,8,9,10",8,"3,5,7",,5,4,3,5,2,4,5,3,4,2,2,5,1,2,2,5,2,5,1,5,2,3,1,5,1,4,5,5,4,5,5,4,3,4,4,5,4,5,5,2,2,3,4,5,3,5,6,6Custom Value
13/07/2026 13:41,13/07/2026 13:48,0,100,439,1,13/07/2026 13:48,R_RWcedUeeGcz0ZTr,anonymous,EN,1,,"1,2,3",2,18,1,5,,4,2,2,3,1,4,"1,2,3,4,5,6,7,8,9,10",9,"6,7,8",,4,5,3,4,1,3,4,2,2,2,2,5,1,5,1,2,2,5,1,2,1,3,2,4,1,3,5,4,4,4,4,5,2,4,4,5,5,5,4,3,1,2,4,5,4,2,5,5Custom Value
13/07/2026 13:40,13/07/2026 13:53,0,100,799,1,13/07/2026 13:53,R_1DSV9kG8mRi2nW1,anonymous,EN,0.800000012,,"1,2,3",2,19,2,6,,5,4,4,4,2,5,"1,2,3,4,5,7,8,9,10",10,"1,7,10",,4,4,3,4,4,2,2,3,5,2,1,3,2,5,1,2,2,5,1,4,1,3,1,2,2,2,5,5,5,5,3,4,4,5,4,5,5,5,2,1,1,1,4,1,4,5,5,5Custom Value
13/07/2026 13:45,13/07/2026 13:55,0,100,636,1,13/07/2026 13:55,R_2OI2t3JW4Sv2FvQ,anonymous,EN,0.5,,"1,2,3",1,18,1,11,,4,4,3,4,4,5,"1,3,4,5,6,7,9,10",12,"3,4,5",,3,4,2,4,3,3,4,2,4,2,2,3,1,2,2,4,2,4,1,3,1,2,1,2,2,3,5,5,5,5,4,3,2,4,2,5,5,5,5,2,1,4,5,4,4,5,6,6Custom Value
13/07/2026 14:16,13/07/2026 14:28,0,100,744,1,13/07/2026 14:28,R_11ckIhN01OXuPwd,anonymous,EN,1,,"1,2,3",2,21,4,10,,4,3,5,5,5,5,"1,4,5,8,9,10",3,"1,3,4",,4,3,4,2,2,2,4,3,4,2,1,4,1,4,2,4,2,4,1,5,1,3,2,4,1,3,5,4,4,4,5,5,2,4,2,5,5,5,4,2,2,2,4,5,5,4,5,5Custom Value
13/07/2026 14:21,13/07/2026 14:35,0,100,851,1,13/07/2026 14:35,R_2xXaFhruno6xop4,anonymous,EN,0.400000006,,"1,2,3",2,18,1,9,,5,3,4,1,3,5,"1,3,9,10",8,"3,5,7",,5,5,4,5,1,3,3,3,4,2,2,5,1,4,2,5,2,5,1,2,1,3,1,4,2,1,5,5,4,5,2,2,1,1,1,4,4,5,4,3,3,2,4,4,4,5,6,6Custom Value
13/07/2026 14:25,13/07/2026 14:37,0,100,745,1,13/07/2026 14:37,R_2ALsjN1AS5mcJEt,anonymous,EN,0.800000012,,"1,2,3",2,20,3,5,,5,2,2,2,2,4,"1,3,4,7,9",5,"3,5,6",,3,2,3,4,3,4,5,4,5,2,2,2,2,2,1,1,2,5,1,2,2,2,1,2,2,1,5,5,5,5,4,4,5,5,5,5,5,5,4,1,4,2,2,4,4,5,5,5Custom Value
13/07/2026 14:37,13/07/2026 14:49,0,100,717,1,13/07/2026 14:49,R_1JR7Bl5fUTg3a3N,anonymous,EN,1,,"1,2,3",1,19,1,5,,3,2,3,2,2,4,"1,2,4,5,7,8,9,10",9,"2,5,7",,4,4,4,4,2,2,2,3,4,2,2,5,2,4,2,3,2,4,1,3,1,4,2,3,1,3,4,4,4,4,4,5,5,5,5,5,5,5,4,2,4,2,5,1,4,5,7,7Custom Value
13/07/2026 14:49,13/07/2026 14:58,0,100,528,1,13/07/2026 14:58,R_3lsK2l2wiSiT2Rx,anonymous,EN,0.600000024,,"1,2,3",2,18,1,10,,3,4,2,2,4,4,"1,6,7,8,9,10",7,"1,3,5",,4,3,2,3,1,2,3,2,3,2,2,4,2,4,2,3,2,4,1,4,2,3,1,3,1,4,5,4,4,4,2,2,2,4,4,5,5,5,4,3,2,2,4,4,3,5,7,7Custom Value
13/07/2026 14:50,13/07/2026 15:01,0,100,653,1,13/07/2026 15:01,R_3spuagLlUwkMPd6,anonymous,EN,,,"1,2,3",2,18,1,9,,4,5,5,2,5,5,"1,2,3,4,5,6,7,8,9,10",12,"2,3,5",,4,4,4,5,2,4,4,3,1,2,2,3,2,2,2,3,2,3,1,3,2,3,2,4,1,3,4,4,4,5,4,4,4,5,5,5,5,5,5,5,4,3,5,5,3,5,6,6Custom Value
13/07/2026 14:53,13/07/2026 15:01,0,100,495,1,13/07/2026 15:01,R_4PI00WzhOkjaNyN,anonymous,EN,1,,"1,2,3",2,22,2,4,,4,4,3,3,3,3,"1,4,6",9,"1,2,5",,4,3,4,5,1,2,2,2,3,2,2,5,2,5,2,5,2,5,1,5,2,3,1,5,1,5,4,4,4,4,3,3,2,3,3,3,3,3,3,3,3,3,3,3,3,3,7,7Custom Value
13/07/2026 14:29,13/07/2026 15:06,0,100,2201,1,13/07/2026 15:06,R_1QhBZGeV9y7GW9T,anonymous,EN,0.899999976,,"1,2,3",2,20,4,9,,5,5,5,4,5,5,"1,2,3,4,5,6,7,8,9,10",8,"3,5,7",,4,5,5,5,2,4,3,3,4,2,1,3,1,5,1,5,2,5,1,5,1,5,2,5,1,5,5,3,5,5,3,4,3,4,1,5,5,5,4,2,1,1,4,4,4,5,4,4Custom Value
13/07/2026 14:48,13/07/2026 15:16,0,100,1724,1,13/07/2026 15:16,R_2zIVujseCZUkgCR,anonymous,EN,,,"1,2,3",2,19,2,2,,5,3,4,4,3,5,"1,3,4,7,8,9",10,"1,5,10",,4,3,3,5,1,3,3,3,4,2,1,3,1,3,2,5,2,4,1,5,1,4,1,4,1,3,4,5,5,1,2,2,3,4,4,5,5,4,3,4,4,4,4,5,2,5,6,6Custom Value
13/07/2026 15:02,13/07/2026 15:16,0,100,858,1,13/07/2026 15:16,R_z5N1LUU3ZgL3qU1,anonymous,EN,1,,"1,2,3",2,19,2,8,,4,4,4,5,4,4,"1,2,4,6,8",12,"5,7,10",,4,4,5,5,3,4,4,3,4,2,2,4,2,3,2,5,2,5,1,4,1,4,1,3,1,4,5,5,5,5,4,4,4,4,5,4,5,5,4,3,4,1,4,4,3,5,8,8Custom Value
13/07/2026 15:05,13/07/2026 15:20,0,100,900,1,13/07/2026 15:20,R_2A1em5k3fsYNcdr,anonymous,EN,0.899999976,,"1,2,3",1,18,2,11,,4,3,3,4,4,5,"1,4,10",12,"1,7,9",,5,4,5,5,2,2,3,2,4,2,2,4,2,3,1,4,2,5,1,5,1,5,1,3,1,5,5,4,5,4,2,3,4,5,2,5,5,5,4,4,4,3,4,2,2,5,7,7Custom Value
13/07/2026 14:49,13/07/2026 15:21,0,100,1907,1,13/07/2026 15:21,R_3iKovLNvoD6nPxC,anonymous,EN,0.899999976,,"1,2,3",1,20,2,9,,4,3,4,3,4,5,"1,2,3,4,5,6,7,8,9,10",10,"1,2,4",,4,3,4,2,1,3,3,2,5,2,2,5,2,5,2,5,2,5,1,5,1,5,1,5,1,5,5,4,5,4,4,3,2,5,2,5,5,5,4,4,4,3,2,2,3,5,8,8Custom Value
13/07/2026 15:09,13/07/2026 15:22,0,100,792,1,13/07/2026 15:22,R_22EboOr2pjuRL2G,anonymous,EN,0.800000012,,"1,2,3",2,18,1,2,,4,3,3,3,2,4,"1,2,3,4,7,9,10",7,"1,2,3",,4,3,4,3,2,3,4,3,4,2,2,4,1,3,2,4,2,3,1,4,1,3,1,2,1,3,5,4,3,4,2,3,2,4,3,5,5,5,3,3,1,3,3,3,3,5,7,7Custom Value
13/07/2026 15:09,13/07/2026 15:23,0,100,862,1,13/07/2026 15:23,R_12amI8iLLSa7SRd,anonymous,EN,0.899999976,,"1,2,3",2,18,1,4,,4,4,3,2,4,4,"1,3,4,6,7,8,9,10",9,"1,5,7",,4,4,4,4,3,2,3,3,2,2,2,4,1,1,1,1,2,2,1,2,2,2,2,1,1,2,5,4,4,5,1,3,4,4,4,5,5,5,3,3,3,3,3,3,3,3,4,4Custom Value
13/07/2026 15:23,13/07/2026 15:28,0,100,328,1,13/07/2026 15:28,R_WpVtw78Q29RgzMR,anonymous,EN,1,,"1,2,3",1,22,3,5,,3,2,4,3,4,4,"1,3,5,6,9,10",7,"2,3,5",,4,2,1,3,2,2,4,3,4,4,1,3,1,4,2,4,2,3,1,3,2,2,2,4,1,4,4,4,4,5,4,5,4,5,3,5,4,5,5,3,4,3,5,5,5,5,4,4Custom Value
13/07/2026 15:21,13/07/2026 15:29,0,100,462,1,13/07/2026 15:29,R_1EZLbhqRXLGCWkr,anonymous,EN,1,,"1,2,3",1,21,5,5,,5,5,5,4,5,5,"1,4,5,8,9",10,"7,9,10",,5,5,4,5,2,3,5,4,5,2,2,5,2,2,2,5,2,4,1,5,1,4,1,3,1,4,5,4,5,5,4,5,4,5,5,5,4,5,5,3,4,3,5,5,2,5,8,8Custom Value
13/07/2026 15:36,13/07/2026 15:46,0,100,594,1,13/07/2026 15:46,R_29idUAY0mn061Xe,anonymous,EN,0.899999976,,"1,2,3",2,18,1,9,,3,2,3,4,3,4,"1,4,6,7,8,9,10",6,"1,5,7",,4,5,5,4,1,3,3,3,4,2,2,5,2,4,2,3,2,4,1,4,1,3,1,2,1,3,1,1,1,1,2,4,2,4,3,5,5,5,2,2,2,1,4,4,4,5,8,8Custom Value
13/07/2026 15:33,13/07/2026 15:48,0,100,920,1,13/07/2026 15:49,R_2wNRph5rUkDeODe,anonymous,EN,0.899999976,,"1,2,3",1,18,1,3,,5,3,5,4,3,4,"1,2,3,4,5,6,7,8,10",8,"1,5,7",,5,4,3,4,1,4,4,3,3,2,2,4,2,4,2,4,2,5,1,2,2,2,2,3,1,2,4,4,4,5,4,4,2,1,1,3,4,4,4,3,1,2,5,5,5,5,6,6Custom Value
13/07/2026 15:39,13/07/2026 15:52,0,100,758,1,13/07/2026 15:52,R_2P22szhBnkLGuzv,anonymous,EN,1,,"1,2,3",2,21,2,3,,4,2,2,3,3,4,"1,3,4,7,8,9,10",6,"1,5,7",,4,3,3,4,2,2,3,2,3,2,2,2,1,3,1,3,1,3,1,4,2,1,2,2,1,3,5,5,5,5,2,4,4,4,4,5,5,5,4,4,2,2,4,4,4,4,3,3Custom Value
13/07/2026 15:58,13/07/2026 16:08,0,100,641,1,13/07/2026 16:09,R_3gS3JYaOMT1UBcG,anonymous,EN,1,,"1,2,3",2,20,3,11,,4,2,2,3,4,4,"1,4,5,6,7,8,9,10",7,"1,5,10",,4,3,2,3,2,3,3,3,2,2,2,5,2,2,2,4,2,2,1,4,1,5,1,3,2,4,4,4,5,5,3,3,4,4,4,5,5,5,5,4,3,2,3,3,4,5,7,7Custom Value
13/07/2026 14:58,13/07/2026 16:10,0,100,4328,1,13/07/2026 16:10,R_1HbBOFqTVcqs1SU,anonymous,EN,1,,"1,2,3",1,27,2,7,,3,3,3,3,3,3,"1,3,6",2,"1,2,3",,3,3,3,3,3,3,3,3,3,2,1,3,1,3,2,2,2,2,1,2,1,3,2,3,1,3,5,3,3,3,3,3,3,3,3,3,3,3,3,3,3,3,3,3,3,3,5,5Custom Value
13/07/2026 16:02,13/07/2026 16:13,0,100,638,1,13/07/2026 16:13,R_3J4aFQ4jg9Iid8w,anonymous,EN,0.100000001,,"1,2,3",1,19,2,9,,3,1,2,2,2,4,"1,4,6,7,9",8,"2,9,10",,3,2,2,3,2,2,2,2,2,2,2,3,2,5,2,5,2,5,2,4,1,3,1,3,1,4,4,4,5,5,2,2,2,2,2,4,5,5,5,2,5,3,4,5,4,4,7,7Custom Value
13/07/2026 16:15,13/07/2026 16:20,0,100,269,1,13/07/2026 16:20,R_3HkopyJcyxGlQqD,anonymous,EN,0.600000024,,"1,2,3",2,23,4,3,,5,5,5,4,5,4,"1,2,3,4,5,8,9,10",10,"2,6,8",,4,4,5,5,3,5,5,5,4,2,2,4,2,3,2,5,2,4,1,3,1,2,2,3,2,3,5,5,5,5,5,5,4,5,5,5,5,5,3,2,2,2,5,5,2,4,6,6Custom Value
13/07/2026 16:17,13/07/2026 16:23,0,100,394,1,13/07/2026 16:23,R_C7vbuxxITqGfVRL,anonymous,EN,1,,"1,2,3",1,19,2,4,,4,2,5,5,2,3,"4,8,9",12,"2,7,8",,5,5,5,5,3,5,5,5,5,2,1,5,2,5,2,5,2,5,1,3,1,5,1,5,1,2,5,5,5,5,5,5,5,5,5,5,5,5,2,1,1,1,4,3,4,5,7,7Custom Value
13/07/2026 16:14,13/07/2026 16:25,0,100,661,1,13/07/2026 16:25,R_vAiE9D0IzZw9qud,anonymous,EN,0.300000012,,"1,2,3",1,20,1,2,,5,4,4,4,3,3,"1,2,4,6,7,8,9,10",8,"5,7,9",,4,3,3,3,2,3,3,2,4,2,1,3,2,3,1,4,2,5,1,4,2,2,1,3,1,4,5,4,5,5,3,2,3,4,4,3,4,4,3,3,3,3,4,2,3,5,5,5Custom Value
13/07/2026 16:09,13/07/2026 16:26,0,100,1073,1,13/07/2026 16:26,R_3k7y5gIqyRSWNCy,anonymous,EN,1,,"1,2,3",2,20,3,11,,3,2,4,2,3,4,"1,4,6,7,9",5,"1,5,7",,4,3,5,4,1,2,3,1,3,2,1,3,1,1,1,3,2,5,1,4,1,3,1,2,2,2,5,5,5,5,4,3,1,1,1,4,4,4,5,3,3,3,4,3,2,5,4,4Custom Value
13/07/2026 16:13,13/07/2026 16:33,0,100,1216,1,13/07/2026 16:33,R_1CBCMn7sX9D3ceM,anonymous,EN,0.300000012,,"1,2,3",4,20,3,7,,4,4,4,4,3,4,"1,2,4,6,7,9,10",10,"3,7,9",,3,2,4,5,1,2,4,2,3,2,2,5,1,3,2,1,2,4,1,5,1,4,1,3,1,3,4,4,4,3,3,2,2,4,3,4,4,5,4,3,3,2,4,4,4,5,7,7Custom Value
13/07/2026 16:32,13/07/2026 16:42,0,100,584,1,13/07/2026 16:42,R_2Y9DSz8p6zafNzp,anonymous,EN,0.600000024,,"1,2,3",1,19,2,5,,3,2,5,3,3,3,"3,4,6,9",5,"6,7,9",,4,5,3,5,1,1,1,1,3,2,2,3,2,3,2,4,2,3,1,4,2,2,2,3,1,3,5,4,3,2,1,1,2,3,2,5,5,5,1,1,1,1,5,5,4,5,6,6Custom Value
13/07/2026 16:31,13/07/2026 16:42,0,100,681,1,13/07/2026 16:42,R_2rSJxVLselCbOQF,anonymous,EN,1,,"1,2,3",2,19,2,3,,5,5,5,4,4,5,"1,3,4,6,7,8,9",11,"1,6,7",,2,2,4,5,4,5,5,3,4,2,2,5,2,5,2,5,2,5,1,4,1,5,1,4,1,5,5,5,4,4,4,5,4,4,4,5,4,5,5,2,4,1,4,5,4,5,8,8Custom Value
13/07/2026 16:30,13/07/2026 16:44,0,100,811,1,13/07/2026 16:44,R_xsEoL0kWUg0FNtf,anonymous,EN,0.699999988,,"1,2,3",2,22,4,4,,4,3,4,2,3,4,"1,3,6,7,8,9,10",6,"2,3,4",,4,4,3,4,1,1,3,2,4,2,2,5,2,5,2,5,2,5,1,5,1,5,1,4,1,4,5,5,4,5,3,3,2,3,3,3,5,5,4,3,3,3,3,3,3,3,8,8Custom Value
13/07/2026 16:34,13/07/2026 16:49,0,100,882,1,13/07/2026 16:49,R_1QLzPA7dvqcyhXz,anonymous,EN,1,,"1,2,3",1,20,1,10,,4,3,4,3,4,4,"1,3,4,7,8,9,10",6,"1,5,7",,4,5,5,5,1,2,4,2,4,2,2,5,2,5,2,2,2,4,1,4,2,3,1,3,1,4,5,4,5,5,3,3,2,5,3,5,4,4,2,3,4,3,3,4,4,5,7,7Custom Value
13/07/2026 16:40,13/07/2026 16:50,0,100,651,1,13/07/2026 16:50,R_vCcbVjpUGOGWmtz,anonymous,EN,1,,"1,2,3",1,18,1,11,,4,3,5,4,5,4,"1,3,4,6,8",12,"2,7,9",,4,5,4,4,2,2,2,2,4,2,1,4,2,2,2,5,2,4,1,5,1,4,2,4,1,3,5,4,5,5,2,2,1,3,3,5,4,5,2,1,1,1,5,3,3,5,6,6Custom Value
13/07/2026 16:47,13/07/2026 16:58,0,100,677,1,13/07/2026 16:58,R_3iRaRfqNsvFVHrl,anonymous,EN,1,,"1,2,3",2,18,1,6,,4,4,5,3,3,2,"4,7,10",7,"1,7,9",,4,3,2,3,1,1,1,2,5,2,1,2,1,4,2,5,2,5,1,3,1,3,2,3,2,4,5,5,5,2,1,2,3,4,2,4,4,4,4,3,4,3,4,4,2,5,4,4Custom Value
13/07/2026 16:56,13/07/2026 17:01,0,100,304,1,13/07/2026 17:01,R_PImXy9mSMVkI72V,anonymous,EN,0.300000012,,"1,2,3",2,18,2,2,,2,2,3,4,3,3,"1,3,4,6",8,"1,8,9",,3,3,4,4,2,2,2,2,2,2,2,2,2,2,2,2,2,4,1,3,1,2,2,1,2,3,4,4,4,4,4,4,4,4,4,4,4,4,4,5,5,5,5,4,4,4,6,6Custom Value
13/07/2026 16:55,13/07/2026 17:07,0,100,720,1,13/07/2026 17:07,R_2riJKyuRhbNrvg1,anonymous,EN,1,,"1,2,3",1,18,1,4,,3,2,4,4,2,3,4,6,"1,5,7",,3,2,3,3,1,2,2,2,4,2,2,2,2,1,2,5,2,4,1,5,2,3,1,3,1,3,5,4,4,4,1,2,3,3,4,5,4,4,4,5,3,1,4,1,4,5,7,7Custom Value
13/07/2026 16:55,13/07/2026 17:07,0,100,727,1,13/07/2026 17:07,R_6tKF7mULNMRsXPr,anonymous,EN,1,,"1,2,3",3,21,3,6,,4,3,2,3,2,3,"1,3,4,7,8,9",8,"1,5,7",,4,3,5,5,2,3,3,3,3,2,2,4,2,2,2,3,2,5,1,3,1,3,1,4,1,4,5,5,4,5,2,3,2,4,3,5,5,5,2,2,1,3,4,3,2,5,8,8Custom Value
13/07/2026 16:56,13/07/2026 17:15,0,100,1127,1,13/07/2026 17:15,R_2CN7scmz0JQLodX,anonymous,EN,1,,"1,2,3",2,18,1,9,,3,2,3,3,4,4,"1,4,5,6,7,8,9,10",8,"5,6,7",,4,4,4,4,2,3,2,2,3,2,2,3,2,3,1,3,1,4,1,4,1,3,2,2,1,4,5,4,5,5,3,3,4,4,4,4,5,5,4,3,3,3,3,4,3,4,5,5Custom Value
13/07/2026 17:09,13/07/2026 17:18,0,100,544,1,13/07/2026 17:18,R_1QAsgNcQAgptYuW,anonymous,EN,0.899999976,,"1,2,3",2,18,1,5,,4,3,3,4,4,4,"4,8,9,10",10,"1,5,7",,3,4,4,5,2,2,3,2,2,2,2,2,2,2,1,2,2,4,1,3,1,2,2,1,1,1,5,4,5,4,4,3,4,4,4,5,5,4,4,4,2,2,4,5,4,5,6,6Custom Value
13/07/2026 17:10,13/07/2026 17:20,0,100,574,1,13/07/2026 17:20,R_YRoBLslDGEbnh1n,anonymous,EN,0.899999976,,"1,2,3",2,19,2,3,,4,2,4,3,4,4,"1,3,4,5,6,7,8,9,10",8,"5,6,7",,5,3,3,5,2,3,4,3,3,2,1,1,1,3,1,2,2,2,1,3,1,2,2,2,1,3,5,4,5,4,4,3,3,4,4,4,3,4,4,4,3,3,4,4,3,4,4,4Custom Value
13/07/2026 17:19,13/07/2026 17:31,0,100,691,1,13/07/2026 17:31,R_tGO3nU4ZuPyPz7H,anonymous,EN,1,,"1,2,3",2,18,1,5,,3,4,4,5,5,5,"1,2,3,4,5,6,7,8,9,10",9,"1,6,7",,5,4,5,5,2,3,5,4,2,2,2,5,2,5,2,3,2,4,1,4,1,5,1,3,1,5,5,5,5,5,4,5,4,5,5,5,5,4,4,4,5,4,5,3,5,2,8,8Custom Value
13/07/2026 17:21,13/07/2026 17:31,0,100,573,1,13/07/2026 17:31,R_3RmxvBny5hSjjdw,anonymous,EN,1,,"1,2,3",2,21,3,3,,5,4,5,4,4,5,"1,4,6,7,8,9",7,"1,5,7",,5,4,5,5,1,1,3,3,5,2,2,5,1,3,2,4,2,5,1,5,1,4,1,4,1,5,5,5,5,4,2,4,3,5,2,5,5,5,3,4,5,3,4,4,3,5,7,7Custom Value
13/07/2026 17:24,13/07/2026 17:33,0,100,560,1,13/07/2026 17:33,R_1M4c5CMxvGOjhRG,anonymous,EN,1,,"1,2,3",2,18,1,3,,3,4,5,3,4,4,"3,4,6,9,10",6,"5,7,9",,5,3,3,4,2,3,2,2,5,2,2,4,2,3,1,4,2,5,1,5,1,4,1,5,1,4,5,4,4,5,3,3,3,5,4,5,5,5,4,5,3,3,3,4,4,5,7,7Custom Value
13/07/2026 17:22,13/07/2026 17:34,0,100,718,1,13/07/2026 17:34,R_1mKpcQkmiCq564p,anonymous,EN,0.300000012,,"1,2,3",1,18,1,9,,4,3,3,4,5,3,"1,2,3,4,5,7,8,9,10",5,"1,3,5",,3,3,3,3,1,3,3,3,5,2,2,5,2,5,2,4,2,3,1,3,1,3,1,4,1,5,5,5,5,5,2,2,4,4,4,4,5,5,4,4,4,4,3,3,4,5,8,8Custom Value
13/07/2026 17:26,13/07/2026 17:34,0,100,508,1,13/07/2026 17:34,R_2rqi8yK6rLYoz1X,anonymous,EN,0.400000006,,"1,2,3",2,18,2,11,,3,4,3,3,5,5,"1,3,4,8,9,10",9,"2,4,5",,4,4,3,4,4,4,4,2,3,2,1,3,2,4,1,2,2,3,1,5,1,2,2,3,2,4,4,4,5,5,4,3,2,4,4,4,5,5,4,4,4,3,1,3,4,4,4,4Custom Value
13/07/2026 17:23,13/07/2026 17:38,0,100,861,1,13/07/2026 17:38,R_Ayz6KgBIvEME7cd,anonymous,EN,0.899999976,,"1,2,3",2,18,1,5,,4,5,5,3,4,4,"1,2,3,4,5,6,7,8,9,10",12,"1,6,7",,4,4,5,5,2,3,5,4,4,2,2,5,2,5,2,2,2,4,1,4,1,4,1,3,1,3,5,5,5,5,5,4,4,5,3,5,5,5,1,5,4,3,4,5,3,5,8,8Custom Value
13/07/2026 17:34,13/07/2026 17:39,0,100,292,1,13/07/2026 17:39,R_2tfHjZuT5gVGmAE,anonymous,EN,1,,"1,2,3",2,18,2,11,,5,5,5,5,3,3,"1,3,4,6,7,9",7,"1,5,7",,5,5,3,5,1,2,1,2,4,2,2,3,1,4,2,2,2,4,1,1,1,5,2,2,2,2,5,5,5,3,1,1,1,3,2,5,5,5,1,1,1,3,5,5,5,5,5,5Custom Value
13/07/2026 17:24,13/07/2026 17:43,0,100,1149,1,13/07/2026 17:43,R_3nwKP12Kj09qRTu,anonymous,EN,1,,"1,2,3",1,22,4,5,,5,2,5,4,4,5,"1,4,6,7,8,9,10",8,"1,5,7",,4,4,3,5,4,2,3,2,4,2,2,5,2,5,2,4,2,3,1,5,1,4,2,3,1,4,5,5,5,4,2,3,3,4,3,5,5,5,5,4,4,2,4,4,3,5,7,7Custom Value
13/07/2026 17:45,13/07/2026 17:55,0,100,553,1,13/07/2026 17:55,R_31m7Y5ZV5smsxO1,anonymous,EN,1,,"1,2,3",2,23,3,11,,4,4,4,4,4,4,"1,3,4,6,7,8,9,10",12,"1,5,7",,5,5,2,5,1,2,2,2,4,2,2,3,2,3,1,3,1,3,1,3,1,3,1,3,1,3,4,4,4,4,4,4,4,4,4,4,4,4,3,3,3,3,3,3,3,3,6,6Custom Value
13/07/2026 17:49,13/07/2026 17:56,0,100,419,1,13/07/2026 17:56,R_2eWjcRBW5fsty8s,anonymous,EN,0.600000024,,"1,2,3",1,18,1,5,,1,3,4,3,1,3,"1,4,7,10",12,"1,2,3",,5,5,3,5,3,3,4,4,4,2,2,5,2,5,2,5,2,5,1,4,1,5,1,5,1,5,5,5,5,5,5,5,5,3,5,5,5,5,4,2,3,3,4,4,3,5,8,8Custom Value
13/07/2026 17:51,13/07/2026 17:56,0,100,298,1,13/07/2026 17:56,R_3NIAZXbTBc0MakR,anonymous,EN,0.899999976,,"1,2,3",2,19,1,9,,5,5,5,5,5,5,"1,3,4,8",10,"1,5,6",,5,5,4,4,3,4,3,2,3,2,2,5,2,5,2,5,2,5,1,2,2,2,2,5,2,2,5,5,5,5,5,5,5,5,4,4,5,5,5,5,5,5,5,5,3,5,5,5Custom Value
13/07/2026 18:04,13/07/2026 18:13,0,100,555,1,13/07/2026 18:13,R_1C9ElMRBRPpKiEz,anonymous,EN,0.899999976,,"1,2,3",2,18,1,7,,5,4,5,3,5,5,"1,3,4,5,6,7,8,9,10",8,"1,3,5",,5,4,3,5,2,5,4,4,4,2,1,5,1,5,2,4,2,5,1,5,2,5,2,5,2,4,5,5,5,5,5,4,4,5,5,5,5,5,5,3,5,2,5,5,3,5,3,3Custom Value
13/07/2026 18:10,13/07/2026 18:18,0,100,508,1,13/07/2026 18:18,R_0upFa3iOp6DKKCB,anonymous,EN,1,,"1,2,3",2,19,1,11,,5,4,3,5,5,5,"1,3,4,5,6,7,8,9,10",10,"1,5,7",,5,3,4,5,2,3,3,2,4,2,1,4,1,4,1,4,2,4,1,4,2,4,1,4,2,4,4,5,5,5,4,4,4,5,4,4,5,5,5,5,5,2,5,5,5,5,3,3Custom Value
13/07/2026 18:15,13/07/2026 18:30,0,100,886,1,13/07/2026 18:30,R_ZESF7oPN0hOc2GZ,anonymous,EN,1,,"1,2,3",1,18,1,9,,3,2,5,4,3,3,"1,3,4,6,7,8,9,10",6,"1,4,5",,2,2,3,4,1,2,2,2,1,2,2,3,2,2,2,5,2,2,1,5,1,3,1,4,1,4,5,3,3,3,1,1,4,3,3,4,3,4,4,3,5,3,4,4,3,5,8,8Custom Value
13/07/2026 18:21,13/07/2026 18:31,0,100,638,1,13/07/2026 18:31,R_1Kr448DpGhJ21L8,anonymous,EN,0.899999976,,"1,2,3",2,20,2,3,,4,3,4,3,2,5,"1,4,9",6,"5,7,9",,4,3,3,4,1,2,2,3,4,2,2,3,1,3,2,4,2,5,1,3,1,3,2,2,1,1,5,4,4,4,4,2,2,3,2,4,5,4,4,3,2,4,4,3,4,4,6,6Custom Value
13/07/2026 18:26,13/07/2026 18:33,0,100,445,1,13/07/2026 18:33,R_1pz2kYEx14Bb79F,anonymous,EN,0.600000024,,"1,2,3",2,18,1,11,,4,2,3,4,5,5,"1,2,3,4,6,7,8,9,10",12,"3,5,7",,5,5,5,5,4,2,2,3,4,2,2,5,2,4,1,3,2,5,1,5,2,3,1,5,1,4,5,5,5,5,3,3,3,5,3,5,5,5,5,4,3,4,1,3,4,5,6,6Custom Value
13/07/2026 18:27,13/07/2026 18:39,0,100,719,1,13/07/2026 18:39,R_PvPQeM0BblAgUKJ,anonymous,EN,0.400000006,,"1,2,3",2,23,4,11,,4,3,4,3,4,4,"1,3,4,5,7,8,9,10",8,"1,2,3",,4,3,3,4,2,2,2,2,4,2,2,5,1,3,2,5,2,4,1,4,1,5,1,4,1,4,5,5,5,5,3,3,3,4,2,5,4,5,4,4,4,3,3,3,3,3,7,7Custom Value
13/07/2026 18:21,13/07/2026 18:39,0,100,1072,1,13/07/2026 18:39,R_2dYNBrmcj94aBd6,anonymous,EN,,,"1,2,3",4,19,3,3,,5,5,5,5,5,4,"1,3,4,5,6,7,8,9,10",4,"3,5,7",,4,3,5,5,1,2,5,2,4,2,1,2,2,2,2,4,2,5,1,3,1,3,1,3,1,2,5,5,4,3,5,3,5,4,5,5,5,5,5,5,5,5,4,4,5,5,7,7Custom Value
13/07/2026 18:05,13/07/2026 18:42,0,100,2211,1,13/07/2026 18:42,R_31EfV32me7GX8yF,anonymous,EN,0.800000012,,"1,2,3",2,20,2,11,,4,3,4,4,3,3,"1,3,4,6,7,8,9",9,"6,7,9",,4,4,5,4,2,4,5,2,5,2,2,4,2,3,1,2,2,4,1,3,2,2,2,2,1,3,5,5,5,4,5,4,3,4,4,4,4,4,4,3,4,3,5,5,3,5,5,5Custom Value
13/07/2026 18:45,13/07/2026 18:52,0,100,445,1,13/07/2026 18:52,R_1pLuMqOs0CdWNSf,anonymous,EN,1,,"1,2,3",2,21,4,9,,4,5,3,2,4,4,"1,2,3,4,6,7,9",7,"5,6,7",,3,4,4,4,1,2,2,3,4,2,2,3,2,1,1,2,1,1,1,3,1,2,2,2,1,2,5,4,4,5,5,4,4,4,3,5,5,5,4,4,3,2,3,3,4,5,5,5Custom Value
13/07/2026 18:49,13/07/2026 19:03,0,100,858,1,13/07/2026 19:03,R_AI2a8JRpbZ6Rt3b,anonymous,EN,1,,"1,2,3",2,21,4,9,,4,4,4,4,3,4,"1,3,4,5,6,7,8,9,10",6,"1,2,3",,5,5,5,5,5,5,5,5,4,2,1,5,2,3,2,5,2,5,1,5,1,4,2,5,1,5,5,5,5,5,4,5,4,5,4,5,5,5,4,4,4,4,4,4,3,4,6,6Custom Value
13/07/2026 20:24,13/07/2026 20:36,0,100,724,1,13/07/2026 20:36,R_rpRRxX0WE1AcNcB,anonymous,EN,0.5,,"1,2,3",2,20,2,11,,4,3,5,5,5,4,"1,4,6,7",10,"1,5,9",,5,5,3,5,2,2,4,3,4,2,2,5,1,5,1,3,2,5,1,4,1,4,2,4,1,2,4,4,4,5,2,2,5,5,4,4,5,5,5,1,2,3,5,4,2,5,5,5Custom Value
13/07/2026 20:41,13/07/2026 20:48,0,100,434,1,13/07/2026 20:48,R_1FQZ1CxSzIctUUH,anonymous,EN,1,,"1,2,3",2,20,2,5,,5,5,1,3,5,3,"4,6,8,9",12,"4,5,6",,3,3,3,3,5,2,2,5,5,2,2,5,2,5,1,5,2,5,1,5,2,5,2,5,2,5,5,5,5,5,1,3,5,4,5,5,5,5,5,1,2,1,5,5,5,5,4,4Custom Value
13/07/2026 20:42,13/07/2026 20:56,0,100,819,1,13/07/2026 20:56,R_3s1bsbO283ZBsi2,anonymous,EN,0.400000006,,"1,2,3",2,22,2,11,,5,4,3,4,4,4,"1,3,4,5,7,8,9,10",8,"3,7,10",,4,4,3,4,3,3,5,2,3,2,2,3,1,2,2,3,2,4,2,3,1,3,2,1,2,1,5,4,4,4,4,3,3,3,3,5,5,5,4,2,3,2,3,3,4,5,4,4Custom Value
13/07/2026 22:42,13/07/2026 22:52,0,100,556,1,13/07/2026 22:52,R_1opCB9xfVlRkzNv,anonymous,EN,0.100000001,,"1,2,3",2,21,4,4,,3,3,3,4,4,4,"1,4,6,7,9,10",12,"3,5,7",,4,4,4,5,1,2,2,2,3,2,2,3,1,4,2,4,2,4,1,4,1,3,1,3,1,3,5,5,5,5,2,1,2,5,2,5,5,5,5,4,3,3,3,3,3,3,7,7Custom Value
14/07/2026 00:28,14/07/2026 00:39,0,100,664,1,14/07/2026 00:39,R_1PdV0R2JhAmDiHu,anonymous,EN,1,,"1,2,3",1,19,2,7,,4,3,3,4,3,4,"1,4,6,7,8,9,10",6,"5,6,7",,4,4,4,3,3,4,3,4,3,2,2,3,1,3,2,3,2,4,1,4,2,3,1,3,1,3,5,4,4,4,3,4,3,4,4,5,4,5,4,4,4,4,5,4,3,3,6,6Custom Value
14/07/2026 00:34,14/07/2026 00:47,0,100,804,1,14/07/2026 00:47,R_3hmsa0mr6HaWaYM,anonymous,EN,0.100000001,,"1,2,3",2,20,2,4,,4,4,5,5,3,5,"1,7",4,"1,2,6",,5,3,5,4,1,2,5,2,3,2,2,5,2,4,2,4,2,3,1,3,2,3,1,4,1,2,5,4,5,2,1,1,1,4,4,5,4,4,5,4,4,4,5,5,1,5,7,7Custom Value
14/07/2026 00:38,14/07/2026 00:47,0,100,548,1,14/07/2026 00:47,R_QgFWCouiduDf8Nr,anonymous,EN,0.600000024,,"1,2,3",2,18,1,11,,5,5,5,4,4,5,"1,4,5,6,7,8,9,10",10,"2,5,7",,5,5,5,5,3,5,5,5,5,2,2,4,1,5,1,5,2,5,1,5,1,2,1,5,1,5,5,5,5,5,5,5,5,5,5,5,4,5,5,4,4,2,4,4,5,5,6,6Custom Value
14/07/2026 00:52,14/07/2026 01:01,0,100,507,1,14/07/2026 01:01,R_T2h2CdiCBONuWPL,anonymous,EN,1,,"1,2,3",2,22,4,9,,3,4,5,5,3,4,"4,8,9",10,"2,7,8",,5,5,3,4,2,3,5,3,4,2,2,5,1,4,1,5,2,5,1,5,2,4,1,3,1,5,5,4,5,4,4,4,2,3,3,4,4,5,5,2,3,1,3,3,3,3,5,5Custom Value
14/07/2026 01:30,14/07/2026 01:43,0,100,810,1,14/07/2026 01:43,R_2P4LSgtIIz9JGCo,anonymous,EN,0.800000012,,"1,2,3",1,20,1,3,,4,3,4,2,2,4,"1,3,4,8,10",12,"1,2,9",,3,3,4,3,2,2,3,1,4,2,2,4,2,4,2,4,2,4,1,4,2,4,1,4,2,4,5,5,5,3,3,2,2,5,2,5,4,5,3,3,3,3,4,3,4,5,6,6Custom Value
14/07/2026 02:01,14/07/2026 02:10,0,100,504,1,14/07/2026 02:10,R_1IvcxO9aqJVJiR1,anonymous,EN,0.800000012,,"1,2,3",2,21,3,11,,4,4,4,4,4,4,"1,3,4,6,8,9,10",9,"3,5,8",,3,3,2,3,2,3,3,3,2,2,2,3,2,3,1,3,2,3,1,3,2,3,2,3,2,3,4,4,4,4,3,3,4,4,3,4,4,4,2,4,3,4,4,4,3,3,4,4Custom Value
14/07/2026 02:07,14/07/2026 02:16,0,100,508,1,14/07/2026 02:16,R_1llS4dGoNpkLvGY,anonymous,EN,1,,"1,2,3",2,23,4,5,,4,4,3,3,3,3,"1,4,5,10",5,"1,2,5",,4,4,4,3,2,2,2,2,4,2,2,3,2,4,2,4,2,2,1,3,1,4,1,4,2,4,5,4,4,4,3,3,3,3,3,4,4,4,4,3,3,3,4,4,4,5,7,7Custom Value
14/07/2026 02:09,14/07/2026 02:19,0,100,584,1,14/07/2026 02:19,R_2aDDeXcMsC4lTFO,anonymous,EN,1,,"1,2,3",2,24,5,11,,5,4,5,4,3,4,"1,4,6,7,8,9",8,"1,2,7",,4,4,3,4,3,4,5,3,3,2,2,4,1,2,1,2,2,3,1,3,1,3,1,3,1,3,5,4,4,5,4,3,4,4,4,4,4,3,3,2,3,2,4,4,5,5,6,6Custom Value
14/07/2026 02:13,14/07/2026 02:35,0,100,1283,1,14/07/2026 02:35,R_3sBrSPZSKjuhAh9,anonymous,EN,0.899999976,,"1,2,3",2,19,1,8,,2,3,1,3,3,2,"1,3,5,8,10",2,"1,2,4",,3,2,3,3,3,3,2,1,4,2,2,2,2,3,2,5,2,4,1,3,1,3,1,3,1,3,5,4,4,5,4,1,4,1,3,5,4,5,5,3,4,3,3,4,3,5,8,8Custom Value
14/07/2026 02:25,14/07/2026 02:36,0,100,680,1,14/07/2026 02:36,R_3QFQaosG1qsH6P3,anonymous,EN,0.899999976,,"1,2,3",2,18,1,10,,3,1,2,4,3,4,"1,4,7,10",8,"1,3,10",,2,3,4,3,3,4,5,4,4,2,1,4,2,1,1,3,2,5,1,2,1,2,1,3,2,3,5,4,5,5,3,4,5,3,2,5,4,5,2,3,1,2,4,5,3,5,5,5Custom Value
14/07/2026 02:40,14/07/2026 02:47,0,100,456,1,14/07/2026 02:47,R_2pY9NgUGVjHGT4Q,anonymous,EN,1,,"1,2,3",2,19,3,11,,4,3,4,4,4,5,"1,4,5,7,9,10",8,"1,6,7",,4,2,3,4,2,2,2,2,4,2,1,2,1,2,1,2,2,3,1,2,1,2,1,2,1,2,5,4,4,4,2,3,4,4,3,3,2,2,4,3,3,3,4,2,2,4,5,5Custom Value
14/07/2026 02:56,14/07/2026 03:08,0,100,723,1,14/07/2026 03:08,R_cNLRDhO2v7FfNbH,anonymous,EN,0.800000012,,"1,2,3",2,19,2,9,,5,4,5,4,4,5,"1,4,7,8,9,10",6,"1,2,7",,5,3,5,5,1,2,5,1,4,2,2,3,2,3,2,2,2,5,1,5,1,4,2,5,2,3,5,5,5,5,2,1,2,4,2,5,5,5,5,2,3,3,2,4,2,4,6,6Custom Value
14/07/2026 03:03,14/07/2026 03:10,0,100,367,1,14/07/2026 03:10,R_wZ7lMWxkkzj8ZcB,anonymous,EN,0.899999976,,"1,2,3",2,18,1,5,,4,3,5,4,2,4,"1,4,6,7,8,9",7,"3,6,7",,3,3,4,4,4,4,3,4,4,2,2,5,1,2,1,2,2,4,1,4,1,3,1,4,2,3,5,5,5,5,4,4,4,5,5,5,5,5,1,3,2,3,5,5,5,5,5,5Custom Value
14/07/2026 03:19,14/07/2026 03:27,0,100,539,1,14/07/2026 03:28,R_1IaZf0I8LNua59w,anonymous,EN,1,,"1,2,3",2,18,1,9,,3,3,3,3,4,4,"1,3,4,8,10",4,"5,6,7",,3,3,3,4,2,2,2,2,4,2,2,4,2,3,1,3,2,5,1,4,1,4,1,5,1,3,5,5,5,5,2,2,3,4,4,3,5,5,4,2,1,1,5,5,5,4,7,7Custom Value
14/07/2026 03:17,14/07/2026 03:31,0,100,840,1,14/07/2026 03:31,R_32MbWidNyjEvv3Z,anonymous,EN,1,,"1,2,3",2,22,4,9,,4,3,4,3,4,4,"1,7,8,10",9,"1,6,7",,4,3,4,5,1,3,3,2,4,2,1,3,2,4,2,4,2,5,1,3,2,2,1,4,1,2,4,4,5,4,1,1,1,1,2,4,4,4,2,2,2,3,4,5,3,5,6,6Custom Value
14/07/2026 03:34,14/07/2026 03:43,0,100,537,1,14/07/2026 03:43,R_3k5IkRT3NZ4X0TI,anonymous,EN,0.5,,"1,2,3",2,19,1,3,,5,5,4,4,3,4,"1,2,3,4,5,6,7,8,9,10",6,"1,5,7",,4,4,2,4,1,1,1,2,4,2,1,2,1,5,2,3,2,5,1,5,1,5,1,5,1,2,5,5,5,4,1,2,3,5,4,4,4,5,1,2,2,3,5,5,5,5,6,6Custom Value
14/07/2026 03:42,14/07/2026 03:51,0,100,509,1,14/07/2026 03:51,R_r8ycRZrlczwVCj7,anonymous,EN,0.300000012,,"1,2,3",1,18,1,11,,4,4,3,4,5,5,"1,6,7,8,10",8,"3,5,7",,2,2,2,5,3,5,5,3,5,2,2,5,1,2,2,3,2,5,1,5,1,5,1,5,1,4,5,5,5,4,5,5,5,5,5,5,4,5,2,1,1,1,1,2,5,5,7,7Custom Value
14/07/2026 03:54,14/07/2026 04:02,0,100,457,1,14/07/2026 04:02,R_3hbDNVJ3yIjefQQ,anonymous,EN,0.600000024,,"1,2,3",2,18,1,9,,5,5,3,5,5,2,"1,4,7,9,10",7,"1,2,3",,5,2,5,5,5,5,5,2,5,2,2,5,2,5,1,5,2,5,1,5,1,5,2,5,1,5,5,5,5,5,2,2,5,5,5,5,5,5,5,5,5,3,1,1,1,5,6,6Custom Value
14/07/2026 04:02,14/07/2026 04:12,0,100,610,1,14/07/2026 04:12,R_3MojhBksVpexcDy,anonymous,EN,0.400000006,,"1,2,3",2,20,3,7,,5,4,5,4,5,5,"1,2,3,4,7,8,9,10",9,"1,3,5",,5,4,4,5,1,2,4,3,2,2,2,5,2,4,2,4,2,5,1,4,2,3,2,4,2,4,5,4,5,4,2,5,3,4,3,5,5,5,3,4,4,3,5,3,3,5,5,5Custom Value
14/07/2026 04:06,14/07/2026 04:16,0,100,605,1,14/07/2026 04:16,R_3MhZEWckvwQCzeR,anonymous,EN,0.800000012,,"1,2,3",2,19,3,9,,4,3,4,3,3,5,"1,3,5,7,10",12,"1,5,7",,4,3,4,4,4,4,4,4,4,2,2,4,1,1,2,2,2,3,1,3,1,2,2,5,2,4,5,5,5,4,5,5,4,5,4,3,4,5,5,4,4,3,4,5,4,5,5,5Custom Value
14/07/2026 04:10,14/07/2026 04:21,0,100,659,1,14/07/2026 04:21,R_3e8eY8Vk41rlrsA,anonymous,EN,1,,"1,2,3",2,21,4,4,,4,4,5,3,2,5,"1,4,5,7,9",12,"7,9,10",,5,4,3,5,2,2,3,2,2,2,2,4,2,2,1,1,2,4,1,1,1,4,2,1,1,1,5,4,5,5,5,4,3,3,3,4,4,5,5,2,2,2,5,5,4,5,6,6Custom Value
07/07/2026 04:28,07/07/2026 04:28,0,3,7,0,14/07/2026 04:28,R_9mdZBpvbSnfBsc0,anonymous,EN,,,"1,2,3",,,,,,,,,,,,,,,,,,,,,,,,,,,,,,,,,,,,,,,,,,,,,,,,,,,,,,,,,,,,,,0,
14/07/2026 04:19,14/07/2026 04:31,0,100,708,1,14/07/2026 04:31,R_2RRnIn1yMmZZvzh,anonymous,EN,0.300000012,,"1,2,3",1,28,4,11,,3,3,3,3,2,3,"1,7",5,"1,2,7",,3,3,3,3,3,3,2,3,3,4,1,4,2,4,2,4,1,3,1,4,2,5,1,4,1,4,5,5,5,5,4,4,4,4,4,4,4,5,4,4,4,4,4,4,4,4,5,5Custom Value
07/07/2026 04:27,07/07/2026 04:36,0,24,520,0,14/07/2026 04:36,R_9joGxs7uUfl9lgR,anonymous,EN,,,"1,2,3",1,21,4,3,3,3,4,3,3,3,2,"3,4,6,8,9",3,"2,4,8",,,,,,,,,,,,,,,,,,,,,,,,,,,,,,,,,,,,,,,,,,,,,,,,0,
14/07/2026 04:18,14/07/2026 04:37,0,100,1149,1,14/07/2026 04:37,R_1rI9P9ku1WKdmlw,anonymous,EN,0.899999976,,"1,2,3",2,21,3,5,,4,3,4,2,2,3,"1,4,6,8,10",8,"4,5,7",,4,3,4,5,2,4,4,2,4,2,1,2,2,4,1,4,2,4,1,5,1,4,1,4,2,4,4,4,4,4,3,3,3,3,3,4,4,4,4,4,3,3,3,3,3,5,5,5Custom Value
14/07/2026 04:27,14/07/2026 04:44,0,100,1030,1,14/07/2026 04:44,R_tYXnXQhBSjvCe41,anonymous,EN,1,,"1,2,3",2,20,1,10,,4,4,2,3,3,4,"1,3,6,7,9,10",6,"1,3,5",,4,2,5,3,2,2,3,4,4,2,2,4,2,4,1,3,2,5,2,4,1,3,1,5,1,4,4,4,5,5,2,4,3,5,4,5,5,4,1,2,1,1,4,5,4,5,6,6Custom Value
07/07/2026 04:49,07/07/2026 04:50,0,13,38,0,14/07/2026 04:50,R_9rkPzQuVrQHbXgO,anonymous,EN,,,"1,2,3",2,20,2,5,4,,,,,,,,,,,,,,,,,,,,,,,,,,,,,,,,,,,,,,,,,,,,,,,,,,,,,,,,,0,
14/07/2026 04:29,14/07/2026 04:50,0,100,1245,1,14/07/2026 04:50,R_2uewZkPZ4IGB4t3,anonymous,EN,0.800000012,,"1,2,3",2,18,1,4,,4,2,4,3,2,4,"1,4,10",7,"5,7,10",,5,5,4,5,3,2,3,3,4,2,2,4,2,4,2,3,2,4,1,4,1,4,1,4,1,3,5,5,4,4,4,4,4,5,3,4,4,5,3,4,4,3,5,4,3,5,8,8Custom Value
14/07/2026 04:44,14/07/2026 04:56,0,100,699,1,14/07/2026 04:56,R_riIcfrITsxIwCo9,anonymous,EN,0.899999976,,"1,2,3",2,20,4,5,,4,4,2,3,2,2,"1,4,6,7,8,9,10",3,"5,6,7",,5,3,4,5,4,3,4,3,5,2,2,3,2,5,2,5,2,5,1,5,2,3,1,4,1,3,5,5,5,5,2,2,5,5,5,5,5,5,5,1,1,1,4,5,5,5,7,7Custom Value
14/07/2026 04:49,14/07/2026 04:59,0,100,560,1,14/07/2026 04:59,R_3k0sL8ze2qzg5pK,anonymous,EN,0.400000006,,"1,2,3",1,20,3,9,,3,2,5,2,3,3,"1,3,4,7,10",6,"5,9,10",,4,5,5,5,1,1,2,1,5,2,2,5,1,4,2,3,2,4,1,3,1,3,1,3,2,3,5,5,5,1,1,1,1,5,3,5,5,5,3,4,2,4,3,5,4,5,6,6Custom Value
14/07/2026 04:51,14/07/2026 05:03,0,100,746,1,14/07/2026 05:03,R_2QST6HVn6GRCoDq,anonymous,EN,0.899999976,,"1,2,3",2,21,4,10,,3,3,4,5,3,3,"2,3,4,5,7,8,9",6,"5,6,7",,2,2,4,5,3,3,4,2,3,2,2,5,1,4,2,5,2,5,1,5,1,5,1,5,1,5,5,4,4,4,3,2,3,3,3,5,5,5,5,1,4,1,5,5,1,5,7,7Custom Value
14/07/2026 05:06,14/07/2026 05:16,0,100,586,1,14/07/2026 05:16,R_2B3CJ8v1flKr95k,anonymous,EN,0.899999976,,"1,2,3",2,18,1,11,,2,1,3,1,3,2,"1,3,4,5,6,7,8,10",3,"1,3,5",,3,2,3,3,3,3,2,2,4,2,1,3,1,3,2,4,2,5,1,3,2,2,1,3,1,3,5,4,3,3,3,4,4,4,2,5,4,4,4,2,2,3,4,4,4,5,5,5Custom Value
14/07/2026 03:25,14/07/2026 05:22,0,100,7044,1,14/07/2026 05:22,R_1CyKsK5CbRNs7Cj,anonymous,EN,1,,"1,2,3",2,21,3,5,,5,4,5,5,4,5,"1,2,3,4,5,6,7,8,9,10",12,"1,7,10",,5,2,5,5,1,1,4,3,4,2,2,5,2,1,1,5,2,5,1,5,1,5,1,5,1,5,5,5,5,5,3,5,3,5,3,5,5,5,2,2,1,1,5,5,3,5,7,7Custom Value
14/07/2026 05:24,14/07/2026 05:28,0,100,237,1,14/07/2026 05:28,R_PAmRCUNuyPLgRBT,anonymous,EN,1,,"1,2,3",3,18,1,3,,3,4,3,3,3,3,"1,5",7,"4,6,9",,4,2,3,1,5,4,1,2,2,2,2,5,1,3,2,1,2,5,1,2,1,2,1,2,2,2,4,4,2,2,3,2,4,4,2,2,4,4,3,2,1,1,2,2,2,3,6,6Custom Value
14/07/2026 05:18,14/07/2026 05:32,0,100,807,1,14/07/2026 05:32,R_2Qilhu5NEKHCAyY,anonymous,EN,0.699999988,,"1,2,3",1,25,6,5,,3,2,3,3,1,2,"1,2,3,4,5,6,7,8,9,10",2,"2,5,7",,3,3,3,3,4,2,2,2,5,2,2,5,2,5,2,5,2,5,1,4,1,3,1,3,1,3,4,4,4,5,4,2,4,4,4,5,5,5,2,2,2,2,4,3,4,4,8,8Custom Value
14/07/2026 05:30,14/07/2026 05:39,0,100,537,1,14/07/2026 05:39,R_1Dqndsz5orpqNJp,anonymous,EN,0.899999976,,"1,2,3",2,18,1,11,,3,2,4,1,3,4,"1,4,7,8,9,10",5,"1,5,7",,3,2,1,4,1,2,2,2,4,2,2,4,2,3,2,1,2,5,1,4,1,3,2,2,1,1,5,5,4,4,2,3,3,5,4,4,4,5,4,3,4,3,3,4,4,5,7,7Custom Value
14/07/2026 05:34,14/07/2026 06:04,0,100,1781,1,14/07/2026 06:04,R_3JlTXuLvfbDIaS3,anonymous,EN,1,,"1,2,3",2,22,4,6,,5,3,4,3,4,4,"1,3,4,9,10",12,"1,2,4",,5,3,5,5,1,3,4,2,2,2,2,4,2,4,1,4,2,4,1,4,1,4,1,4,1,4,5,5,5,5,3,4,4,3,4,4,4,4,5,2,3,3,3,3,2,5,7,7Custom Value
07/07/2026 06:12,07/07/2026 06:13,0,13,42,0,14/07/2026 06:13,R_9orrj469ERfNDrz,anonymous,EN,,,"1,2,3",2,20,2,3,4,,,,,,,,,,,,,,,,,,,,,,,,,,,,,,,,,,,,,,,,,,,,,,,,,,,,,,,,,0,
07/07/2026 06:14,07/07/2026 06:16,0,13,99,0,14/07/2026 06:16,R_46nnuPlWJhHGDtm,anonymous,EN,,,"1,2,3",2,21,3,10,4,,,,,,,,,,,,,,,,,,,,,,,,,,,,,,,,,,,,,,,,,,,,,,,,,,,,,,,,,0,
14/07/2026 06:13,14/07/2026 06:21,0,100,522,1,14/07/2026 06:22,R_2tu8dMPnrN3jxdV,anonymous,EN,0.100000001,,"1,2,3",4,18,1,1,,1,1,1,1,1,1,11,2,"4,5,7",,2,2,2,2,3,2,2,2,5,2,2,3,1,2,2,2,2,2,2,2,1,2,2,2,1,2,4,4,4,4,1,2,2,4,4,4,4,4,2,2,2,2,2,4,4,4,5,5Custom Value
14/07/2026 06:18,14/07/2026 06:25,0,100,424,1,14/07/2026 06:25,R_29oqzWsNaeboZuF,anonymous,EN,0.899999976,,"1,2,3",2,21,2,6,,4,3,4,5,2,3,"1,3,5,7,9,10",6,"3,5,7",,4,5,3,4,2,3,4,3,4,2,2,2,1,1,2,2,2,3,1,1,2,3,2,4,2,3,4,5,4,5,4,4,3,4,4,4,4,4,5,2,5,2,4,5,4,5,4,4Custom Value
14/07/2026 06:21,14/07/2026 06:31,0,100,641,1,14/07/2026 06:31,R_27eNJcIrt1tlg0D,anonymous,EN,0.600000024,,"1,2,3",2,18,1,6,,3,2,3,1,4,5,"1,3,4,5,6,7,8,9,10",7,"1,5,7",,4,4,4,5,2,3,3,4,4,2,1,3,2,4,2,4,2,5,1,5,1,3,2,3,2,4,5,5,5,5,3,2,3,5,4,4,4,5,5,5,4,3,3,2,3,4,5,5Custom Value
14/07/2026 06:22,14/07/2026 06:34,0,100,721,1,14/07/2026 06:34,R_3PXYtigbJA5Ulqq,anonymous,EN,1,,"1,2,3",2,20,2,9,,5,3,4,4,4,5,"1,3,4,5,6,7,8,9,10",7,"1,5,7",,5,4,5,5,2,3,3,4,4,2,2,5,2,4,2,5,2,5,1,5,1,4,1,3,1,4,5,4,4,5,4,5,4,5,4,4,5,5,1,1,1,2,4,5,3,5,8,8Custom Value
14/07/2026 06:33,14/07/2026 06:39,0,100,342,1,14/07/2026 06:39,R_3qCqDSTg35k23Ki,anonymous,EN,1,,"1,2,3",1,18,1,3,,5,5,3,4,4,4,"1,2,3,4,5,6,7,8,10",12,"1,5,7",,5,3,5,4,3,3,5,5,4,2,2,5,2,3,2,5,2,5,1,3,1,3,1,3,2,3,5,5,5,5,4,5,5,5,5,5,5,5,3,2,3,2,5,5,4,5,7,7Custom Value
14/07/2026 06:47,14/07/2026 07:07,0,100,1191,1,14/07/2026 07:07,R_3fbfgzA4B3ffcRP,anonymous,EN,0.100000001,,"1,2,3",1,18,2,9,,4,4,3,3,4,3,"1,2,4,7,8",8,"1,6,7",,4,2,3,4,1,2,2,2,4,2,1,4,1,4,2,4,2,3,1,4,1,2,2,3,2,4,5,5,4,4,2,2,4,4,4,5,5,5,3,3,3,4,4,4,2,4,4,4Custom Value
14/07/2026 07:08,14/07/2026 07:17,0,100,508,1,14/07/2026 07:17,R_1dmjfSdtS0LbzO8,anonymous,EN,1,,"1,2,3",1,18,1,7,,3,3,4,3,3,2,"1,4,6,7,8,10",8,"1,5,7",,3,2,3,4,2,2,3,2,3,2,1,3,2,3,2,1,2,3,1,4,1,3,1,2,1,3,4,4,4,4,2,2,3,4,3,5,5,5,2,3,3,4,4,4,3,4,7,7Custom Value
14/07/2026 07:21,14/07/2026 07:32,0,100,655,1,14/07/2026 07:32,R_2t9khx1lZwmcBSy,anonymous,EN,1,,"1,2,3",2,18,1,11,,4,3,3,3,4,5,"1,2,3,4,6,8,10",12,"1,5,9",,5,5,5,5,3,3,2,2,4,2,1,3,2,5,2,5,2,5,1,5,1,2,1,5,1,5,5,5,5,5,3,3,4,5,5,4,5,5,4,3,4,3,3,4,3,5,7,7Custom Value
14/07/2026 07:24,14/07/2026 07:32,0,100,513,1,14/07/2026 07:32,R_UoUQaiEtd8stnYl,anonymous,EN,1,,"1,2,3",2,19,1,2,,3,4,2,4,4,4,"1,3,4,7,8,9,10",6,"1,5,7",,5,4,5,5,2,3,5,3,1,2,2,5,2,5,1,5,2,5,2,5,1,5,2,5,1,5,5,5,5,5,4,5,5,5,4,5,5,5,5,5,4,3,4,1,5,5,5,5Custom Value
14/07/2026 07:40,14/07/2026 07:45,0,100,334,1,14/07/2026 07:45,R_1DRVnkhZeutmvFr,anonymous,EN,0.300000012,,"1,2,3",2,18,1,2,,5,4,4,4,5,3,"1,3,4,5,6,7,8,9,10",11,"1,2,3",,4,4,5,5,3,3,4,3,2,2,2,5,1,3,1,2,2,3,1,5,1,4,1,4,1,4,5,5,5,5,4,3,4,3,3,5,5,5,2,4,3,2,4,5,4,5,6,6Custom Value
14/07/2026 07:38,14/07/2026 07:47,0,100,553,1,14/07/2026 07:47,R_10JI73CrxclR796,anonymous,EN,0.100000001,,"1,2,3",2,18,1,11,,4,3,4,3,3,5,"1,3,4,5,6,7,8,9,10",8,"5,7,10",,4,3,5,4,2,2,3,2,4,1,2,4,2,3,1,3,2,5,1,3,1,4,1,3,1,3,4,4,5,5,3,3,3,3,3,5,5,5,3,2,3,2,4,3,3,3,7,7Custom Value
14/07/2026 07:41,14/07/2026 07:51,0,100,600,1,14/07/2026 07:51,R_3MsbwcQquGFv459,anonymous,EN,0.800000012,,"1,2,3",2,20,3,9,,5,5,3,4,5,5,"1,4,6,7,8,9,10",12,"5,6,7",,5,4,5,5,1,3,2,2,4,2,2,5,2,4,2,5,2,5,1,5,1,3,2,5,1,4,5,5,5,5,2,2,4,5,2,5,5,5,3,3,4,4,1,1,3,5,7,7Custom Value
14/07/2026 07:55,14/07/2026 08:07,0,100,733,1,14/07/2026 08:07,R_24d6VKljM7kDVuB,anonymous,EN,0.899999976,,"1,2,3",2,20,2,4,,5,4,5,3,4,4,"1,3,4,5,7,9,10",8,"2,5,9",,3,2,3,3,1,2,5,2,4,2,2,5,2,3,2,5,2,5,1,5,1,4,1,4,1,4,5,5,5,5,4,1,1,5,2,5,5,5,5,2,1,2,5,5,3,5,8,8Custom Value
14/07/2026 07:59,14/07/2026 08:08,0,100,551,1,14/07/2026 08:08,R_XMugNkCKZoslX9v,anonymous,EN,0.600000024,,"1,2,3",2,19,1,2,,5,3,4,2,2,5,"1,2,3,4,5,6,7,8,9,10",12,"3,4,5",,5,2,2,5,2,2,2,1,5,2,2,5,2,4,2,4,2,5,1,4,1,5,1,5,1,5,5,5,5,5,3,2,1,5,2,5,5,5,3,3,2,2,4,4,4,5,8,8Custom Value
14/07/2026 07:59,14/07/2026 08:11,0,100,733,1,14/07/2026 08:11,R_yOubeReZjM7srGF,anonymous,EN,0.100000001,,"1,2,3",2,19,1,7,,4,3,3,5,2,2,"1,4,8,9,10",10,"5,7,10",,5,4,3,5,2,4,3,3,5,2,2,4,2,5,1,5,2,5,1,5,1,4,1,5,2,3,5,5,5,5,5,4,4,5,4,5,5,5,4,4,4,4,4,4,4,5,6,6Custom Value
14/07/2026 08:04,14/07/2026 08:16,0,100,743,1,14/07/2026 08:16,R_O0CMcOvshytG9Rn,anonymous,EN,1,,"1,2,3",2,18,1,11,,4,3,4,3,5,5,"1,3,4,7,10",7,"1,5,10",,5,4,3,4,1,2,4,3,4,2,2,3,1,3,1,3,2,5,1,4,1,3,1,3,1,4,5,4,5,4,5,4,4,5,4,5,5,5,3,4,2,3,5,1,2,5,6,6Custom Value
07/07/2026 08:19,07/07/2026 08:20,0,13,73,0,14/07/2026 08:20,R_9kvuzZQMTInbtOm,anonymous,EN,,,"1,2,3",1,19,2,6,3,,,,,,,,,,,,,,,,,,,,,,,,,,,,,,,,,,,,,,,,,,,,,,,,,,,,,,,,,0,
14/07/2026 08:23,14/07/2026 08:31,0,100,504,1,14/07/2026 08:31,R_1gNsQSOUVHufsK9,anonymous,EN,1,,"1,2,3",1,19,1,11,,4,3,3,4,3,4,"4,6,7,8,10",12,"1,2,5",,4,2,3,3,2,2,2,3,1,2,2,5,2,5,2,5,2,5,1,5,1,3,2,3,1,4,5,5,5,4,3,3,3,3,3,4,5,5,4,5,5,4,4,4,4,4,7,7Custom Value
07/07/2026 08:45,07/07/2026 08:49,0,13,242,0,14/07/2026 08:49,R_4d9VSaD8XLwtCfu,anonymous,EN,,,"1,2,3",1,21,4,5,4,,,,,,,,,,,,,,,,,,,,,,,,,,,,,,,,,,,,,,,,,,,,,,,,,,,,,,,,,0,
07/07/2026 08:57,07/07/2026 08:58,0,13,68,0,14/07/2026 08:58,R_9MxuT9QfLLqm5sZ,anonymous,EN,,,"1,2,3",1,21,1,5,4,,,,,,,,,,,,,,,,,,,,,,,,,,,,,,,,,,,,,,,,,,,,,,,,,,,,,,,,,0,
14/07/2026 09:12,14/07/2026 09:23,0,100,632,1,14/07/2026 09:23,R_3ERc2LzVB7ecS87,anonymous,EN,0.899999976,,"1,2,3",2,18,1,5,,5,2,4,2,1,3,"1,4,6,7,8,9",6,"1,7,10",,4,3,2,3,2,3,3,2,4,2,2,5,1,3,2,4,2,5,1,3,2,3,2,2,1,3,5,5,5,3,2,1,3,5,2,5,5,5,3,1,2,2,5,5,3,5,5,5Custom Value
14/07/2026 09:22,14/07/2026 09:29,0,100,397,1,14/07/2026 09:29,R_RCC7ldEo5K0mgPD,anonymous,EN,0.899999976,,"1,2,3",1,99,4,3,,3,3,1,1,1,3,"1,5,8",12,"2,6,7",,3,5,5,5,1,1,1,1,4,3,2,3,2,5,2,5,2,3,1,3,1,3,2,4,2,4,3,5,5,3,1,1,1,5,5,5,5,5,1,1,1,1,1,5,1,5,6,6Custom Value
14/07/2026 09:28,14/07/2026 09:36,0,100,456,1,14/07/2026 09:36,R_33anHHulX6GrN9D,anonymous,EN,1,,"1,2,3",2,18,1,7,,3,3,4,3,4,5,"1,4,7,8,10",12,"5,7,9",,5,5,4,5,1,3,4,2,4,2,2,4,1,3,2,4,2,5,1,4,1,5,1,5,1,3,5,5,5,5,1,4,1,4,2,5,4,4,4,4,4,2,4,4,4,5,7,7Custom Value
07/07/2026 09:32,07/07/2026 09:48,0,90,990,0,14/07/2026 09:48,R_4gTnw4YXurlqVSU,anonymous,EN,,,"1,2,3",2,20,2,3,5,5,5,5,5,4,5,"1,2,3,4,5,6,7,8,9",10,"1,5,7",,5,3,5,5,2,2,4,4,4,2,2,5,2,5,2,5,2,5,1,5,1,3,1,5,1,5,5,4,4,4,4,4,2,3,5,4,5,4,,,,,,,,,8,
07/07/2026 09:51,07/07/2026 09:51,0,3,29,0,14/07/2026 09:51,R_9wHO7MV7xUPoBWB,anonymous,EN,,,"1,2,3",,,,,,,,,,,,,,,,,,,,,,,,,,,,,,,,,,,,,,,,,,,,,,,,,,,,,,,,,,,,,,0,
14/07/2026 11:14,14/07/2026 11:20,0,100,391,1,14/07/2026 11:20,R_1NCi1m0UzPluvas,anonymous,EN,0.800000012,,"1,2,3",1,19,3,6,,5,4,4,5,4,5,"1,4,6,7,8,10",12,"1,9,10",,5,5,5,5,2,3,4,3,5,2,2,2,1,4,2,5,2,5,1,4,1,4,1,3,1,4,5,5,5,5,4,4,3,5,4,5,5,5,5,5,4,3,4,4,4,5,7,7Custom Value
14/07/2026 11:26,14/07/2026 11:38,0,100,693,1,14/07/2026 11:38,R_1kYBq8p6x0q1kRx,anonymous,EN,1,,"1,2,3",3,18,1,4,,4,4,4,1,2,4,"1,3,4,5,7,9",8,"1,5,7",,3,4,4,4,2,3,4,2,1,2,1,4,1,5,2,3,2,5,1,3,1,3,2,3,2,2,4,5,5,4,2,2,3,3,1,5,4,4,4,3,4,3,4,3,4,4,4,4Custom Value
14/07/2026 11:38,14/07/2026 11:48,0,100,554,1,14/07/2026 11:48,R_2AL7i8xeNuaL5GT,anonymous,EN,1,,"1,2,3",2,20,2,2,,5,3,5,3,4,5,"1,4,7,8,9,10",7,"1,3,5",,5,3,5,5,1,1,3,3,3,2,2,3,1,2,1,2,2,3,1,2,2,2,2,3,1,2,5,4,4,3,4,4,2,3,2,5,4,5,2,1,2,2,4,4,5,5,4,4Custom Value
14/07/2026 11:39,14/07/2026 11:49,0,100,615,1,14/07/2026 11:49,R_3Hh3yWtHrkjX14I,anonymous,EN,0.899999976,,"1,2,3",2,19,2,11,,4,3,3,4,3,4,"1,7,10",9,"5,7,10",,3,3,3,4,3,4,4,2,2,2,2,3,2,3,1,3,2,2,1,2,2,1,1,2,2,1,5,3,4,4,3,4,2,4,2,3,3,3,3,2,3,3,4,4,3,5,5,5Custom Value
14/07/2026 11:50,14/07/2026 11:57,0,100,398,1,14/07/2026 11:57,R_2ATkzLKxqqKESgw,anonymous,EN,1,,"1,2,3",1,19,1,6,,3,2,1,3,3,3,"1,3,4,5,7,10",9,"1,3,9",,3,2,3,2,1,1,3,2,5,2,1,4,2,4,2,3,2,3,1,5,1,3,1,2,1,3,5,5,5,4,4,2,2,3,5,4,4,4,1,1,1,1,5,5,5,5,7,7Custom Value
14/07/2026 12:06,14/07/2026 12:16,0,100,644,1,14/07/2026 12:16,R_3DtjcF0uo6I3FgL,anonymous,EN,1,,"1,2,3",2,18,1,2,,3,2,4,1,3,4,"3,4,7,8,9,10",8,"2,4,5",,3,3,3,3,2,2,4,3,4,2,2,5,2,3,2,5,2,5,1,5,1,5,1,4,2,5,5,4,4,5,4,4,4,5,3,5,5,5,4,3,3,3,5,5,5,5,7,7Custom Value
14/07/2026 12:17,14/07/2026 12:28,0,100,627,1,14/07/2026 12:28,R_3jeO9FAQUUT3a9e,anonymous,EN,1,,"1,2,3",2,18,1,4,,3,3,4,3,3,4,"1,2,3,4,5,6,7,8,9,10",6,"3,5,7",,4,3,5,4,2,2,3,2,4,2,2,4,2,3,1,2,2,3,1,4,2,2,1,3,1,2,5,4,4,5,2,4,4,5,4,5,5,5,2,2,2,2,4,4,2,4,6,6Custom Value
14/07/2026 12:18,14/07/2026 12:31,0,100,777,1,14/07/2026 12:31,R_zePOPNZBQvUEVfH,anonymous,EN,0.400000006,,"1,2,3",2,18,2,10,,3,2,5,2,3,4,"1,3,4,5,6,7,8,9,10",7,"1,5,7",,3,3,2,5,1,3,3,2,4,2,2,5,2,3,2,2,2,4,1,5,1,2,1,4,1,3,5,4,5,4,2,1,1,4,2,5,5,5,1,2,1,2,4,5,3,5,8,8Custom Value
14/07/2026 12:26,14/07/2026 12:32,0,100,319,1,14/07/2026 12:32,R_2eWPtSxm5anGkWT,anonymous,EN,1,,"1,2,3",2,21,4,11,,5,4,4,5,4,5,"1,4,6,8,9,10",7,"1,4,6",,5,5,4,3,2,3,3,2,3,2,2,5,1,2,2,4,2,5,1,3,2,4,2,3,1,3,5,5,5,4,3,2,2,5,3,5,5,5,2,2,3,4,4,5,3,4,5,5Custom Value
14/07/2026 12:55,14/07/2026 13:08,0,100,739,1,14/07/2026 13:08,R_2Cyxgb8gXWTQkBd,anonymous,EN,0.400000006,,"1,2,3",2,18,1,4,,4,2,3,2,4,4,"1,4,8,9,10",9,"2,3,9",,2,2,4,5,4,4,3,3,4,2,2,5,1,2,2,5,2,5,1,5,1,2,2,3,1,4,5,5,5,4,3,4,2,5,4,5,5,5,3,1,2,4,4,5,3,4,6,6Custom Value
14/07/2026 13:25,14/07/2026 13:35,0,100,595,1,14/07/2026 13:35,R_1nMTN95FSPQXqGE,anonymous,EN,1,,"1,2,3",1,18,1,11,,3,2,5,5,5,3,"1,2,3,4,6,7,8,10",8,"1,2,8",,5,5,5,5,1,1,1,1,2,2,2,5,2,4,2,5,2,3,1,5,1,5,1,5,1,5,5,5,5,1,1,1,1,5,1,2,3,3,5,2,4,2,5,5,3,5,8,8Custom Value
14/07/2026 13:54,14/07/2026 14:02,0,100,472,1,14/07/2026 14:02,R_2OHoFk205N3aRZh,anonymous,EN,1,,"1,2,3",2,25,4,10,,3,2,2,2,3,3,"4,8,9",10,"7,9,10",,4,4,3,4,5,4,4,4,4,2,2,5,2,5,2,5,2,5,1,5,1,5,1,3,1,3,5,4,5,5,5,5,3,5,3,5,5,5,2,2,2,1,2,3,5,5,8,8Custom Value
14/07/2026 13:37,14/07/2026 14:04,0,100,1620,1,14/07/2026 14:04,R_DSQSFXL0g0DdSb7,anonymous,EN,0.400000006,,"1,2,3",2,20,2,11,,2,3,4,2,4,4,"1,7,10",6,"1,2,5",,3,3,4,4,1,3,3,2,1,2,2,5,2,5,2,4,2,5,1,3,1,4,2,2,1,3,5,5,5,5,1,1,2,5,2,4,5,5,3,4,4,4,5,5,3,5,7,7Custom Value
14/07/2026 13:55,14/07/2026 14:13,0,100,1106,1,14/07/2026 14:13,R_1lyFU238S99qaT9,anonymous,EN,,,"1,2,3",2,19,1,10,,3,3,4,3,4,3,"1,4,6,7",4,"1,5,7",,4,3,3,4,5,4,3,3,5,2,2,3,2,3,2,3,2,4,1,3,1,3,1,4,1,3,5,4,4,4,3,4,3,5,5,5,4,5,3,2,1,1,4,5,3,5,8,8Custom Value
14/07/2026 14:05,14/07/2026 14:14,0,100,507,1,14/07/2026 14:14,R_2ByX7kIda9Qp8Fb,anonymous,EN,0.899999976,,"1,2,3",2,19,2,7,,5,5,5,5,5,5,"1,4,6,7,8,9,10",5,"1,2,3",,5,2,2,2,1,1,1,1,5,2,1,3,1,3,2,5,2,5,1,3,1,3,2,5,2,5,5,5,5,5,1,1,2,5,4,5,5,5,5,3,3,4,3,4,4,5,4,4Custom Value
14/07/2026 14:12,14/07/2026 14:17,0,100,328,1,14/07/2026 14:17,R_ApW8g2c6TigHugh,anonymous,EN,1,,"1,2,3",2,18,1,5,,4,3,5,5,2,5,"1,2,3,7,10",12,"1,3,5",,5,3,5,3,5,5,3,3,5,2,2,4,1,3,2,5,1,3,1,3,2,3,2,5,1,4,5,5,5,5,4,5,5,5,4,5,5,5,5,3,3,2,3,4,3,3,4,4Custom Value
14/07/2026 14:43,14/07/2026 14:51,0,100,481,1,14/07/2026 14:52,R_pR8N4wFZeMVok1P,anonymous,EN,0.899999976,,"1,2,3",2,24,2,9,,4,3,3,2,3,4,"1,3,4,5,6,7,8,9,10",8,"1,2,6",,3,2,2,3,5,2,3,3,4,2,2,3,2,3,2,4,2,5,1,5,1,4,1,4,1,3,5,4,5,5,4,4,3,4,3,4,4,5,4,4,4,4,4,4,4,4,8,8Custom Value
14/07/2026 14:48,14/07/2026 14:57,0,100,565,1,14/07/2026 14:57,R_22s1DjrZkBuqsEf,anonymous,EN,1,,"1,2,3",2,18,1,2,,4,2,4,4,4,4,"1,4,5,6,7,8,10",10,"1,5,7",,4,4,5,4,1,3,5,4,5,2,2,5,2,4,1,4,2,5,1,5,1,5,1,5,1,5,5,4,4,5,2,5,5,5,4,5,5,5,2,2,2,3,5,5,4,5,7,7Custom Value
14/07/2026 15:14,14/07/2026 15:24,0,100,642,1,14/07/2026 15:24,R_V3kzj7V1RoT7q0N,anonymous,EN,0.400000006,,"1,2,3",2,19,1,6,,4,3,2,3,4,4,"1,4,7,8",4,"5,7,10",,3,1,3,3,1,2,2,2,1,2,1,1,1,3,2,1,2,5,1,1,1,1,1,1,1,2,5,4,5,4,1,1,1,5,2,5,5,5,5,2,2,3,3,3,3,2,6,6Custom Value
14/07/2026 15:31,14/07/2026 15:42,0,100,688,1,14/07/2026 15:42,R_23M5G3CVUC9Utzj,anonymous,EN,0.800000012,,"1,2,3",4,21,4,4,,4,4,4,5,4,5,"1,2,3,4,5,6,7,8,9,10",12,"5,6,7",,5,5,5,5,1,5,5,5,4,2,2,5,2,4,2,4,2,4,1,4,1,4,2,4,1,4,4,4,5,5,4,5,4,4,4,5,5,5,4,4,4,3,3,3,2,2,7,7Custom Value
14/07/2026 15:41,14/07/2026 15:55,0,100,793,1,14/07/2026 15:55,R_BG3LwZpuPWPo1zz,anonymous,EN,1,,"1,2,3",2,18,1,11,,4,2,3,2,3,4,"1,4,7,8",8,"1,5,7",,4,3,2,3,1,2,3,3,4,2,2,3,2,3,2,3,2,2,1,3,1,3,2,2,1,3,5,5,5,3,1,4,2,4,2,5,5,5,2,2,2,3,4,4,3,5,7,7Custom Value
14/07/2026 15:51,14/07/2026 16:05,0,100,834,1,14/07/2026 16:05,R_3JzlZafgKclRTpG,anonymous,EN,0.699999988,,"1,2,3",1,18,1,5,,3,5,4,2,2,4,"1,4,6,7,8,9,10",8,"1,4,5",,5,5,4,4,3,5,5,4,3,2,2,3,1,2,2,2,2,5,1,4,1,3,1,4,1,2,5,5,4,5,5,4,4,5,5,5,5,5,4,1,5,3,4,3,4,5,7,7Custom Value
14/07/2026 16:05,14/07/2026 16:16,0,100,700,1,14/07/2026 16:16,R_3J2FOBuO2MuwKn9,anonymous,EN,1,,"1,2,3",2,19,1,11,,3,1,3,2,3,5,"1,4,6,7,8,9,10",8,"5,7,10",,4,4,2,4,1,2,2,1,4,2,2,4,1,3,2,1,2,4,1,4,1,3,2,4,1,4,5,5,5,3,1,1,1,3,1,5,5,5,2,1,1,1,5,4,4,5,6,6Custom Value
14/07/2026 16:18,14/07/2026 16:33,0,100,900,1,14/07/2026 16:33,R_3eeJ7tymrt2xkiO,anonymous,EN,0.800000012,,"1,2,3",2,20,3,10,,3,2,4,4,2,3,"1,4,7,9,10",4,"1,5,7",,3,3,2,4,1,1,2,3,4,2,2,5,2,3,2,4,1,4,1,4,2,3,1,5,2,3,5,5,5,3,2,4,4,5,5,5,5,5,4,5,5,5,4,4,4,5,5,5Custom Value
14/07/2026 16:43,14/07/2026 16:57,0,100,842,1,14/07/2026 16:57,R_2YtsdzmTJ8NVkTq,anonymous,EN,0.899999976,,"1,2,3",2,19,3,3,,3,1,4,1,2,4,"1,4,7,8,10",5,"1,5,9",,2,1,4,3,1,1,3,2,4,2,2,5,2,2,2,5,2,5,1,4,1,5,1,3,1,3,5,5,5,2,1,4,4,5,1,4,5,4,5,3,2,2,5,4,5,5,8,8Custom Value
14/07/2026 17:19,14/07/2026 17:28,0,100,502,1,14/07/2026 17:28,R_31cqesxsaTL1gQ9,anonymous,EN,1,,"1,2,3",2,18,1,2,,4,5,4,5,3,4,"1,4,6,7,8,10",10,"1,5,7",,4,4,5,5,1,1,4,3,5,2,2,5,2,4,2,1,1,1,1,5,1,5,1,3,2,1,5,5,5,4,3,2,3,5,2,5,5,5,5,1,1,1,5,5,3,5,6,6Custom Value
14/07/2026 18:29,14/07/2026 18:38,0,100,580,1,14/07/2026 18:39,R_20UPzbXnfmHmw5H,anonymous,EN,1,,"1,2,3",2,20,1,4,,4,2,1,2,4,5,"1,4,6,7,8,9,10",12,"1,6,7",,5,5,5,5,3,3,4,3,4,2,2,5,2,4,2,3,2,5,1,5,2,3,1,3,1,3,4,4,5,4,4,5,4,4,2,4,4,4,4,2,1,4,3,3,4,5,7,7Custom Value
14/07/2026 19:04,14/07/2026 19:24,0,100,1239,1,14/07/2026 19:24,R_1FLd8CWSDz9dt7m,anonymous,EN,0.600000024,,"1,2,3",1,20,3,7,,5,3,3,3,4,3,"1,3,4,5,6,7,8,9,10",8,"5,7,9",,4,3,3,5,2,3,4,3,3,2,2,5,2,5,2,5,2,5,1,5,1,5,1,5,1,5,5,5,5,5,3,3,4,5,4,4,4,4,2,4,4,4,3,3,4,3,8,8Custom Value
14/07/2026 21:27,14/07/2026 21:46,0,100,1110,1,14/07/2026 21:46,R_Y4CPKr1cthEbxYZ,anonymous,EN,0.800000012,,"1,2,3",2,19,1,11,,4,4,4,5,3,4,"1,3,4,7,8,9,10",7,"4,5,7",,4,4,5,5,2,3,4,3,4,2,1,4,2,3,2,4,2,4,1,4,1,3,1,3,2,3,5,4,5,5,3,3,3,4,3,4,4,4,3,3,2,3,4,4,3,4,6,6Custom Value
14/07/2026 22:54,14/07/2026 23:02,0,100,472,1,14/07/2026 23:02,R_z2LOYtrm7DC7fyh,anonymous,EN,1,,"1,2,3",2,18,1,4,,4,3,2,3,4,4,"1,4,7,8,9,10",5,"1,5,8",,4,4,4,5,1,2,2,2,4,2,1,5,2,4,2,4,2,5,1,5,2,5,2,5,1,5,5,4,4,4,2,2,3,5,2,5,5,5,5,3,4,3,1,1,4,5,5,5Custom Value
14/07/2026 23:49,15/07/2026 00:03,0,100,811,1,15/07/2026 00:03,R_1BopXR1xgtDA8dr,anonymous,EN,0.400000006,,"1,2,3",2,18,1,4,,3,3,4,2,3,3,"1,4,8,9",12,"7,9,10",,3,2,4,4,2,2,5,2,3,2,1,4,1,4,2,5,2,5,1,5,2,3,1,4,2,3,5,4,3,2,3,3,3,5,3,4,4,4,2,4,4,4,3,3,4,5,4,4Custom Value
15/07/2026 02:02,15/07/2026 02:14,0,100,758,1,15/07/2026 02:14,R_ufsSsXKHtdavQFb,anonymous,EN,0.800000012,,"1,2,3",1,18,1,3,,5,4,5,4,4,4,"1,3,4,6,8,9",7,"2,7,9",,4,3,4,5,2,3,4,2,4,2,2,4,2,3,2,4,2,5,1,5,1,4,1,4,1,3,5,3,4,5,2,2,1,4,2,4,4,4,2,2,2,3,4,4,3,4,8,8Custom Value
15/07/2026 02:49,15/07/2026 02:58,0,100,527,1,15/07/2026 02:58,R_0PXW1ERXCQq0kcV,anonymous,EN,1,,"1,2,3",2,19,1,6,,4,4,5,3,4,4,"4,7,9",8,"1,5,7",,4,4,4,4,1,3,3,1,1,2,2,5,1,2,2,1,2,2,1,2,1,1,2,2,2,2,5,4,4,3,2,2,1,4,3,4,4,4,4,4,3,2,4,4,4,4,5,5Custom Value
15/07/2026 03:40,15/07/2026 03:45,0,100,315,1,15/07/2026 03:45,R_1g5bmDcwTmAvrYt,anonymous,EN,1,,"1,2,3",1,18,1,9,,3,2,4,4,4,3,"1,4,7",8,"1,4,5",,4,3,2,4,4,3,3,3,3,2,2,5,2,4,2,3,1,3,1,5,1,3,1,4,2,4,4,4,4,4,4,4,4,4,4,5,4,5,4,4,4,4,4,4,4,4,6,6Custom Value
15/07/2026 03:45,15/07/2026 04:01,0,100,907,1,15/07/2026 04:01,R_3qKU02EXVx8OTxN,anonymous,EN,1,,"1,2,3",2,18,1,11,,4,4,5,5,4,4,"1,3,4,5,6,7,8,9,10",12,"1,3,7",,4,4,4,4,3,3,4,3,4,2,1,4,2,4,2,4,2,4,1,4,1,4,1,4,1,4,1,4,4,5,3,3,4,5,3,4,4,5,2,2,2,2,4,4,4,5,7,7Custom Value
15/07/2026 04:30,15/07/2026 04:46,0,100,963,1,15/07/2026 04:46,R_3dJTtREfA259gQV,anonymous,EN,0.899999976,,"1,2,3",2,19,2,11,,4,2,4,2,1,4,"1,3,4,6,7",9,"1,5,7",,4,3,3,4,1,2,2,2,1,2,2,4,2,3,1,4,2,4,1,2,1,3,1,4,1,2,5,5,4,5,1,3,1,4,2,5,5,5,5,4,4,3,1,4,3,5,7,7Custom Value
15/07/2026 04:51,15/07/2026 05:04,0,100,819,1,15/07/2026 05:04,R_3jVhuLU38y6hC1N,anonymous,EN,1,,"1,2,3",2,24,5,11,,2,2,4,3,2,1,"4,6,8,10",10,"6,9,10",,3,1,2,4,1,2,2,2,4,2,2,5,2,2,2,2,2,5,1,3,1,2,1,3,1,3,5,5,5,4,1,1,2,3,1,5,4,5,3,3,3,2,5,5,3,5,8,8Custom Value
15/07/2026 05:52,15/07/2026 06:01,0,100,525,1,15/07/2026 06:01,R_1hLSNZ2f7tSRBOM,anonymous,EN,0.300000012,,"1,2,3",1,18,2,5,,4,2,4,4,5,4,"1,3,4,6,7,8,9,10",5,"5,6,7",,4,4,4,4,2,2,2,2,4,2,2,4,1,4,1,3,2,2,1,5,1,1,1,3,1,2,5,4,4,4,2,2,3,4,2,4,5,5,1,1,2,1,2,5,4,5,6,6Custom Value
15/07/2026 05:56,15/07/2026 06:26,0,100,1792,1,15/07/2026 06:26,R_1hLpvE3HBSB8rIb,anonymous,EN,0.899999976,,"1,2,3",2,21,4,3,,4,5,2,3,3,4,"1,2,3,4,5,6,7,8,9,10",8,"1,6,7",,3,3,3,3,3,3,4,3,4,2,1,4,2,2,2,2,2,2,1,5,1,4,2,5,1,3,5,4,4,5,2,4,4,4,4,5,5,5,3,2,2,2,4,4,4,5,6,6Custom Value
15/07/2026 06:45,15/07/2026 06:50,0,100,271,1,15/07/2026 06:50,R_82GOLlNA24alO3n,anonymous,EN,1,TRUE,"1,2,3",2,18,1,7,,2,2,4,4,4,3,"1,2,3,4,6,7",9,"1,4,5",,3,3,3,2,4,4,3,2,4,4,2,5,1,5,2,5,2,5,1,5,1,5,1,5,2,5,5,4,4,4,4,4,4,4,4,4,4,4,5,5,5,5,5,5,5,5,6,6Custom Value
15/07/2026 06:55,15/07/2026 07:05,0,100,557,1,15/07/2026 07:05,R_2bPDrI13lhU1WLV,anonymous,EN,1,,"1,2,3",1,18,1,3,,4,2,4,3,3,3,"1,4,6,8",5,"5,9,10",,3,2,4,4,1,2,2,1,4,2,1,3,2,1,2,3,2,4,1,5,1,4,1,4,1,4,5,5,4,5,1,1,3,5,5,5,4,5,5,4,4,2,4,4,3,5,7,7Custom Value
15/07/2026 07:56,15/07/2026 08:09,0,100,727,1,15/07/2026 08:09,R_3dWzq359gsPNng1,anonymous,EN,1,,"1,2,3",2,20,4,6,,3,3,3,4,4,4,"2,3,4,6,7,8,9,10",7,"5,6,7",,4,2,1,5,1,4,4,3,4,2,1,2,2,2,1,3,2,4,1,3,2,3,2,3,1,3,4,4,4,4,4,4,3,4,3,4,4,4,3,3,4,4,4,4,4,4,4,4Custom Value
15/07/2026 08:37,15/07/2026 08:49,0,100,711,1,15/07/2026 08:49,R_1Ks9mSLstd74iJ1,anonymous,EN,0.699999988,,"1,2,3",1,18,2,7,,5,4,4,3,4,5,"1,3,4,5,6,8,9,10",8,"1,2,7",,5,3,5,5,3,4,4,3,5,2,2,5,2,3,2,5,2,4,1,3,1,2,1,3,1,2,5,4,5,5,4,4,4,5,2,5,5,5,4,2,3,1,4,4,4,5,8,8Custom Value
15/07/2026 09:52,15/07/2026 10:07,0,100,894,1,15/07/2026 10:07,R_2qERaUYCYS0pTI2,anonymous,EN,,,"1,2,3",2,29,4,10,,5,3,4,3,4,5,"1,3,4,6,7,8",10,"1,4,7",,4,3,5,5,3,3,4,4,5,2,2,5,2,5,1,3,2,5,1,5,1,5,1,5,1,4,5,5,4,3,4,5,4,5,5,5,5,5,3,3,3,4,5,5,4,5,7,7Custom Value
15/07/2026 11:35,15/07/2026 11:42,0,100,428,1,15/07/2026 11:42,R_1dhMjhrfa1R9Hbi,anonymous,EN,1,,"1,2,3",1,22,4,9,,4,2,4,4,5,4,"1,3,4,7,8,9,10",12,"1,4,7",,4,4,2,4,2,2,3,2,3,2,2,5,1,3,1,3,2,4,1,5,1,4,2,2,2,4,5,5,5,5,3,3,4,4,3,5,5,5,3,3,3,3,3,3,3,3,4,4Custom Value
15/07/2026 12:01,15/07/2026 12:12,0,100,671,1,15/07/2026 12:12,R_vuJDuRxp0r01LvX,anonymous,EN,0.300000012,,"1,2,3",2,19,2,3,,4,2,5,3,3,4,"1,3,4,5,7,8,9",6,"1,5,7",,3,2,4,4,3,3,3,2,3,2,2,5,2,3,2,2,2,2,1,1,2,1,1,1,1,1,5,5,4,5,2,2,3,4,4,4,4,4,4,2,1,4,4,4,2,4,7,7Custom Value
15/07/2026 12:15,15/07/2026 12:17,0,100,139,1,15/07/2026 12:17,R_3O663iYgmcPK3Ce,anonymous,EN,0.899999976,,"1,2,3",2,21,3,5,,5,5,5,5,5,4,5,12,"5,7,10",,4,3,5,3,3,3,2,2,3,2,2,2,1,2,2,3,2,2,2,3,2,2,1,2,1,2,4,2,2,2,3,2,3,2,3,3,1,3,4,1,3,1,2,3,3,2,5,5Custom Value
15/07/2026 12:30,15/07/2026 12:42,0,100,728,1,15/07/2026 12:42,R_w1qDCeBk00UCvIt,anonymous,EN,0.899999976,,"1,2,3",2,19,2,9,,4,4,5,1,3,3,"1,4,7,9,10",8,"1,5,7",,3,1,3,5,1,2,3,1,4,2,1,2,1,2,1,2,2,4,1,4,2,3,2,4,2,3,5,4,4,4,1,2,1,4,1,4,4,5,5,1,2,2,4,5,3,5,2,2Custom Value
08/07/2026 14:29,08/07/2026 14:32,0,26,158,0,15/07/2026 14:32,R_4DjyXxMUHM14xz5,anonymous,EN,,,"1,2,3",2,24,5,7,,3,2,3,2,2,2,"1,4,9",3,"1,9,10",,,,,,,,,,,,,,,,,,,,,,,,,,,,,,,,,,,,,,,,,,,,,,,,0,
15/07/2026 14:59,15/07/2026 15:04,0,100,303,1,15/07/2026 15:04,R_Pv5ZuIxVUVRZ6Ux,anonymous,EN,0.800000012,,"1,2,3",2,20,3,8,,4,4,1,1,5,5,"1,2,3,4,5,7,8,10",2,"1,2,3",,3,3,4,4,4,4,4,4,2,4,2,2,1,4,1,1,2,2,1,2,1,4,2,3,2,4,4,1,4,4,5,5,4,4,4,4,4,4,4,4,4,4,4,4,4,4,4,4Custom Value
15/07/2026 15:23,15/07/2026 15:34,0,100,664,1,15/07/2026 15:34,R_tEuN7SAlCXrnYRP,anonymous,EN,1,,"1,2,3",2,19,1,6,,4,4,2,4,3,4,"1,3,4,5,6,7,8,9,10",6,"1,5,7",,5,5,3,4,1,4,3,3,4,2,1,4,1,4,2,3,1,4,1,4,1,4,2,3,2,3,5,5,5,4,2,2,4,4,4,5,5,5,4,4,3,4,3,2,4,4,3,3Custom Value
15/07/2026 15:44,15/07/2026 16:02,0,100,1118,1,15/07/2026 16:02,R_23dzyY1FhEsqLrw,anonymous,EN,1,,"1,2,3",2,18,2,10,,4,4,5,4,2,4,"1,3,4,5,7,9",10,"1,5,7",,5,5,4,5,2,2,3,3,5,2,2,4,2,4,2,5,2,5,1,4,2,3,1,4,1,4,5,5,5,2,1,2,4,4,4,4,5,5,1,1,1,2,1,1,5,5,7,7Custom Value
15/07/2026 17:15,15/07/2026 17:24,0,100,513,1,15/07/2026 17:24,R_1jk2DyeMOpqM2cP,anonymous,EN,1,,"1,2,3",2,19,1,5,,5,3,3,4,3,4,"1,2,4,6,7,8,9",9,"5,7,9",,4,3,2,5,3,4,4,2,3,2,2,5,2,3,1,2,2,5,1,4,1,5,1,3,2,2,5,4,5,4,4,4,2,4,2,4,4,4,2,2,2,3,4,4,4,4,6,6Custom Value
15/07/2026 16:41,15/07/2026 17:38,0,100,3463,1,15/07/2026 17:38,R_1rluq2gLiOP3ra3,anonymous,EN,1,,"1,2,3",2,21,2,4,,5,5,3,4,4,5,"1,2,3,4,5,6,7,8,9,10",8,"1,4,7",,5,4,5,5,1,2,4,3,5,2,2,5,1,3,2,4,2,5,1,5,1,5,1,4,1,5,5,5,5,5,4,3,4,5,4,5,5,5,3,3,3,3,3,5,2,5,7,7Custom Value
15/07/2026 23:13,15/07/2026 23:19,0,100,394,1,15/07/2026 23:19,R_1ilLnookbKE0j2O,anonymous,EN,1,,"1,2,3",2,20,2,5,,4,4,4,4,3,4,"1,2,3,4,5,6,7,8,9,10",12,"1,2,7",,4,4,3,4,4,4,4,4,3,2,1,3,1,3,1,3,2,3,1,3,1,3,2,3,1,3,5,4,4,5,4,4,4,4,4,4,4,4,4,4,4,4,4,4,4,4,4,4Custom Value
15/07/2026 23:13,15/07/2026 23:20,0,100,474,1,15/07/2026 23:21,R_sMevMNjzrGFJXz3,anonymous,EN,0.800000012,,"1,2,3",2,20,2,3,,4,3,4,3,3,4,"1,2,3,4,7,8,9,10",4,"5,6,7",,4,3,4,5,2,2,3,2,3,2,1,2,1,1,2,2,2,3,1,3,1,3,1,2,1,1,5,4,3,3,3,3,3,3,3,5,3,5,4,3,3,2,3,3,4,5,6,6Custom Value
15/07/2026 23:11,15/07/2026 23:21,0,100,596,1,15/07/2026 23:21,R_pawI64cgHDb9vjP,anonymous,EN,1,,"1,2,3",4,19,2,11,,4,2,5,2,3,2,"3,4,5,6,10",7,"2,5,7",,3,1,5,3,1,2,2,2,4,2,2,3,2,3,2,2,1,5,1,5,1,5,1,5,1,5,4,2,4,3,1,1,1,4,1,5,5,5,4,2,3,3,4,3,4,4,7,7Custom Value
15/07/2026 23:18,15/07/2026 23:24,0,100,325,1,15/07/2026 23:24,R_1mJCrKdPO6fVlYl,anonymous,EN,0.800000012,,"1,2,3",1,21,2,3,,5,3,5,5,3,5,"1,3,4,7,8,9,10",4,"1,3,5",,5,4,5,4,1,3,5,3,5,2,2,5,1,3,2,5,2,5,1,3,1,3,1,3,1,4,5,5,5,5,5,5,4,5,4,5,5,5,5,3,2,4,5,5,5,5,7,7Custom Value
15/07/2026 23:12,15/07/2026 23:28,0,100,916,1,15/07/2026 23:28,R_3lAlPYClIequNo2,anonymous,EN,1,,"1,2,3",2,21,2,11,,5,5,5,5,4,4,"1,2,3,4,5,6,7,8,9,10",12,"3,6,7",,4,4,4,5,3,3,4,3,4,2,2,4,1,1,2,3,2,5,1,4,2,2,1,2,1,3,5,4,5,4,3,3,3,4,3,5,4,4,5,3,3,2,5,5,4,5,6,6Custom Value
16/07/2026 00:39,16/07/2026 00:52,0,100,774,1,16/07/2026 00:52,R_2aksSw36eLV6izH,anonymous,EN,0.899999976,,"1,2,3",2,19,1,3,,3,3,4,2,2,3,"1,3,4,7,8,9",7,"3,5,7",,2,3,2,3,1,2,4,3,5,2,2,3,2,5,1,2,2,5,1,4,1,1,2,3,1,4,5,4,5,5,2,4,4,5,4,5,4,5,4,2,2,1,4,4,4,5,6,6Custom Value
16/07/2026 00:57,16/07/2026 01:09,0,100,762,1,16/07/2026 01:09,R_pRyXaT1pwJ7Pw9H,anonymous,EN,1,,"1,2,3",1,20,3,9,,5,5,4,4,2,5,"1,4,7,8,10",12,"1,5,7",,5,3,4,4,2,3,3,2,5,2,2,3,1,5,1,3,2,5,1,5,2,3,2,5,1,4,5,5,5,5,4,4,4,5,5,5,5,5,4,3,3,2,4,5,4,5,4,4Custom Value
16/07/2026 02:52,16/07/2026 03:01,0,100,558,1,16/07/2026 03:01,R_T60RStTxjhkkcM1,anonymous,EN,1,,"1,2,3",2,21,2,3,,3,3,2,3,1,4,"1,3,4,6,7,8,9",4,"3,5,6",,4,4,3,4,2,3,2,2,3,4,2,1,1,1,2,1,1,1,2,1,1,1,2,1,1,1,5,5,5,5,2,2,4,4,4,5,4,5,4,3,3,4,4,4,2,5,4,4Custom Value
16/07/2026 03:39,16/07/2026 03:52,0,100,781,1,16/07/2026 03:52,R_To915g2ELp5Yi0V,anonymous,EN,1,,"1,2,3",2,18,1,4,,3,3,4,2,2,3,"1,3,6,7,9,10",8,"1,4,5",,3,2,2,4,4,4,4,5,3,2,1,2,1,3,2,3,2,5,1,2,2,2,2,4,1,2,5,5,5,5,5,5,5,5,5,5,5,5,4,4,5,3,4,4,3,5,4,4Custom Value
16/07/2026 04:29,16/07/2026 04:42,0,100,775,1,16/07/2026 04:42,R_1KfoFAHwSG6xay2,anonymous,EN,1,,"1,2,3",2,20,3,5,,5,5,5,3,3,3,"1,4,5,6,7,9,10",3,"1,4,9",,2,3,3,2,1,2,2,3,4,2,2,5,1,2,2,3,2,5,1,4,1,2,2,3,2,1,5,5,4,4,1,4,3,4,4,4,4,5,2,2,1,1,5,4,2,5,5,5Custom Value
16/07/2026 04:38,16/07/2026 04:44,0,100,356,1,16/07/2026 04:44,R_ZgzSpou9rGZE2wV,anonymous,EN,,,"1,2,3",2,21,3,3,,5,5,5,4,4,5,"1,4,6,8,9,10",4,"1,5,7",,5,4,5,5,1,2,3,2,5,2,2,5,2,3,2,5,2,5,1,4,1,5,2,5,1,5,5,4,5,1,1,1,1,5,4,4,5,5,1,2,2,4,5,5,1,5,7,7Custom Value
16/07/2026 04:38,16/07/2026 04:46,0,100,443,1,16/07/2026 04:46,R_1DIqYdtd8e4LKRG,anonymous,EN,1,,"1,2,3",2,21,2,5,,5,4,5,5,4,4,"1,4,6,7,8,9",7,"5,6,7",,5,5,4,4,3,3,4,2,4,2,1,4,1,3,1,2,2,4,1,5,1,2,1,4,1,2,5,4,4,4,4,4,2,4,4,5,5,5,5,3,3,4,4,5,3,5,5,5Custom Value
16/07/2026 04:39,16/07/2026 04:49,0,100,596,1,16/07/2026 04:49,R_3fpjYpkRzUdZ1XJ,anonymous,EN,0.400000006,,"1,2,3",2,21,2,11,,3,3,2,2,1,3,"1,4,6,8,9,10",12,"6,7,10",,2,2,3,3,2,2,3,3,4,2,2,4,2,3,2,4,2,3,1,3,1,3,1,4,1,4,5,5,4,5,4,4,4,4,2,5,5,5,4,3,4,3,4,4,4,4,8,8Custom Value
16/07/2026 04:42,16/07/2026 04:52,0,100,576,1,16/07/2026 04:52,R_1j8SrR8WCKsZpy0,anonymous,EN,0.899999976,,"1,2,3",1,20,2,11,,4,3,3,5,3,3,"1,2,3,4,6,9",8,"2,9,10",,2,2,3,4,2,2,3,1,1,2,2,5,2,2,2,1,2,5,1,3,1,2,1,3,2,2,5,4,5,4,2,2,2,3,2,4,4,4,3,3,3,2,4,4,3,3,7,7Custom Value
16/07/2026 04:38,16/07/2026 04:52,0,100,868,1,16/07/2026 04:52,R_SGK0BJ6ElXpNLRn,anonymous,EN,1,,"1,2,3",2,22,6,5,,4,2,4,3,2,4,"1,4,7,9",12,"3,7,10",,4,2,3,4,4,4,4,3,4,2,2,5,2,3,2,5,2,5,1,5,1,4,1,4,1,4,5,4,5,5,4,4,2,5,4,5,5,5,1,2,2,2,4,5,3,5,8,8Custom Value
16/07/2026 04:41,16/07/2026 04:53,0,100,718,1,16/07/2026 04:53,R_30hQRAfz1SJUxyd,anonymous,EN,1,,"1,2,3",1,22,4,3,,3,2,3,3,2,4,"1,4,6,7",5,"1,3,5",,2,2,2,2,1,1,1,1,4,2,2,5,2,3,2,3,2,2,1,4,1,3,1,4,1,3,5,4,4,3,1,1,1,3,4,4,5,5,2,2,2,3,4,4,2,5,8,8Custom Value
16/07/2026 04:39,16/07/2026 04:54,0,100,876,1,16/07/2026 04:54,R_2a80ZTxFLHeJJ29,anonymous,EN,0.5,,"1,2,3",4,22,3,3,,4,2,2,5,1,4,"1,4,6,7",8,"7,9,10",,4,3,5,5,1,3,5,2,5,2,2,5,2,5,2,5,2,5,1,3,2,3,1,4,1,3,5,5,5,5,2,1,1,5,2,5,5,5,2,1,2,1,5,2,5,5,7,7Custom Value
16/07/2026 04:49,16/07/2026 04:58,0,100,555,1,16/07/2026 04:58,R_2zFIvxEwPrX4p2B,anonymous,EN,0.800000012,,"1,2,3",2,21,4,5,,5,3,4,4,4,5,"1,4,6,7,9",6,"1,5,8",,5,5,3,3,2,3,3,3,4,2,1,3,2,2,1,3,2,3,1,4,2,2,2,3,2,2,5,4,5,5,4,4,4,5,4,5,5,5,4,4,4,2,4,4,3,5,3,3Custom Value
16/07/2026 04:38,16/07/2026 05:03,0,100,1523,1,16/07/2026 05:03,R_2cnlFPw0UW6yRhc,anonymous,EN,0.5,,"1,2,3",2,20,3,5,,5,3,5,2,4,5,"1,3,4,5,7,8,9,10",8,"3,5,6",,3,1,4,4,2,4,3,2,3,2,1,5,2,3,2,5,2,5,1,5,2,3,2,4,1,4,4,4,4,5,4,2,2,4,4,3,4,4,1,1,2,1,1,5,4,5,5,5Custom Value
16/07/2026 05:44,16/07/2026 05:57,0,100,756,1,16/07/2026 05:57,R_31NuhXHToZd8cWE,anonymous,EN,0.5,,"1,2,3",2,19,1,5,,5,3,4,5,3,5,"1,4,6,7,8,9,10",6,"1,5,10",,5,5,5,5,2,4,5,3,4,2,2,2,2,3,2,5,2,5,1,5,1,5,1,2,1,5,5,5,5,4,4,3,4,4,4,5,5,5,2,1,1,2,4,5,4,5,8,8Custom Value
16/07/2026 06:01,16/07/2026 06:11,0,100,631,1,16/07/2026 06:11,R_1rfBdtoCKBJ8eWN,anonymous,EN,0.899999976,,"1,2,3",2,21,4,5,,5,3,4,5,5,3,"1,2,3,4,6,7,8,10",6,"1,3,5",,3,3,2,2,2,2,3,4,4,2,2,5,1,4,2,3,2,4,1,4,2,3,1,3,1,3,5,5,5,5,5,4,4,4,4,4,5,5,3,2,4,3,4,4,4,5,6,6Custom Value
16/07/2026 06:49,16/07/2026 07:03,0,100,821,1,16/07/2026 07:03,R_9z3enTbu5J3UEZr,anonymous,EN,1,,"1,2,3",1,24,5,5,,1,3,5,4,4,5,"1,2,3,4,6,7,8,9,10",6,"5,6,7",,5,5,5,5,2,2,2,2,5,2,2,5,2,5,2,5,2,5,1,5,1,5,1,3,2,5,5,4,4,5,4,5,2,4,2,4,4,4,2,2,2,2,4,4,4,5,7,7Custom Value
16/07/2026 07:24,16/07/2026 07:29,0,100,304,1,16/07/2026 07:29,R_1mKHvBqkfptxZQy,anonymous,EN,1,,"1,2,3",2,23,4,8,,4,3,1,1,1,3,"3,4,7,8,9,10",6,"5,6,7",,4,4,4,5,3,5,5,3,4,5,1,4,2,4,1,5,2,5,2,5,2,5,2,5,1,5,5,5,5,5,5,5,4,4,4,4,4,4,5,2,5,4,5,5,2,5,3,3Custom Value
16/07/2026 07:53,16/07/2026 08:00,0,100,372,1,16/07/2026 08:00,R_3GBY4JJapS4B5jj,anonymous,EN,0.800000012,,"1,2,3",2,18,1,6,,4,3,3,3,4,4,"4,7,8,9,10",12,"6,7,10",,4,4,4,5,2,2,2,2,4,2,1,4,1,3,1,2,2,2,1,3,1,2,2,2,2,3,5,5,5,5,4,4,3,4,3,4,4,4,5,5,5,5,5,5,3,5,3,3Custom Value
16/07/2026 04:59,16/07/2026 09:08,0,100,14908,1,16/07/2026 09:08,R_21B7B4XKca1yLbP,anonymous,EN,0.300000012,,"1,2,3",2,21,3,5,,3,3,2,1,4,3,"3,6,8,9,10",11,"2,4,5",,2,3,2,2,3,2,3,2,3,2,2,5,2,5,2,5,2,5,1,5,2,3,1,4,2,4,5,4,4,5,2,2,3,3,4,4,4,2,2,2,4,3,5,5,3,5,6,6Custom Value
16/07/2026 09:03,16/07/2026 09:14,0,100,661,1,16/07/2026 09:14,R_tMNn5BzqoiGP4nD,anonymous,EN,0.600000024,,"1,2,3",2,19,2,9,,3,4,2,2,5,5,"1,2,3,4,5,7,8,9",6,"1,5,6",,2,2,4,4,1,4,2,1,2,2,2,5,1,4,2,4,2,5,1,5,2,1,1,5,2,2,5,5,5,5,5,2,2,5,2,5,5,5,2,2,1,1,5,4,1,5,5,5Custom Value
16/07/2026 09:18,16/07/2026 09:32,0,100,837,1,16/07/2026 09:32,R_1i5816mSynuSq3Z,anonymous,EN,1,,"1,2,3",2,21,2,8,,5,4,5,5,5,4,"6,7,10",11,"3,5,7",,5,4,5,5,1,2,2,1,4,2,2,1,2,2,1,4,2,3,1,3,1,2,2,3,1,3,4,4,4,3,1,2,1,4,2,4,4,4,5,4,4,3,4,5,3,5,6,6Custom Value
16/07/2026 09:43,16/07/2026 09:54,0,100,621,1,16/07/2026 09:54,R_3F3zh4RiHnI5BsG,anonymous,EN,0.600000024,,"1,2,3",2,24,4,5,,4,3,2,4,2,2,"1,4,6,7,9,10",5,"1,5,7",,4,4,4,4,2,2,3,2,4,2,2,4,1,2,1,2,2,5,1,3,1,4,1,3,1,2,5,4,4,4,1,2,2,4,2,4,4,5,4,2,2,3,4,4,3,4,6,6Custom Value
16/07/2026 10:01,16/07/2026 10:13,0,100,758,1,16/07/2026 10:13,R_1rvtIinTvw7FMJW,anonymous,EN,0.800000012,,"1,2,3",2,19,1,10,,4,3,3,3,2,4,"1,3,4,6,7,8,9,10",12,"1,5,7",,5,4,4,4,2,4,3,3,4,2,2,3,2,3,2,4,2,4,1,3,1,3,1,3,1,3,4,4,4,5,3,5,2,4,3,4,4,5,4,2,3,2,3,5,4,5,8,8Custom Value
16/07/2026 10:36,16/07/2026 10:45,0,100,564,1,16/07/2026 10:45,R_SDDDydfgD3ekZRD,anonymous,EN,1,,"1,2,3",2,20,2,6,,4,3,3,4,3,5,"1,2,3,4,5,6,7,8,9,10",10,"2,6,7",,4,3,4,4,2,3,3,2,5,2,2,3,2,3,1,3,2,2,1,3,2,3,2,2,1,3,4,4,4,4,3,4,2,4,2,4,4,4,4,3,3,2,4,4,4,5,5,5Custom Value
16/07/2026 10:59,16/07/2026 11:11,0,100,708,1,16/07/2026 11:11,R_1N8uaeijA59Tg0L,anonymous,EN,0.899999976,,"1,2,3",2,19,3,5,,3,4,5,3,3,4,"1,3,4,7,8,9,10",8,"5,7,10",,5,5,3,5,2,2,3,2,4,2,2,4,2,2,2,3,2,4,1,3,2,1,2,3,1,3,5,5,4,2,1,4,2,4,1,4,4,5,2,1,1,3,4,5,1,5,6,6Custom Value
16/07/2026 11:12,16/07/2026 11:24,0,100,720,1,16/07/2026 11:24,R_2OTJ6iMlfWvpb5W,anonymous,EN,0.100000001,,"1,2,3",1,18,1,3,,4,4,4,4,2,4,"1,2,3,4,5,6,7,10",6,"1,3,7",,3,3,2,3,2,2,4,1,5,2,2,5,2,3,2,5,2,4,1,4,1,3,1,3,1,4,4,4,4,5,2,4,2,3,2,5,4,3,4,3,2,3,4,5,4,5,8,8Custom Value
09/07/2026 12:49,09/07/2026 12:49,0,3,12,0,16/07/2026 12:49,R_9D0lnwqlzQTF4P7,anonymous,EN,,,"1,2,3",,,,,,,,,,,,,,,,,,,,,,,,,,,,,,,,,,,,,,,,,,,,,,,,,,,,,,,,,,,,,,0,
09/07/2026 12:49,09/07/2026 12:50,0,3,8,0,16/07/2026 12:50,R_93yvVGdHunmxYPz,anonymous,EN,,,"1,2,3",,,,,,,,,,,,,,,,,,,,,,,,,,,,,,,,,,,,,,,,,,,,,,,,,,,,,,,,,,,,,,0,
09/07/2026 12:52,09/07/2026 12:56,0,45,249,0,16/07/2026 12:56,R_4JQqqw2hKNLQUav,anonymous,EN,,,"1,2,3",2,21,3,6,,5,3,4,3,3,4,"1,2,4,6,7,8,9,10",10,"1,7,10",,3,3,3,4,2,2,5,3,4,2,,,,,,,,,1,2,,,,,,,,,,,,,,,,,,,,,,,,,,,1,
09/07/2026 13:16,09/07/2026 13:16,0,3,9,0,16/07/2026 13:16,R_4QDlVbvk1FCM80V,anonymous,EN,,,"1,2,3",,,,,,,,,,,,,,,,,,,,,,,,,,,,,,,,,,,,,,,,,,,,,,,,,,,,,,,,,,,,,,0,
16/07/2026 14:39,16/07/2026 14:57,0,100,1054,1,16/07/2026 14:57,R_4SX7l5JxZlkxgRz,anonymous,EN,0.899999976,,"1,2,3",2,19,2,5,,4,4,2,5,3,5,"1,2,4,6,7,8,9,10",5,"3,5,7",,4,4,5,4,3,3,4,4,5,2,2,3,2,4,2,3,2,3,2,2,1,2,1,2,1,2,5,5,5,3,3,4,3,4,3,5,5,5,4,2,2,2,3,5,3,4,7,7Custom Value
16/07/2026 16:45,16/07/2026 17:05,0,100,1157,1,16/07/2026 17:05,R_AbAKQkn4Irl7mqR,anonymous,EN,0.899999976,,"1,2,3",2,18,1,11,,5,1,5,1,5,5,"1,4,7,8,10",12,"5,6,7",,5,2,5,5,1,3,4,1,5,2,2,5,2,5,2,5,2,5,1,5,2,5,2,5,2,5,5,5,5,3,4,2,1,5,1,4,4,4,2,1,2,3,5,5,3,5,5,5Custom Value
16/07/2026 17:31,16/07/2026 17:38,0,100,366,1,16/07/2026 17:38,R_1kRLKxQS2341nhb,anonymous,EN,0.800000012,,"1,2,3",1,19,2,7,,5,2,5,1,5,5,"3,4,5,8,9",12,"7,9,10",,5,3,1,5,1,1,2,1,5,2,2,5,2,5,2,5,2,5,1,5,2,5,2,5,1,5,5,3,3,5,4,1,1,3,1,4,3,4,5,5,2,2,2,4,3,4,6,6Custom Value
16/07/2026 17:28,16/07/2026 17:42,0,100,827,1,16/07/2026 17:42,R_2zoMQcvkbbyV85G,anonymous,EN,0.899999976,,"1,2,3",3,20,4,3,,5,3,5,4,3,4,"1,4,6,7,9",7,"7,9,10",,3,4,2,4,3,3,4,2,5,2,2,1,1,3,2,5,2,5,1,4,1,5,2,3,1,2,4,3,5,5,2,1,3,3,4,5,4,4,3,4,3,4,4,3,4,3,6,6Custom Value
16/07/2026 17:33,16/07/2026 17:48,0,100,906,1,16/07/2026 17:48,R_O42IAMi3nVKe8wx,anonymous,EN,1,,"1,2,3",2,18,2,8,,3,5,4,5,5,5,"1,2,3,4,6,7,8,9,10",10,"1,7,10",,5,5,3,5,3,5,5,5,5,2,2,4,1,3,1,2,2,4,2,2,2,2,1,2,2,5,5,5,5,5,4,5,5,5,4,5,5,5,4,5,5,5,2,5,3,1,3,3Custom Value
16/07/2026 17:47,16/07/2026 17:52,0,100,283,1,16/07/2026 17:52,R_1rxoedsGVcWE6Fq,anonymous,EN,0.100000001,,"1,2,3",2,18,2,3,,5,5,4,5,4,5,"1,2,3,4,5,6,7,8,9,10",8,"5,6,7",,5,5,5,5,3,4,5,3,4,2,2,3,2,3,2,4,2,3,2,4,1,3,2,3,2,4,5,5,5,5,5,4,3,4,3,5,5,5,5,5,5,3,5,5,5,5,5,5Custom Value
16/07/2026 18:02,16/07/2026 18:19,0,100,1000,1,16/07/2026 18:19,R_2wBq11jUCRIAKnz,anonymous,EN,1,,"1,2,3",2,20,2,5,,3,2,3,4,2,5,"1,3,4,6,8,9,10",5,"6,7,10",,4,5,5,3,4,5,3,3,4,2,1,3,2,2,1,3,1,3,1,3,1,3,2,2,2,3,5,5,5,5,3,3,3,5,4,4,4,4,4,4,3,3,5,5,1,5,3,3Custom Value
16/07/2026 18:05,16/07/2026 18:21,0,100,941,1,16/07/2026 18:21,R_2t5x0lZYB4wGoI2,anonymous,EN,0.899999976,,"1,2,3",2,18,2,3,,3,4,4,3,4,1,"1,3,4,5,6,8,9,10",8,"3,4,5",,3,2,2,3,3,3,3,2,4,2,1,4,1,3,2,5,2,4,1,4,2,3,2,4,2,3,5,4,5,5,4,4,2,2,2,5,4,5,5,3,3,3,5,5,3,5,3,3Custom Value
16/07/2026 18:22,16/07/2026 18:28,0,100,392,1,16/07/2026 18:29,R_2pKKvei0saffwqr,anonymous,EN,0.899999976,,"1,2,3",2,18,1,7,,5,2,5,4,2,4,"1,2,3,4,7,8,9,10",9,"1,3,5",,4,5,5,5,1,2,4,2,5,2,1,5,1,4,2,5,2,5,1,5,2,4,2,5,1,5,5,5,5,5,5,4,3,5,5,5,5,5,2,2,2,1,4,2,5,5,4,4Custom Value
16/07/2026 20:39,16/07/2026 20:52,0,100,796,1,16/07/2026 20:52,R_20YDwEYBKmVzT72,anonymous,EN,1,,"1,2,3",1,19,2,3,,3,2,1,3,3,3,"1,4,7,9",5,"1,7,9",,3,2,1,4,1,3,3,1,4,2,1,3,1,4,2,3,2,2,1,3,1,3,2,3,2,3,5,5,5,5,4,1,1,4,1,5,5,5,4,3,4,4,4,2,3,4,4,4Custom Value
16/07/2026 22:11,16/07/2026 23:12,0,100,3654,1,16/07/2026 23:12,R_3iO1UTfzNQ9Vsvs,anonymous,EN,1,,"1,2,3",2,19,1,5,,4,4,4,4,4,4,"1,4",12,"1,2,6",,4,4,5,5,3,4,3,3,2,2,2,5,2,3,2,5,2,3,1,5,1,4,1,2,1,2,4,4,4,4,4,4,4,4,4,4,4,4,4,4,3,4,4,4,4,4,8,8Custom Value
17/07/2026 01:17,17/07/2026 01:29,0,100,750,1,17/07/2026 01:29,R_d9XEgKvETzYDGRH,anonymous,EN,0.100000001,,"1,2,3",4,21,6,3,,3,2,4,3,1,4,"1,3,4,7,8,10",4,"3,7,10",,2,2,4,5,2,3,2,2,4,2,1,3,1,2,2,2,2,2,1,3,1,3,2,3,2,3,5,5,5,4,3,2,1,5,3,5,5,5,1,1,3,2,5,5,1,5,4,4Custom Value
17/07/2026 02:29,17/07/2026 02:42,0,100,746,1,17/07/2026 02:42,R_vYttrQ9z4gc92eJ,anonymous,EN,0.800000012,,"1,2,3",1,20,3,9,,3,3,4,3,3,2,"3,4,5,6,8,10",7,"7,9,10",,3,2,2,4,3,2,4,4,5,2,2,5,1,2,2,3,2,4,1,2,1,3,2,2,1,3,5,4,5,5,5,5,3,4,4,4,3,4,4,3,2,3,4,3,3,4,6,6Custom Value
17/07/2026 00:28,17/07/2026 03:16,0,100,10119,1,17/07/2026 03:16,R_1juFnWc7U9CUaxq,anonymous,EN,0.600000024,,"1,2,3",4,21,2,5,,4,3,5,4,4,5,"1,4,6,8,9,10",7,"3,5,7",,4,3,3,5,3,3,3,2,4,2,2,5,1,3,2,2,1,3,1,4,2,1,1,3,2,1,5,3,4,5,4,3,3,4,4,3,3,4,2,2,1,2,4,5,3,5,4,4Custom Value
17/07/2026 03:17,17/07/2026 03:23,0,100,402,1,17/07/2026 03:23,R_eK9JyIMN2YQPbtT,anonymous,EN,0.5,,"1,2,3",1,19,2,3,,3,3,2,2,2,2,"4,9",6,"1,3,5",,2,4,4,4,4,4,4,4,4,2,2,4,1,4,2,5,2,4,1,4,1,4,2,4,1,3,5,5,5,5,1,4,4,4,4,4,4,4,4,4,4,4,4,4,4,4,6,6Custom Value
17/07/2026 02:58,17/07/2026 04:06,0,100,4084,1,17/07/2026 04:06,R_29iy8SYEayjXBUx,anonymous,EN,1,,"1,2,3",2,19,1,7,,5,5,4,4,4,4,"1,3,4,6,7,8,9,10",9,"1,6,7",,4,3,5,5,3,3,4,4,4,2,2,3,1,1,2,3,2,4,2,4,2,2,2,3,1,3,5,5,5,4,5,5,4,4,4,4,5,5,4,3,2,4,5,5,5,5,4,4Custom Value
17/07/2026 05:18,17/07/2026 05:27,0,100,571,1,17/07/2026 05:27,R_1pxuJMyelr7YcvT,anonymous,EN,0.899999976,,"1,2,3",2,18,1,11,,4,2,4,5,4,5,"1,3,6,7,8,9,10",7,"3,4,7",,4,4,4,4,4,4,4,4,4,2,2,3,2,4,2,4,2,5,1,3,1,2,1,5,2,3,5,5,5,5,4,5,4,4,4,4,4,5,4,4,4,4,4,3,3,3,7,7Custom Value
17/07/2026 06:14,17/07/2026 06:24,0,100,650,1,17/07/2026 06:24,R_1kRcUcH1bJUZ7jw,anonymous,EN,0.899999976,,"1,2,3",2,20,2,2,,4,3,4,2,4,3,"1,4,6,7,9,10",5,"1,5,7",,4,2,3,5,3,3,4,2,4,2,2,4,2,3,2,3,2,2,1,3,1,2,2,5,2,4,5,5,5,5,4,4,3,4,3,5,5,5,4,2,5,2,4,4,4,5,6,6Custom Value
17/07/2026 08:17,17/07/2026 08:33,0,100,973,1,17/07/2026 08:33,R_2WZ0erSaSgQAnnd,anonymous,EN,1,,"1,2,3",2,19,1,3,,4,3,5,3,4,5,"1,4,6,9",5,"1,3,7",,3,2,3,5,2,2,3,1,4,2,2,5,2,5,2,5,2,5,1,4,1,3,1,4,1,4,5,3,4,5,2,2,1,3,1,5,4,5,2,2,3,2,4,4,3,5,8,8Custom Value
17/07/2026 07:32,17/07/2026 08:45,0,100,4415,1,17/07/2026 08:45,R_3ixN50yPAgOtnVZ,anonymous,EN,0.699999988,,"1,2,3",2,20,2,7,,5,3,4,3,4,5,"1,2,4,6,7,8,10",12,"3,5,7",,4,2,2,4,1,2,3,2,4,2,1,2,1,2,2,4,2,4,1,2,1,2,2,3,1,2,5,4,4,5,1,2,1,4,1,5,4,5,4,2,2,2,4,4,4,5,5,5Custom Value
17/07/2026 10:10,17/07/2026 10:23,0,100,751,1,17/07/2026 10:23,R_10vJWJgTrbPEmZ7,anonymous,EN,1,,"1,2,3",2,22,4,7,,3,2,2,2,2,2,3,1,"2,7,10",,2,2,2,2,1,1,1,1,1,2,2,2,1,1,2,1,2,1,2,1,1,2,1,2,1,2,5,4,5,5,1,1,1,5,4,5,4,5,5,3,2,3,4,4,4,4,6,6Custom Value
17/07/2026 11:50,17/07/2026 11:56,0,100,374,1,17/07/2026 11:56,R_2atnNYfwp6LVpNk,anonymous,EN,0.300000012,,"1,2,3",2,18,1,8,,5,4,3,4,2,4,"2,6,7,8,9,10",10,"2,5,6",,4,3,3,4,1,2,2,2,2,2,2,4,2,4,2,3,2,5,2,4,1,3,2,5,2,4,1,3,4,4,3,3,2,4,3,2,3,4,3,3,2,4,5,2,4,4,5,5Custom Value
17/07/2026 13:09,17/07/2026 13:20,0,100,708,1,17/07/2026 13:20,R_2qygKep9bjCheC3,anonymous,EN,0.899999976,,"1,2,3",1,24,6,5,,3,3,3,2,2,3,"1,4,6,7,8,9,10",4,"1,5,7",,3,2,3,3,1,3,4,3,4,2,2,4,1,3,2,3,2,4,1,4,1,2,1,3,1,2,5,5,5,3,4,4,4,4,4,5,4,5,4,4,4,4,4,4,4,4,7,7Custom Value
17/07/2026 14:12,17/07/2026 14:19,0,100,457,1,17/07/2026 14:19,R_3lKqOPTy97Llm1a,anonymous,EN,1,,"1,2,3",2,20,3,5,,4,4,5,4,4,4,"1,2,3,4,5,6,7,8,9,10",8,"1,5,7",,4,4,4,4,2,3,4,3,3,2,2,4,1,3,2,4,2,4,2,2,1,4,1,2,1,2,5,4,4,4,4,4,4,3,4,5,5,5,4,2,2,3,4,4,4,5,6,6Custom Value
17/07/2026 16:10,17/07/2026 16:26,0,100,979,1,17/07/2026 16:26,R_2uKEz0uIqD4sMeA,anonymous,EN,0.100000001,,"1,2,3",1,20,2,7,,3,2,3,3,3,3,"4,6,8,9,10",5,"5,7,9",,4,4,3,3,3,2,2,3,4,2,2,4,2,4,1,2,2,4,1,3,2,4,1,3,1,3,4,4,4,4,3,3,1,4,2,4,4,4,4,3,3,3,4,4,3,4,6,6Custom Value
17/07/2026 23:56,18/07/2026 00:16,0,100,1204,1,18/07/2026 00:16,R_1jMOxQJgax3mGwh,anonymous,EN,0.899999976,,"1,2,3",1,23,4,6,,3,3,5,4,4,5,"1,3,4,7,10",6,"3,7,9",,3,2,3,4,1,1,1,1,4,2,2,5,1,5,2,5,1,2,1,5,1,3,1,5,1,5,4,4,5,2,1,1,3,4,4,4,4,3,3,3,3,3,4,4,3,3,6,6Custom Value
18/07/2026 04:02,18/07/2026 04:12,0,100,584,1,18/07/2026 04:12,R_3r0SEIANMPLqx4N,anonymous,EN,1,,"1,2,3",2,19,1,7,,4,2,3,3,2,4,"4,6,9,10",12,"1,4,7",,3,3,2,4,5,4,5,2,2,2,2,5,2,5,2,4,2,5,1,5,1,5,1,4,2,3,5,4,4,5,4,4,4,4,3,5,5,5,5,5,4,4,5,4,4,3,7,7Custom Value
18/07/2026 04:04,18/07/2026 04:19,0,100,857,1,18/07/2026 04:19,R_2uOrLnquuf3f8aG,anonymous,EN,1,,"1,2,3",1,19,1,5,,3,2,4,5,5,4,"1,3,4,5,6,7,8,9,10",10,"6,7,10",,5,5,5,5,2,3,4,2,4,2,2,5,1,2,1,2,2,5,1,4,1,3,1,5,1,4,5,5,5,5,5,4,4,5,5,5,5,5,2,2,1,1,5,4,5,5,6,6Custom Value
18/07/2026 05:53,18/07/2026 06:00,0,100,428,1,18/07/2026 06:00,R_3hEWr5uZbL9BmUk,anonymous,EN,0.600000024,,"1,2,3",1,21,3,11,,4,4,5,4,4,5,"1,3,4",8,"2,7,9",,5,4,4,5,1,2,3,2,5,2,2,5,2,5,2,3,2,5,2,5,1,3,1,2,2,3,5,5,4,5,3,4,4,4,2,4,4,5,2,3,2,2,2,5,4,4,6,6Custom Value
18/07/2026 06:08,18/07/2026 06:41,0,100,2009,1,18/07/2026 06:41,R_2c5BnL1Ti1xSsgz,anonymous,EN,1,,"1,2,3",2,20,4,5,,5,5,4,5,5,5,"1,4,6,7,8,9,10",5,"5,6,10",,5,4,3,4,1,2,3,3,3,2,2,2,2,3,2,3,2,2,1,3,1,3,2,3,1,3,5,4,5,5,4,4,1,4,2,5,5,5,2,1,1,1,4,5,2,5,7,7Custom Value
18/07/2026 06:46,18/07/2026 06:54,0,100,478,1,18/07/2026 06:54,R_RsEP3FG38VUzwGt,anonymous,EN,1,,"1,2,3",1,18,1,4,,3,2,2,2,3,2,1,10,"1,2,3",,3,2,3,4,3,2,4,3,3,2,1,2,2,3,2,2,2,5,1,3,2,2,2,3,2,3,5,4,4,3,4,1,5,3,3,2,4,4,1,2,3,3,4,4,5,5,4,4Custom Value
11/07/2026 07:37,11/07/2026 07:37,0,3,4,0,18/07/2026 07:37,R_2qDTNyEiO5OrEaR,anonymous,EN,0.899999976,TRUE,"1,2,3",,,,,,,,,,,,,,,,,,,,,,,,,,,,,,,,,,,,,,,,,,,,,,,,,,,,,,,,,,,,,,0,
18/07/2026 08:05,18/07/2026 08:15,0,100,635,1,18/07/2026 08:15,R_yTK1kLrnOWrtwzf,anonymous,EN,0.699999988,,"1,2,3",2,18,1,10,,3,2,3,2,2,3,"1,4,7,9,10",4,"2,3,9",,4,3,4,3,2,3,3,2,4,2,1,4,1,4,1,4,2,4,1,4,1,4,1,4,1,4,5,4,4,4,2,2,4,4,4,4,4,4,4,2,4,3,3,4,3,4,5,5Custom Value
11/07/2026 09:30,11/07/2026 09:33,0,13,179,0,18/07/2026 09:33,R_SBsBMalIdzPyZUd,anonymous,EN,0.100000001,,"1,2,3",2,18,1,3,,,,,,,,,,,,,,,,,,,,,,,,,,,,,,,,,,,,,,,,,,,,,,,,,,,,,,,,,,0,
11/07/2026 09:32,11/07/2026 09:34,0,41,165,0,18/07/2026 09:34,R_3po6EEaTOZMsTgt,anonymous,EN,1,,"1,2,3",1,18,1,3,,3,3,5,2,3,5,"1,4",5,"5,7,9",,3,2,4,3,2,2,2,3,4,2,,,,,,,,,,,,,,,,,,,,,,,,,,,,,,,,,,,,,0,
11/07/2026 09:34,11/07/2026 09:35,0,13,51,0,18/07/2026 09:35,R_1QsJS5eDGbjgqMG,anonymous,EN,0.400000006,,"1,2,3",2,19,2,11,,,,,,,,,,,,,,,,,,,,,,,,,,,,,,,,,,,,,,,,,,,,,,,,,,,,,,,,,,0,
11/07/2026 09:34,11/07/2026 09:40,0,64,370,0,18/07/2026 09:40,R_1eUz2rLLWFPCZhA,anonymous,EN,0.200000003,,"1,2,3",1,19,2,2,,3,3,3,3,3,4,"1,2,3,4,5,6,7,8,9,10",12,"1,2,3",,3,3,3,3,3,3,3,3,2,2,2,5,2,4,2,5,,,,,1,3,1,5,1,2,,,,,,,,,,,,,,,,,,,,,6,
11/07/2026 10:22,11/07/2026 10:23,0,13,44,0,18/07/2026 10:23,R_1fdDgM03vgPYIof,anonymous,EN,1,,"1,2,3",2,19,2,3,,,,,,,,,,,,,,,,,,,,,,,,,,,,,,,,,,,,,,,,,,,,,,,,,,,,,,,,,,0,
11/07/2026 10:26,11/07/2026 10:28,0,3,74,0,18/07/2026 10:28,R_R8hT94qQkhZdoEV,anonymous,EN,0.899999976,,"1,2,3",,,,,,,,,,,,,,,,,,,,,,,,,,,,,,,,,,,,,,,,,,,,,,,,,,,,,,,,,,,,,,0,
11/07/2026 10:32,11/07/2026 10:32,0,3,3,0,18/07/2026 10:32,R_1jfRHIxfKpfQIEb,anonymous,EN,0.600000024,TRUE,"1,2,3",,,,,,,,,,,,,,,,,,,,,,,,,,,,,,,,,,,,,,,,,,,,,,,,,,,,,,,,,,,,,,0,
11/07/2026 10:34,11/07/2026 10:38,0,41,260,0,18/07/2026 10:38,R_xfM84RcBPb5BOfv,anonymous,EN,1,TRUE,"1,2,3",2,26,6,11,,3,3,3,3,3,2,"2,4,6",3,"1,3,8",,3,3,3,3,3,3,3,3,2,2,,,,,,,,,,,,,,,,,,,,,,,,,,,,,,,,,,,,,0,
11/07/2026 11:53,11/07/2026 11:54,0,12,56,0,18/07/2026 11:54,R_1NDhuApZING47wo,anonymous,EN,0.899999976,TRUE,"1,2,3",3,18,1,5,,,,,,,,,,,,,,,,,,,,,,,,,,,,,,,,,,,,,,,,,,,,,,,,,,,,,,,,,,0,
11/07/2026 12:38,11/07/2026 12:38,0,3,15,0,18/07/2026 12:38,R_1ody5Hf5L51LhKs,anonymous,EN,0.600000024,,"1,2,3",,,,,,,,,,,,,,,,,,,,,,,,,,,,,,,,,,,,,,,,,,,,,,,,,,,,,,,,,,,,,,0,
11/07/2026 12:45,11/07/2026 12:46,0,3,82,0,18/07/2026 12:46,R_2YbaoIi6Ypp1lqv,anonymous,EN,0.800000012,,"1,2,3",,,,,,,,,,,,,,,,,,,,,,,,,,,,,,,,,,,,,,,,,,,,,,,,,,,,,,,,,,,,,,0,
18/07/2026 12:51,18/07/2026 13:02,0,100,656,1,18/07/2026 13:02,R_RtBrHFaBP1obv7r,anonymous,EN,0.800000012,,"1,2,3",2,20,4,2,,4,4,3,3,4,5,"1,4,6,7,9,10",4,"1,5,6",,4,3,2,3,3,4,4,3,2,2,2,4,2,3,1,3,2,3,1,4,1,3,2,2,2,2,5,5,4,5,4,4,4,4,4,4,5,4,3,3,4,3,4,4,4,5,5,5Custom Value
11/07/2026 13:20,11/07/2026 13:20,0,3,5,0,18/07/2026 13:20,R_3O1jaRushfz75aK,anonymous,EN,1,,"1,2,3",,,,,,,,,,,,,,,,,,,,,,,,,,,,,,,,,,,,,,,,,,,,,,,,,,,,,,,,,,,,,,0,
11/07/2026 13:23,11/07/2026 13:24,0,13,61,0,18/07/2026 13:24,R_26gcUfeeKea85i2,anonymous,EN,1,,"1,2,3",2,19,1,9,,,,,,,,,,,,,,,,,,,,,,,,,,,,,,,,,,,,,,,,,,,,,,,,,,,,,,,,,,0,
11/07/2026 13:27,11/07/2026 13:28,0,13,69,0,18/07/2026 13:29,R_YaJRvYs0k27VV5f,anonymous,EN,1,,"1,2,3",1,23,5,3,,,,,,,,,,,,,,,,,,,,,,,,,,,,,,,,,,,,,,,,,,,,,,,,,,,,,,,,,,0,
11/07/2026 13:26,11/07/2026 13:29,0,40,219,0,18/07/2026 13:29,R_2R9etySG4dd7xf9,anonymous,EN,0.600000024,,"1,2,3",2,20,1,11,,3,3,5,2,3,5,"1,4,7,9,10",12,"1,5,7",,5,3,3,5,1,2,2,2,4,2,,,,,,,,,,,,,,,,,,,,,,,,,,,,,,,,,,,,,0,
11/07/2026 13:28,11/07/2026 13:34,0,90,316,0,18/07/2026 13:34,R_eXIJWbAkrrRLb0J,anonymous,EN,1,,"1,2,3",2,19,1,3,,4,4,4,4,5,3,"1,2,3,4,6,7,8,9,10",8,"6,7,9",,4,4,4,4,4,4,4,3,3,2,1,5,2,2,2,3,2,5,1,5,1,3,1,2,1,3,5,3,4,5,5,3,3,2,2,4,3,3,,,,,,,,,7,
11/07/2026 13:30,11/07/2026 13:39,0,90,577,0,18/07/2026 13:39,R_3fDnfpZPzKjXCJr,anonymous,EN,1,,"1,2,3",2,24,5,3,,5,5,4,3,5,5,"1,4,6,7,8,9,10",5,"7,9,10",,4,3,3,5,5,5,5,5,3,2,2,5,1,3,1,4,2,4,1,4,1,2,1,3,1,4,5,5,5,5,5,5,3,4,4,5,5,5,,,,,,,,,6,
11/07/2026 13:36,11/07/2026 13:40,0,90,241,0,18/07/2026 13:40,R_27HbAcjZo2IT18c,anonymous,EN,1,,"1,2,3",1,20,2,3,,2,4,3,2,3,4,1,3,"3,4,9",,4,4,3,4,4,4,3,5,4,4,1,4,2,2,1,4,2,3,2,2,1,3,1,5,1,4,4,4,5,3,4,3,3,2,3,3,4,5,,,,,,,,,5,
11/07/2026 13:40,11/07/2026 13:40,0,3,10,0,18/07/2026 13:40,R_2AG7II6c5L4gfIi,anonymous,EN,1,,"1,2,3",,,,,,,,,,,,,,,,,,,,,,,,,,,,,,,,,,,,,,,,,,,,,,,,,,,,,,,,,,,,,,0,
11/07/2026 13:46,11/07/2026 13:49,0,26,168,0,18/07/2026 13:49,R_1jHbh7t7BmKANY2,anonymous,EN,1,,"1,2,3",2,21,3,3,,5,2,4,4,4,5,"1,4,7,8,9,10",6,"1,4,5",,,,,,,,,,,,,,,,,,,,,,,,,,,,,,,,,,,,,,,,,,,,,,,,0,
11/07/2026 13:53,11/07/2026 13:53,0,3,28,0,18/07/2026 13:53,R_2ZVacOMhV4a1eU3,anonymous,EN,0.600000024,,"1,2,3",,,,,,,,,,,,,,,,,,,,,,,,,,,,,,,,,,,,,,,,,,,,,,,,,,,,,,,,,,,,,,0,
11/07/2026 14:02,11/07/2026 14:14,0,56,725,0,18/07/2026 14:14,R_2VPWWHMIsV8sioA,anonymous,EN,0.300000012,,"1,2,3",2,18,1,6,,4,5,4,5,4,5,"1,2,3,4,5,6,7,8,9,10",9,"2,7,8",,3,4,3,3,2,4,5,3,5,2,2,5,,,,,,,1,3,1,4,1,4,,,,,,,,,,,,,,,,,,,,,,,4,
11/07/2026 14:25,11/07/2026 14:26,0,26,112,0,18/07/2026 14:26,R_3kOoNFOSeeO5jVI,anonymous,EN,1,,"1,2,3",2,23,5,11,,4,3,4,2,3,3,"1,3",3,"4,5,7",,,,,,,,,,,,,,,,,,,,,,,,,,,,,,,,,,,,,,,,,,,,,,,,0,
11/07/2026 14:25,11/07/2026 14:27,0,13,121,0,18/07/2026 14:27,R_2whjQr8HYtNOgCh,anonymous,EN,1,,"1,2,3",2,21,3,6,,,,,,,,,,,,,,,,,,,,,,,,,,,,,,,,,,,,,,,,,,,,,,,,,,,,,,,,,,0,
11/07/2026 14:34,11/07/2026 14:34,0,13,31,0,18/07/2026 14:34,R_2dyVZObQ9C31SRQ,anonymous,EN,0.100000001,,"1,2,3",2,21,4,11,,,,,,,,,,,,,,,,,,,,,,,,,,,,,,,,,,,,,,,,,,,,,,,,,,,,,,,,,,0,
11/07/2026 14:41,11/07/2026 14:42,0,3,18,0,18/07/2026 14:42,R_3KTsQ6FiFMSZkIc,anonymous,EN,0.699999988,,"1,2,3",,,,,,,,,,,,,,,,,,,,,,,,,,,,,,,,,,,,,,,,,,,,,,,,,,,,,,,,,,,,,,0,
11/07/2026 14:38,11/07/2026 14:42,0,41,216,0,18/07/2026 14:42,R_2qkiAHDCN0vUzLZ,anonymous,EN,0.400000006,,"1,2,3",2,20,4,9,,4,3,5,3,2,4,"4,6,9,10",9,"4,5,10",,4,3,4,4,2,2,2,2,4,2,,,,,,,,,,,,,,,,,,,,,,,,,,,,,,,,,,,,,0,
18/07/2026 14:49,18/07/2026 15:03,0,100,833,1,18/07/2026 15:03,R_3DbZ1og2zBNGDwB,anonymous,EN,0.800000012,,"1,2,3",2,18,1,11,,4,1,2,1,3,3,"1,4,5,7,10",12,"3,5,10",,3,2,5,3,4,5,4,4,4,2,2,5,2,4,2,5,2,5,1,5,1,5,1,5,1,5,5,5,5,4,5,4,2,5,3,4,4,5,5,2,2,1,5,1,4,5,8,8Custom Value
11/07/2026 15:47,11/07/2026 15:55,0,49,436,0,18/07/2026 15:55,R_2Ya0AyjnmxsuutX,anonymous,EN,1,,"1,2,3",1,19,2,6,,3,3,4,2,5,4,"1,3,4,7,10",5,"1,3,5",,2,4,4,5,2,2,2,3,3,2,2,3,1,3,,,,,,,,,,,,,,,,,,,,,,,,,,,,,,,,,1,
11/07/2026 16:13,11/07/2026 16:18,0,45,303,0,18/07/2026 16:18,R_1kMqQMM9yxaiSBL,anonymous,EN,1,,"1,2,3",2,18,1,3,,4,2,3,3,2,4,"1,3,4,7,9,10",4,"1,5,7",,3,2,3,4,1,2,2,2,4,2,,,2,3,,,,,,,,,,,,,,,,,,,,,,,,,,,,,,,,,1,
18/07/2026 16:13,18/07/2026 16:26,0,100,778,1,18/07/2026 16:26,R_1DZtQUayv1ctsI2,anonymous,EN,0.100000001,,"1,2,3",2,18,1,1,,4,4,3,3,4,4,"1,3,4,6,8,9,10",6,"1,5,7",,3,3,2,4,2,3,3,3,4,2,2,4,2,4,2,4,2,5,2,4,1,3,2,4,2,1,4,4,5,4,2,3,2,3,3,4,4,5,3,2,2,3,4,3,3,5,5,5Custom Value
11/07/2026 15:10,11/07/2026 16:29,0,68,4789,0,18/07/2026 16:29,R_1DCj1GeiMFtFRAa,anonymous,EN,1,,"1,2,3",2,19,2,6,,3,1,3,4,4,4,"1,3,4,8,9,10",6,"5,6,7",,3,2,2,3,3,1,3,1,4,2,2,3,2,2,1,2,,,1,2,1,3,2,2,1,2,,,,,,,,,,,,,,,,,,,,,5,
18/07/2026 19:00,18/07/2026 19:17,0,100,982,1,18/07/2026 19:17,R_1OD0MjSpHnToaif,anonymous,EN,1,,"1,2,3",2,19,2,11,,5,4,4,3,4,4,"4,6,7,8,9",10,"5,6,7",,5,3,2,5,1,5,5,5,4,2,2,3,2,1,2,2,2,4,1,3,2,2,1,2,1,5,5,5,5,5,5,5,4,5,4,5,5,5,4,4,5,3,4,5,3,5,7,7Custom Value
11/07/2026 19:55,11/07/2026 19:56,0,13,53,0,18/07/2026 19:56,R_3L7Q7QofaXsR7oE,anonymous,EN,1,,"1,2,3",1,18,1,5,,,,,,,,,,,,,,,,,,,,,,,,,,,,,,,,,,,,,,,,,,,,,,,,,,,,,,,,,,0,
18/07/2026 22:28,18/07/2026 22:41,0,100,740,1,18/07/2026 22:41,R_3kNSTiIyR5eiU18,anonymous,EN,1,,"1,2,3",2,20,3,11,,5,3,5,5,3,3,"1,3,4,7,10",7,"1,5,7",,4,3,3,4,1,2,3,3,4,2,2,5,2,5,2,5,2,5,1,5,2,3,1,3,1,4,5,4,4,5,4,4,3,5,4,5,5,5,4,3,3,4,5,4,3,5,7,7Custom Value
12/07/2026 00:32,12/07/2026 01:19,0,60,2835,0,19/07/2026 01:19,R_3et1TtsxePqFOaJ,anonymous,EN,,,"1,2,3",2,18,1,5,,4,3,5,4,3,4,"1,4,8",4,"1,7,9",,3,3,2,5,2,2,4,2,4,2,,,,,2,2,2,3,1,3,,,1,2,1,2,,,,,,,,,,,,,,,,,,,,,5,
12/07/2026 02:32,12/07/2026 02:33,0,13,55,0,19/07/2026 02:33,R_1g7xr8e9kYMyS70,anonymous,EN,1,,"1,2,3",2,21,3,11,,,,,,,,,,,,,,,,,,,,,,,,,,,,,,,,,,,,,,,,,,,,,,,,,,,,,,,,,,0,
19/07/2026 02:19,19/07/2026 02:37,0,100,1081,1,19/07/2026 02:37,R_3qxlZHE20w7YTRe,anonymous,EN,0.800000012,,"1,2,3",1,19,1,10,,4,4,4,4,4,3,"1,2,4,7,9,10",2,"1,5,7",,4,3,3,4,2,3,2,2,5,2,2,5,2,3,2,4,2,5,1,5,1,5,1,4,1,5,5,5,5,5,3,3,3,4,4,5,4,5,4,2,2,3,5,5,3,5,8,8Custom Value
12/07/2026 02:46,12/07/2026 02:47,0,13,62,0,19/07/2026 02:47,R_3oXWFDK4Wx1vDa2,anonymous,EN,0.100000001,,"1,2,3",1,18,1,2,,,,,,,,,,,,,,,,,,,,,,,,,,,,,,,,,,,,,,,,,,,,,,,,,,,,,,,,,,0,
12/07/2026 03:12,12/07/2026 03:16,0,90,294,0,19/07/2026 03:17,R_R4iC61Qv3R0AS53,anonymous,EN,1,,"1,2,3",1,18,1,7,,4,3,4,4,3,3,5,10,"4,5,6",,4,4,4,4,4,4,4,4,4,4,2,3,2,3,2,3,1,3,1,3,2,3,2,3,2,3,4,4,4,4,4,4,4,4,4,4,4,4,,,,,,,,,4,
12/07/2026 04:28,12/07/2026 04:29,0,3,65,0,19/07/2026 04:29,R_2BeV98rO6hyVs1A,anonymous,EN,0.400000006,,"1,2,3",,,,,,,,,,,,,,,,,,,,,,,,,,,,,,,,,,,,,,,,,,,,,,,,,,,,,,,,,,,,,,0,
12/07/2026 05:12,12/07/2026 05:23,0,3,664,0,19/07/2026 05:23,R_1ojayAkoq8DD6kI,anonymous,EN,0.800000012,,"1,2,3",,,,,,,,,,,,,,,,,,,,,,,,,,,,,,,,,,,,,,,,,,,,,,,,,,,,,,,,,,,,,,0,
12/07/2026 05:23,12/07/2026 05:24,0,13,51,0,19/07/2026 05:24,R_2AHh3Qk7vqWaMbP,anonymous,EN,1,,"1,2,3",2,19,2,9,,,,,,,,,,,,,,,,,,,,,,,,,,,,,,,,,,,,,,,,,,,,,,,,,,,,,,,,,,0,
12/07/2026 05:33,12/07/2026 05:34,0,3,53,0,19/07/2026 05:34,R_2bLb4uIkmDr5swV,anonymous,EN,0.699999988,,"1,2,3",,,,,,,,,,,,,,,,,,,,,,,,,,,,,,,,,,,,,,,,,,,,,,,,,,,,,,,,,,,,,,0,
12/07/2026 06:22,12/07/2026 06:25,0,26,202,0,19/07/2026 06:25,R_vlzYBnis35UTWfv,anonymous,EN,,,"1,2,3",4,23,6,7,,3,2,4,3,2,4,"1,3,4,8,10",8,"1,2,3",,,,,,,,,,,,,,,,,,,,,,,,,,,,,,,,,,,,,,,,,,,,,,,,0,
19/07/2026 06:19,19/07/2026 06:28,0,100,517,1,19/07/2026 06:28,R_2uE5mhtP2HJIX5T,anonymous,EN,0.899999976,,"1,2,3",2,19,1,11,,5,4,3,3,4,3,"1,2,3,4,5,6,7,8,9,10",3,"1,5,7",,4,3,3,3,2,3,4,3,4,2,1,4,2,3,1,4,2,3,1,4,1,4,2,3,1,3,5,5,5,4,4,4,3,4,2,5,5,4,2,1,2,2,4,5,4,5,5,5Custom Value
12/07/2026 06:58,12/07/2026 06:59,0,3,46,0,19/07/2026 06:59,R_1qVzKLqg4csNwaE,anonymous,EN,1,,"1,2,3",,,,,,,,,,,,,,,,,,,,,,,,,,,,,,,,,,,,,,,,,,,,,,,,,,,,,,,,,,,,,,0,
12/07/2026 07:08,12/07/2026 07:19,0,64,685,0,19/07/2026 07:19,R_1ClReAeDqpysa3J,anonymous,EN,0.100000001,,"1,2,3",1,18,1,11,,4,5,3,2,4,4,"3,4,8,9,10",12,"2,7,9",,4,4,4,4,1,2,4,2,3,2,2,2,2,2,,,2,5,,,1,1,1,2,1,2,,,,,,,,,,,,,,,,,,,,,6,
12/07/2026 07:29,12/07/2026 07:39,0,41,594,0,19/07/2026 07:39,R_300ITXLcGd2feY0,anonymous,EN,0.400000006,,"1,2,3",2,18,1,4,,1,4,2,1,5,2,"5,10",11,"2,4,5",,2,3,3,3,2,3,4,3,2,2,,,,,,,,,,,,,,,,,,,,,,,,,,,,,,,,,,,,,0,
12/07/2026 07:46,12/07/2026 07:49,0,26,181,0,19/07/2026 07:49,R_3FXMxZjJXyUxYNQ,anonymous,EN,0.899999976,,"1,2,3",2,20,2,3,,5,5,3,3,3,5,"1,2,3,4,5,6,7,8,9,10",7,"3,4,5",,,,,,,,,,,,,,,,,,,,,,,,,,,,,,,,,,,,,,,,,,,,,,,,0,
12/07/2026 08:01,12/07/2026 08:02,0,3,49,0,19/07/2026 08:02,R_1i507rQEKyOOXoU,anonymous,EN,1,,"1,2,3",,,,,,,,,,,,,,,,,,,,,,,,,,,,,,,,,,,,,,,,,,,,,,,,,,,,,,,,,,,,,,0,
12/07/2026 08:29,12/07/2026 08:30,0,13,37,0,19/07/2026 08:30,R_esLDt9XFx0P2Not,anonymous,EN,1,,"1,2,3",1,19,2,2,,,,,,,,,,,,,,,,,,,,,,,,,,,,,,,,,,,,,,,,,,,,,,,,,,,,,,,,,,0,
12/07/2026 08:35,12/07/2026 08:40,0,45,318,0,19/07/2026 08:40,R_2D5YLTtmUSCHtQS,anonymous,EN,1,,"1,2,3",1,18,1,3,,3,3,5,1,2,2,"2,8",12,"6,7,9",,5,5,3,3,2,4,4,4,3,2,,,,,2,5,,,,,,,,,,,,,,,,,,,,,,,,,,,,,,,1,
12/07/2026 09:37,12/07/2026 09:38,0,13,61,0,19/07/2026 09:38,R_C7i03IA7majibJv,anonymous,EN,0.800000012,,"1,2,3",1,18,1,6,,,,,,,,,,,,,,,,,,,,,,,,,,,,,,,,,,,,,,,,,,,,,,,,,,,,,,,,,,0,
19/07/2026 09:44,19/07/2026 09:53,0,100,561,1,19/07/2026 09:53,R_3imrV2VYhSQVTRP,anonymous,EN,0.800000012,,"1,2,3",2,20,2,4,,4,2,3,4,4,3,"1,2,4,7,9",8,"2,5,7",,3,4,4,5,2,2,3,2,2,2,2,4,2,3,2,3,2,5,1,2,2,2,1,4,2,3,5,4,4,5,3,2,4,4,3,5,5,5,5,2,3,2,1,5,4,4,6,6Custom Value
12/07/2026 10:04,12/07/2026 10:08,0,26,218,0,19/07/2026 10:08,R_2TTdwKm3a1fuR8f,anonymous,EN,1,,"1,2,3",2,20,1,5,,4,3,2,3,2,5,"1,4,5,7,10",5,"1,5,7",,,,,,,,,,,,,,,,,,,,,,,,,,,,,,,,,,,,,,,,,,,,,,,,0,
12/07/2026 10:49,12/07/2026 10:52,0,26,223,0,19/07/2026 10:52,R_2VlsDB1q3tkvLEG,anonymous,EN,0.699999988,,"1,2,3",2,21,3,5,,4,3,4,4,4,5,"2,3,5,7,9,10",6,"5,7,10",,,,,,,,,,,,,,,,,,,,,,,,,,,,,,,,,,,,,,,,,,,,,,,,0,
19/07/2026 10:10,19/07/2026 10:58,0,100,2867,1,19/07/2026 10:58,R_Xi8ho4JhyG1ln0d,anonymous,EN,0.800000012,,"1,2,3",2,18,1,9,,2,3,5,4,1,2,"1,2,3,4,5,7,8,9,10",6,"6,7,10",,3,3,4,5,1,3,3,3,4,2,2,5,2,2,1,5,2,2,1,5,1,5,1,5,1,5,5,5,5,5,4,4,5,5,5,5,5,5,4,3,4,4,5,1,1,5,7,7Custom Value
12/07/2026 06:59,12/07/2026 11:11,0,53,15121,0,19/07/2026 11:12,R_12b8IglAuVFSjQZ,anonymous,EN,1,,"1,2,3",2,19,1,5,,4,2,4,4,3,1,"1,2,3,4,5,6,7,8,9,10",4,"1,2,7",,5,3,5,5,2,3,5,3,5,2,,,,,,,2,5,,,1,3,,,1,5,,,,,,,,,,,,,,,,,,,,,3,
19/07/2026 11:07,19/07/2026 11:27,0,100,1187,1,19/07/2026 11:27,R_qIM2FTQY03nuAAF,anonymous,EN,0.800000012,,"1,2,3",2,18,1,11,,3,4,3,4,3,4,"1,2,3,4,6,7,8,9,10",5,"6,7,9",,4,2,5,4,3,3,2,3,5,2,2,5,2,5,1,2,2,5,1,5,1,3,2,4,1,5,5,5,5,5,4,4,4,5,4,5,5,5,4,3,2,3,4,4,4,4,6,6Custom Value
19/07/2026 11:19,19/07/2026 11:30,0,100,668,1,19/07/2026 11:30,R_3NPogPltWlCyqDO,anonymous,EN,0.800000012,,"1,2,3",2,21,4,10,,4,3,4,3,2,5,"1,3,4,5,8,9,10",10,"2,5,6",,3,2,4,4,5,4,4,2,3,2,2,4,2,4,2,3,2,5,1,3,1,2,1,3,1,2,5,4,4,5,3,2,4,4,4,5,4,4,3,2,1,4,3,4,4,5,8,8Custom Value
19/07/2026 11:34,19/07/2026 11:43,0,100,505,1,19/07/2026 11:43,R_1dvqd9zanpWB6ti,anonymous,EN,1,,"1,2,3",2,20,2,11,,4,3,4,3,4,3,"1,2,3,4,6,8,9,10",7,"2,6,7",,3,3,2,5,2,3,5,2,5,2,2,5,1,3,1,3,2,5,1,4,2,2,2,5,2,2,5,5,5,5,3,4,3,5,3,5,5,5,4,4,4,2,4,5,3,5,3,3Custom Value
12/07/2026 12:30,12/07/2026 12:31,0,13,46,0,19/07/2026 12:31,R_5gKOZiSqCTptZhT,anonymous,EN,1,,"1,2,3",2,19,1,11,,,,,,,,,,,,,,,,,,,,,,,,,,,,,,,,,,,,,,,,,,,,,,,,,,,,,,,,,,0,
19/07/2026 12:51,19/07/2026 13:06,0,100,871,1,19/07/2026 13:06,R_129CLbrZM8pPgUp,anonymous,EN,0.600000024,,"1,2,3",1,22,5,5,,4,3,5,2,2,2,"1,4,6,7",4,"1,3,7",,3,2,4,4,3,3,2,3,4,2,1,5,1,2,2,3,2,2,1,5,1,5,1,5,1,4,5,4,4,3,2,5,4,5,2,4,5,5,1,2,1,4,4,4,4,5,6,6Custom Value
19/07/2026 13:18,19/07/2026 13:26,0,100,457,1,19/07/2026 13:26,R_1DCMcm6CcotDIAe,anonymous,EN,0.200000003,,"1,2,3",1,19,1,5,,1,1,1,1,1,1,6,4,"7,9,10",,2,1,2,2,1,2,1,1,5,2,1,3,1,3,2,5,2,3,1,3,1,3,1,3,1,3,5,5,5,5,1,1,1,5,5,5,5,5,1,1,1,1,5,5,5,5,6,6Custom Value
19/07/2026 13:25,19/07/2026 13:39,0,100,887,1,19/07/2026 13:39,R_3dFaUQyU53oJ6UI,anonymous,EN,0.300000012,,"1,2,3",2,20,2,9,,2,4,4,3,5,5,"1,3,4,7,8,9,10",6,"1,7,8",,5,4,5,4,2,3,5,5,5,2,2,4,2,4,2,4,2,5,1,4,1,4,2,4,1,4,5,5,5,5,4,4,4,5,5,5,5,5,3,3,5,2,5,4,2,5,7,7Custom Value
19/07/2026 13:28,19/07/2026 13:40,0,100,678,1,19/07/2026 13:40,R_3kLGnTr5bkBTNaH,anonymous,EN,0.899999976,,"1,2,3",2,19,1,11,,5,5,5,5,4,4,"1,4,6,7",8,"1,3,5",,5,4,3,4,3,4,5,4,4,2,1,4,1,3,2,4,2,4,1,3,2,3,2,4,2,4,4,4,5,4,4,4,4,4,4,4,4,4,4,3,1,2,5,3,4,5,3,3Custom Value
19/07/2026 13:41,19/07/2026 13:47,0,100,369,1,19/07/2026 13:47,R_25NsUDquHnOpN1T,anonymous,EN,0.300000012,,"1,2,3",1,18,1,9,,4,4,4,4,3,4,"1,2,3,4,5,6,7,8,9,10",10,"1,5,7",,4,4,5,4,2,2,4,4,4,2,2,5,2,3,2,4,2,5,1,4,2,3,2,3,1,3,4,4,4,4,4,5,4,4,4,4,4,4,4,5,3,2,3,3,3,5,6,6Custom Value
19/07/2026 13:44,19/07/2026 13:56,0,100,751,1,19/07/2026 13:56,R_U9JVCtrVOeDymYh,anonymous,EN,0.600000024,,"1,2,3",2,19,1,11,,5,5,5,5,4,5,"1,4,6,9",8,"1,3,5",,5,4,3,4,3,4,4,4,4,2,2,5,2,3,2,4,2,4,2,4,1,3,1,3,2,4,4,4,4,3,4,4,4,4,4,4,4,4,4,1,1,2,4,4,4,5,6,6Custom Value
12/07/2026 13:58,12/07/2026 13:59,0,3,78,0,19/07/2026 14:00,R_Q07AR7xmxbMsLAt,anonymous,EN,0.600000024,,"1,2,3",,,,,,,,,,,,,,,,,,,,,,,,,,,,,,,,,,,,,,,,,,,,,,,,,,,,,,,,,,,,,,0,
12/07/2026 14:24,12/07/2026 14:25,0,3,8,0,19/07/2026 14:25,R_2EzsUOFXOPWCnHU,anonymous,EN,1,,"1,2,3",,,,,,,,,,,,,,,,,,,,,,,,,,,,,,,,,,,,,,,,,,,,,,,,,,,,,,,,,,,,,,0,
12/07/2026 14:31,12/07/2026 14:31,0,3,11,0,19/07/2026 14:31,R_1NaDJg9wEKpwBx7,anonymous,EN,1,,"1,2,3",,,,,,,,,,,,,,,,,,,,,,,,,,,,,,,,,,,,,,,,,,,,,,,,,,,,,,,,,,,,,,0,
19/07/2026 14:36,19/07/2026 14:43,0,100,401,1,19/07/2026 14:43,R_3GwDaVQ2lc8F6Uj,anonymous,EN,0.699999988,,"1,2,3",1,18,1,11,,2,1,3,3,2,5,"1,3,6,7,8,10",6,"1,3,7",,3,2,3,3,1,2,2,2,1,2,2,3,2,3,2,2,2,4,1,5,1,4,1,3,1,2,5,5,5,4,1,1,1,4,1,5,5,5,4,4,2,4,4,5,3,5,8,8Custom Value
19/07/2026 14:25,19/07/2026 14:58,0,100,1990,1,19/07/2026 14:58,R_1FLoZyDUcJUjwnn,anonymous,EN,1,,"1,2,3",2,18,1,2,,5,5,5,3,3,5,"1,4,9",3,"3,5,7",,5,3,5,5,4,4,5,4,4,2,2,5,2,5,2,5,2,5,1,5,1,5,1,5,1,4,5,5,5,5,4,4,4,4,3,5,5,5,4,3,4,3,2,2,5,5,8,8Custom Value
12/07/2026 15:14,12/07/2026 15:15,0,3,10,0,19/07/2026 15:15,R_2QAR42WxafcV6WB,anonymous,EN,0.899999976,,"1,2,3",,,,,,,,,,,,,,,,,,,,,,,,,,,,,,,,,,,,,,,,,,,,,,,,,,,,,,,,,,,,,,0,
12/07/2026 15:22,12/07/2026 15:22,0,3,8,0,19/07/2026 15:22,R_1mz79HmxnwnUwgW,anonymous,EN,0.699999988,,"1,2,3",,,,,,,,,,,,,,,,,,,,,,,,,,,,,,,,,,,,,,,,,,,,,,,,,,,,,,,,,,,,,,0,
12/07/2026 15:23,12/07/2026 15:25,0,26,112,0,19/07/2026 15:25,R_3FPQ9vY0TDvBS3m,anonymous,EN,0.300000012,,"1,2,3",2,20,2,9,,4,3,4,4,4,5,"1,3,4,8,9",8,"6,8,10",,,,,,,,,,,,,,,,,,,,,,,,,,,,,,,,,,,,,,,,,,,,,,,,0,
12/07/2026 15:27,12/07/2026 15:28,0,13,74,0,19/07/2026 15:28,R_b3FOKOE5kmBW9Wx,anonymous,EN,1,,"1,2,3",2,18,1,2,,,,,,,,,,,,,,,,,,,,,,,,,,,,,,,,,,,,,,,,,,,,,,,,,,,,,,,,,,0,
12/07/2026 15:29,12/07/2026 15:33,0,41,245,0,19/07/2026 15:33,R_2aETIILDXDbuzxq,anonymous,EN,0.899999976,TRUE,"1,2,3",1,19,2,4,,3,3,5,3,4,4,"1,2,3,4,5,6,7,8,9,10",8,"1,7,9",,4,3,4,3,2,2,3,3,3,2,,,,,,,,,,,,,,,,,,,,,,,,,,,,,,,,,,,,,0,
12/07/2026 15:33,12/07/2026 15:34,0,3,14,0,19/07/2026 15:34,R_27dv8OZT2co9Ers,anonymous,EN,0.600000024,,"1,2,3",,,,,,,,,,,,,,,,,,,,,,,,,,,,,,,,,,,,,,,,,,,,,,,,,,,,,,,,,,,,,,0,
12/07/2026 15:30,12/07/2026 15:34,0,41,226,0,19/07/2026 15:34,R_1rOcxF8ZbcbDUXw,anonymous,EN,0.300000012,,"1,2,3",2,19,2,7,,2,1,3,4,2,3,"4,7,8,9",6,"3,5,6",,3,4,2,4,1,4,3,1,4,2,,,,,,,,,,,,,,,,,,,,,,,,,,,,,,,,,,,,,0,
12/07/2026 15:24,12/07/2026 15:34,0,45,624,0,19/07/2026 15:34,R_1QB0hEfNew3NXJF,anonymous,EN,,,"1,2,3",2,20,3,11,,4,3,4,4,4,5,"1,4,5,6,7,8,9",5,"5,7,10",,3,3,4,5,2,4,3,3,4,2,,,,,1,3,,,,,,,,,,,,,,,,,,,,,,,,,,,,,,,0,
12/07/2026 15:26,12/07/2026 15:34,0,3,467,0,19/07/2026 15:34,R_2UW5MHpsPEgamU1,anonymous,EN,,,"1,2,3",,,,,,,,,,,,,,,,,,,,,,,,,,,,,,,,,,,,,,,,,,,,,,,,,,,,,,,,,,,,,,0,
12/07/2026 15:32,12/07/2026 15:35,0,13,192,0,19/07/2026 15:35,R_TjdbL1iStjv3WNj,anonymous,EN,0,,"1,2,3",2,19,1,5,,,,,,,,,,,,,,,,,,,,,,,,,,,,,,,,,,,,,,,,,,,,,,,,,,,,,,,,,,0,
12/07/2026 15:33,12/07/2026 15:41,0,41,476,0,19/07/2026 15:41,R_2P06FJmWzvV5O3z,anonymous,EN,0.300000012,,"1,2,3",1,20,3,10,,3,2,3,4,3,3,"1,4,7,10",4,"1,2,7",,2,2,4,4,2,2,2,1,4,2,,,,,,,,,,,,,,,,,,,,,,,,,,,,,,,,,,,,,0,
12/07/2026 15:34,12/07/2026 15:43,0,3,513,0,19/07/2026 15:43,R_2dWMJCE45OdtkD1,anonymous,EN,1,,"1,2,3",,,,,,,,,,,,,,,,,,,,,,,,,,,,,,,,,,,,,,,,,,,,,,,,,,,,,,,,,,,,,,0,
12/07/2026 15:44,12/07/2026 15:47,0,26,130,0,19/07/2026 15:47,R_2bICWwjIWBzL2Nk,anonymous,EN,0.899999976,,"1,2,3",2,20,2,3,,3,2,4,2,2,3,"1,4",4,"1,2,3",,,,,,,,,,,,,,,,,,,,,,,,,,,,,,,,,,,,,,,,,,,,,,,,0,
12/07/2026 15:49,12/07/2026 15:49,0,3,37,0,19/07/2026 15:49,R_PNBJhHTk6O22lwJ,anonymous,EN,0.600000024,,"1,2,3",,,,,,,,,,,,,,,,,,,,,,,,,,,,,,,,,,,,,,,,,,,,,,,,,,,,,,,,,,,,,,0,
12/07/2026 15:49,12/07/2026 15:50,0,13,58,0,19/07/2026 15:50,R_2y3IuoYRSn9hdjw,anonymous,EN,1,,"1,2,3",2,21,4,1,,,,,,,,,,,,,,,,,,,,,,,,,,,,,,,,,,,,,,,,,,,,,,,,,,,,,,,,,,0,
12/07/2026 15:45,12/07/2026 15:54,0,68,574,0,19/07/2026 15:54,R_1DMhJ0EhELtpJ7p,anonymous,EN,0.800000012,,"1,2,3",2,18,1,7,,4,3,3,4,2,2,"1,4,7,8,10",8,"1,5,7",,3,2,3,3,2,2,3,2,4,2,2,4,2,3,1,3,,,1,1,1,2,1,3,1,3,,,,,,,,,,,,,,,,,,,,,6,
12/07/2026 15:49,12/07/2026 15:56,0,41,399,0,19/07/2026 15:56,R_1etsuSUh73w3b5C,anonymous,EN,0.899999976,,"1,2,3",2,19,1,9,,5,4,4,4,5,5,"1,4,6,7,10",5,"1,5,7",,4,4,4,4,1,2,2,3,5,2,,,,,,,,,,,,,,,,,,,,,,,,,,,,,,,,,,,,,0,
12/07/2026 16:01,12/07/2026 16:02,0,3,57,0,19/07/2026 16:02,R_1mJdyDaol1pin2m,anonymous,EN,0.899999976,,"1,2,3",,,,,,,,,,,,,,,,,,,,,,,,,,,,,,,,,,,,,,,,,,,,,,,,,,,,,,,,,,,,,,0,
12/07/2026 15:57,12/07/2026 16:02,0,45,334,0,19/07/2026 16:03,R_Xvafz585MJnXXtD,anonymous,EN,1,TRUE,"1,2,3",2,19,2,4,,5,4,3,4,4,5,"1,3,4,5,7,8,9,10",4,"1,5,7",,4,4,5,4,2,2,2,3,5,2,,,,,,,,,,,,,1,4,,,,,,,,,,,,,,,,,,,,,,,1,
12/07/2026 15:26,12/07/2026 16:06,0,3,2363,0,19/07/2026 16:06,R_3hxoBpDjH9vkwlW,anonymous,EN,0.899999976,,"1,2,3",,,,,,,,,,,,,,,,,,,,,,,,,,,,,,,,,,,,,,,,,,,,,,,,,,,,,,,,,,,,,,0,
12/07/2026 16:12,12/07/2026 16:13,0,3,57,0,19/07/2026 16:13,R_vH7OvHqaZcrKTId,anonymous,EN,1,,"1,2,3",,,,,,,,,,,,,,,,,,,,,,,,,,,,,,,,,,,,,,,,,,,,,,,,,,,,,,,,,,,,,,0,
19/07/2026 16:05,19/07/2026 16:20,0,100,940,1,19/07/2026 16:20,R_Dl5VCNSNNueG5J7,anonymous,EN,0.800000012,,"1,2,3",2,19,1,5,,4,3,5,3,2,3,"1,2,3,4,5,6,7,8,9,10",8,"5,6,7",,4,4,5,4,2,3,3,2,4,2,2,2,1,3,2,4,2,4,2,2,2,3,2,3,1,2,5,4,5,5,3,4,2,3,3,5,5,5,5,2,2,4,5,4,3,5,4,4Custom Value
12/07/2026 16:22,12/07/2026 16:23,0,3,28,0,19/07/2026 16:23,R_3TTxbYzXnWYRFZf,anonymous,EN,1,,"1,2,3",,,,,,,,,,,,,,,,,,,,,,,,,,,,,,,,,,,,,,,,,,,,,,,,,,,,,,,,,,,,,,0,
12/07/2026 16:25,12/07/2026 16:28,0,41,193,0,19/07/2026 16:28,R_1hXwiGIAUNnD5ab,anonymous,EN,1,TRUE,"1,2,3",2,20,3,6,,4,3,3,2,5,4,"1,4,6,7,8,9,10",8,"4,5,7",,3,2,2,4,2,2,2,2,4,2,,,,,,,,,,,,,,,,,,,,,,,,,,,,,,,,,,,,,0,
12/07/2026 16:22,12/07/2026 16:29,0,45,431,0,19/07/2026 16:29,R_1lcc4KNTfDsAjCY,anonymous,EN,1,,"1,2,3",2,21,1,2,,4,2,2,5,1,4,"1,2,3,4,6,7,8,9,10",9,"1,5,6",,4,3,2,4,1,5,2,3,4,2,,,1,2,,,,,,,,,,,,,,,,,,,,,,,,,,,,,,,,,0,
12/07/2026 16:04,12/07/2026 16:40,0,49,2168,0,19/07/2026 16:40,R_pcpjkDAerurTsOd,anonymous,EN,0.899999976,TRUE,"1,2,3",2,19,1,9,,5,4,4,4,5,5,"1,4,6,7,9,10",5,"1,5,7",,4,4,4,4,1,2,2,3,4,2,,,1,2,,,,,,,,,1,2,,,,,,,,,,,,,,,,,,,,,,,1,
12/07/2026 16:34,12/07/2026 16:42,0,13,462,0,19/07/2026 16:42,R_poqPIMIq6aGVs09,anonymous,EN,1,,"1,2,3",1,21,2,2,,,,,,,,,,,,,,,,,,,,,,,,,,,,,,,,,,,,,,,,,,,,,,,,,,,,,,,,,,0,
12/07/2026 16:48,12/07/2026 16:53,0,45,306,0,19/07/2026 16:53,R_2S1PHXJwXzV9yKS,anonymous,EN,0.699999988,TRUE,"1,2,3",2,18,1,9,,5,4,5,4,4,4,"1,4,6,7,8,10",9,"1,5,7",,5,4,5,5,3,3,5,4,4,2,,,,,,,,,1,3,,,,,,,,,,,,,,,,,,,,,,,,,,,1,
12/07/2026 16:52,12/07/2026 16:55,0,26,158,0,19/07/2026 16:55,R_1GvQhLYOyFCGm4k,anonymous,EN,0.699999988,,"1,2,3",2,20,2,11,,4,2,3,3,2,3,"1,4,6,7,8,10",3,"1,2,5",,,,,,,,,,,,,,,,,,,,,,,,,,,,,,,,,,,,,,,,,,,,,,,,0,
12/07/2026 17:14,12/07/2026 17:15,0,3,41,0,19/07/2026 17:15,R_RKMGqyN3HQheAzD,anonymous,EN,1,,"1,2,3",,,,,,,,,,,,,,,,,,,,,,,,,,,,,,,,,,,,,,,,,,,,,,,,,,,,,,,,,,,,,,0,
12/07/2026 17:19,12/07/2026 17:19,0,3,8,0,19/07/2026 17:19,R_2qdUR4lMglXCsyM,anonymous,EN,1,,"1,2,3",,,,,,,,,,,,,,,,,,,,,,,,,,,,,,,,,,,,,,,,,,,,,,,,,,,,,,,,,,,,,,0,
12/07/2026 17:19,12/07/2026 17:20,0,3,29,0,19/07/2026 17:20,R_021YiyRd6p25iTv,anonymous,EN,0.400000006,,"1,2,3",,,,,,,,,,,,,,,,,,,,,,,,,,,,,,,,,,,,,,,,,,,,,,,,,,,,,,,,,,,,,,0,
12/07/2026 17:20,12/07/2026 17:22,0,13,91,0,19/07/2026 17:22,R_3EnWEWMQWZP7OJJ,anonymous,EN,1,,"1,2,3",2,18,1,9,,,,,,,,,,,,,,,,,,,,,,,,,,,,,,,,,,,,,,,,,,,,,,,,,,,,,,,,,,0,
12/07/2026 17:27,12/07/2026 17:27,0,13,49,0,19/07/2026 17:27,R_3EgNC6L1vAlHJCZ,anonymous,EN,0.100000001,TRUE,"1,2,3",2,19,2,9,,,,,,,,,,,,,,,,,,,,,,,,,,,,,,,,,,,,,,,,,,,,,,,,,,,,,,,,,,0,
12/07/2026 17:27,12/07/2026 17:31,0,41,223,0,19/07/2026 17:31,R_3oAcsAikOWuOZwS,anonymous,EN,0.400000006,,"1,2,3",3,20,2,3,,4,2,5,5,3,5,"3,4,5,6,8,9,10",9,"5,7,9",,4,4,4,4,3,2,4,4,4,2,,,,,,,,,,,,,,,,,,,,,,,,,,,,,,,,,,,,,0,
12/07/2026 17:31,12/07/2026 17:31,0,3,16,0,19/07/2026 17:31,R_2zpaZdtS9zQd5f3,anonymous,EN,0.100000001,,"1,2,3",,,,,,,,,,,,,,,,,,,,,,,,,,,,,,,,,,,,,,,,,,,,,,,,,,,,,,,,,,,,,,0,
12/07/2026 17:32,12/07/2026 17:32,0,3,6,0,19/07/2026 17:32,R_XjnuqMlyKe1B0Nb,anonymous,EN,1,,"1,2,3",,,,,,,,,,,,,,,,,,,,,,,,,,,,,,,,,,,,,,,,,,,,,,,,,,,,,,,,,,,,,,0,
19/07/2026 17:49,19/07/2026 17:58,0,100,528,1,19/07/2026 17:58,R_z9ixR8oMNnvGQIp,anonymous,EN,0.5,,"1,2,3",2,18,2,2,,4,4,5,2,3,4,"1,3,4,5,6,8,9,10",10,"2,5,6",,5,4,5,4,2,3,2,2,4,2,2,4,2,3,2,2,2,3,1,1,1,2,2,3,2,3,5,4,5,4,3,4,2,3,3,3,4,4,1,2,1,3,4,5,1,5,6,6Custom Value
12/07/2026 17:53,12/07/2026 18:02,0,60,509,0,19/07/2026 18:02,R_3M6HPzu1zQxlo8a,anonymous,EN,0.100000001,,"1,2,3",2,20,2,5,,5,4,4,2,3,5,"1,3,4,6,7,8,9,10",6,"1,5,7",,4,3,5,5,1,1,1,2,5,2,,,1,2,2,2,,,1,5,1,2,2,2,,,,,,,,,,,,,,,,,,,,,,,3,
12/07/2026 18:03,12/07/2026 18:03,0,3,23,0,19/07/2026 18:03,R_cOdIJu9D1rZ42el,anonymous,EN,0.100000001,TRUE,"1,2,3",,,,,,,,,,,,,,,,,,,,,,,,,,,,,,,,,,,,,,,,,,,,,,,,,,,,,,,,,,,,,,0,
12/07/2026 18:01,12/07/2026 18:07,0,49,350,0,19/07/2026 18:07,R_3O97NvtMqQEI7zm,anonymous,EN,0.300000012,,"1,2,3",2,18,1,10,,3,1,2,2,2,3,"1,3,4,7,8,9,10",5,"1,2,3",,3,2,2,3,2,2,2,2,3,2,2,2,,,,,2,4,,,,,,,,,,,,,,,,,,,,,,,,,,,,,2,
12/07/2026 18:24,12/07/2026 18:25,0,26,92,0,19/07/2026 18:25,R_3ealkBo50qpQDkM,anonymous,EN,0.300000012,,"1,2,3",2,21,1,7,,3,3,3,4,2,2,"1,2,4,6,7,9",7,"2,3,6",,,,,,,,,,,,,,,,,,,,,,,,,,,,,,,,,,,,,,,,,,,,,,,,0,
12/07/2026 18:24,12/07/2026 18:26,0,13,91,0,19/07/2026 18:26,R_1n7M4r8pqCIWlFF,anonymous,EN,0.899999976,,"1,2,3",2,19,2,11,,,,,,,,,,,,,,,,,,,,,,,,,,,,,,,,,,,,,,,,,,,,,,,,,,,,,,,,,,0,
12/07/2026 18:33,12/07/2026 18:44,0,26,673,0,19/07/2026 18:44,R_1jMIFShtXFvFt7o,anonymous,EN,0.899999976,,"1,2,3",1,20,3,3,,3,5,5,5,1,3,"1,2,3,4,5,6,7,8,9,10",2,"2,6,10",,,,,,,,,,,,,,,,,,,,,,,,,,,,,,,,,,,,,,,,,,,,,,,,0,
12/07/2026 18:54,12/07/2026 19:00,0,26,372,0,19/07/2026 19:00,R_1rrfOWO72p9xz75,anonymous,EN,1,,"1,2,3",3,20,3,7,,4,4,4,2,4,4,"5,6,8,9,10",12,"2,6,7",,,,,,,,,,,,,,,,,,,,,,,,,,,,,,,,,,,,,,,,,,,,,,,,0,
12/07/2026 19:02,12/07/2026 19:08,0,45,377,0,19/07/2026 19:08,R_0quHu8BVVeh9qyB,anonymous,EN,0.800000012,TRUE,"1,2,3",2,19,1,11,,2,4,4,3,1,4,"1,3,4,5,6,7,8,9,10",12,"1,2,7",,2,3,4,2,4,3,5,4,4,2,,,1,3,,,,,,,,,,,,,,,,,,,,,,,,,,,,,,,,,0,
12/07/2026 19:35,12/07/2026 19:41,0,41,364,0,19/07/2026 19:41,R_2yfoFRGmxhhDLta,anonymous,EN,0.899999976,,"1,2,3",2,20,2,7,,2,5,3,2,4,4,"1,3,4,5,7,8,9,10",9,"1,9,10",,2,2,2,3,1,2,2,2,4,2,,,,,,,,,,,,,,,,,,,,,,,,,,,,,,,,,,,,,0,
12/07/2026 20:03,12/07/2026 20:06,0,41,140,0,19/07/2026 20:06,R_28RJBP9qDvn0jB9,anonymous,EN,0.300000012,,"1,2,3",1,22,2,11,,2,2,2,2,2,2,1,12,"1,2,3",,2,2,2,2,2,2,2,2,1,2,,,,,,,,,,,,,,,,,,,,,,,,,,,,,,,,,,,,,0,
12/07/2026 22:06,12/07/2026 22:08,0,12,144,0,19/07/2026 22:08,R_a4tok4iZg1sKf2F,anonymous,EN,0.400000006,,"1,2,3",1,20,2,9,,,,,,,,,,,,,,,,,,,,,,,,,,,,,,,,,,,,,,,,,,,,,,,,,,,,,,,,,,0,
12/07/2026 23:51,12/07/2026 23:51,0,3,10,0,19/07/2026 23:51,R_1f2GsDaZwHvW6Pi,anonymous,EN,0.400000006,,"1,2,3",,,,,,,,,,,,,,,,,,,,,,,,,,,,,,,,,,,,,,,,,,,,,,,,,,,,,,,,,,,,,,0,
12/07/2026 23:52,12/07/2026 23:53,0,3,26,0,19/07/2026 23:53,R_3FPNomueBf7Sshe,anonymous,EN,0.899999976,,"1,2,3",,,,,,,,,,,,,,,,,,,,,,,,,,,,,,,,,,,,,,,,,,,,,,,,,,,,,,,,,,,,,,0,
13/07/2026 00:15,13/07/2026 00:16,0,13,38,0,20/07/2026 00:16,R_PNZ52rrOoX1QxsR,anonymous,EN,0.800000012,,"1,2,3",2,18,1,3,,,,,,,,,,,,,,,,,,,,,,,,,,,,,,,,,,,,,,,,,,,,,,,,,,,,,,,,,,0,
13/07/2026 00:37,13/07/2026 00:44,0,81,462,0,20/07/2026 00:44,R_1JDZYAqZ6yNHIBG,anonymous,EN,0,,"1,2,3",2,21,3,9,,4,3,5,5,3,4,"1,4,6,10",8,"1,7,10",,4,3,5,4,2,2,2,1,4,2,2,4,2,4,2,5,2,5,1,4,1,3,1,4,2,3,5,4,4,2,1,1,,,,,,,,,,,,,,,7,
13/07/2026 00:53,13/07/2026 00:56,0,26,191,0,20/07/2026 00:56,R_3KBWyluhineCmmm,anonymous,EN,0.800000012,,"1,2,3",1,18,1,2,,3,5,3,3,3,4,"1,3,4,5,7,9,10",6,"1,3,5",,,,,,,,,,,,,,,,,,,,,,,,,,,,,,,,,,,,,,,,,,,,,,,,0,
13/07/2026 01:11,13/07/2026 01:17,0,64,340,0,20/07/2026 01:17,R_1k1B7BTLoEQSth9,anonymous,EN,0.300000012,,"1,2,3",1,19,1,11,,3,3,3,3,3,3,"1,4,6,7,10",4,"2,3,5",,3,3,2,2,3,3,2,2,1,2,2,4,1,3,,,,,1,4,1,3,1,3,2,3,,,,,,,,,,,,,,,,,,,,,4,
13/07/2026 01:15,13/07/2026 01:23,0,64,479,0,20/07/2026 01:23,R_ph0MroB5mLr94kx,anonymous,EN,0.300000012,,"1,2,3",2,19,1,6,,2,1,2,2,2,4,"1,4,5,7,10",3,"1,2,5",,4,2,2,3,4,4,3,2,4,2,2,2,1,2,1,3,,,1,4,2,2,2,2,,,,,,,,,,,,,,,,,,,,,,,2,
13/07/2026 01:28,13/07/2026 01:29,0,13,93,0,20/07/2026 01:29,R_2uJqakbbEzCRHQI,anonymous,EN,1,,"1,2,3",2,19,1,11,,,,,,,,,,,,,,,,,,,,,,,,,,,,,,,,,,,,,,,,,,,,,,,,,,,,,,,,,,0,
13/07/2026 02:22,13/07/2026 02:25,0,49,161,0,20/07/2026 02:25,R_32PEyH1NxVDSib7,anonymous,EN,0.100000001,TRUE,"1,2,3",1,18,1,5,,5,3,5,4,4,5,"1,2,3,4,5,6,7,8,9,10",12,"2,3,5",,4,3,5,5,5,5,5,5,3,4,,,2,3,,,2,4,,,,,,,,,,,,,,,,,,,,,,,,,,,,,2,
13/07/2026 02:29,13/07/2026 02:49,0,41,1206,0,20/07/2026 02:49,R_3rSbWO0WE1XrCmw,anonymous,EN,0.800000012,,"1,2,3",2,18,1,5,,4,3,3,4,4,3,"1,4,7,9,10",12,"1,5,7",,3,4,4,4,2,3,3,3,3,2,,,,,,,,,,,,,,,,,,,,,,,,,,,,,,,,,,,,,0,
13/07/2026 02:50,13/07/2026 03:00,0,56,570,0,20/07/2026 03:00,R_1daEupx9tz4nuZi,anonymous,EN,0.5,,"1,2,3",1,18,1,6,,5,4,5,4,4,5,"1,3,4,6,8,9",10,"7,9,10",,4,4,4,5,2,2,3,2,4,2,1,5,,,2,1,,,1,4,1,4,,,,,,,,,,,,,,,,,,,,,,,,,3,
13/07/2026 02:54,13/07/2026 03:02,0,41,421,0,20/07/2026 03:02,R_116nLJjlibxuz5p,anonymous,EN,1,,"1,2,3",2,18,1,5,,3,2,3,3,1,2,"1,3,4,9,10",4,"1,5,7",,3,3,3,4,1,3,1,2,3,2,,,,,,,,,,,,,,,,,,,,,,,,,,,,,,,,,,,,,0,
13/07/2026 03:08,13/07/2026 03:16,0,41,444,0,20/07/2026 03:16,R_2rUYChRM0LWDd7Z,anonymous,EN,0,,"1,2,3",2,21,3,11,,5,4,5,3,3,3,"4,6,7,8,9,10",10,"4,5,7",,5,3,4,5,3,3,4,4,4,2,,,,,,,,,,,,,,,,,,,,,,,,,,,,,,,,,,,,,0,
13/07/2026 03:24,13/07/2026 03:24,0,3,41,0,20/07/2026 03:25,R_AjSFflItUyLA6qt,anonymous,EN,1,,"1,2,3",,,,,,,,,,,,,,,,,,,,,,,,,,,,,,,,,,,,,,,,,,,,,,,,,,,,,,,,,,,,,,0,
13/07/2026 03:26,13/07/2026 03:31,0,53,327,0,20/07/2026 03:31,R_264j56J9WFowD02,anonymous,EN,1,,"1,2,3",2,23,1,11,,4,4,4,5,4,4,"1,4,5,6,7,9",12,"1,7,8",,4,4,4,4,3,3,3,3,4,2,,,,,,,,,1,5,1,2,,,1,4,,,,,,,,,,,,,,,,,,,,,3,
13/07/2026 03:31,13/07/2026 03:32,0,13,66,0,20/07/2026 03:32,R_3feoX4zO0tyQgJF,anonymous,EN,1,,"1,2,3",2,23,4,2,,,,,,,,,,,,,,,,,,,,,,,,,,,,,,,,,,,,,,,,,,,,,,,,,,,,,,,,,,0,
13/07/2026 03:43,13/07/2026 03:45,0,13,102,0,20/07/2026 03:45,R_1pLkqYcIgsEMAd2,anonymous,EN,0.899999976,,"1,2,3",2,18,1,9,,,,,,,,,,,,,,,,,,,,,,,,,,,,,,,,,,,,,,,,,,,,,,,,,,,,,,,,,,0,
13/07/2026 03:42,13/07/2026 03:56,0,68,783,0,20/07/2026 03:56,R_3J1Qro68ozSJBK9,anonymous,EN,0.800000012,,"1,2,3",2,20,2,4,,5,5,5,5,5,5,"1,3,4,5,6,7,8,9,10",9,"1,5,7",,5,2,5,5,1,1,4,2,5,2,2,5,2,1,,,2,4,1,4,1,5,2,2,1,3,,,,,,,,,,,,,,,,,,,,,6,
13/07/2026 03:58,13/07/2026 04:02,0,26,263,0,20/07/2026 04:02,R_2fvo2GOS7Th4de1,anonymous,EN,0.5,,"1,2,3",2,21,3,3,,4,2,4,2,5,5,"1,4,7,8",3,"1,2,3",,,,,,,,,,,,,,,,,,,,,,,,,,,,,,,,,,,,,,,,,,,,,,,,0,
13/07/2026 04:07,13/07/2026 04:07,0,13,39,0,20/07/2026 04:07,R_z897upE82rgUCaJ,anonymous,EN,0.800000012,,"1,2,3",2,18,1,4,,,,,,,,,,,,,,,,,,,,,,,,,,,,,,,,,,,,,,,,,,,,,,,,,,,,,,,,,,0,
13/07/2026 04:46,13/07/2026 04:47,0,13,45,0,20/07/2026 04:47,R_3KGAHShAWT0FctK,anonymous,EN,0.899999976,,"1,2,3",2,21,4,4,,,,,,,,,,,,,,,,,,,,,,,,,,,,,,,,,,,,,,,,,,,,,,,,,,,,,,,,,,0,
13/07/2026 05:14,13/07/2026 05:15,0,3,33,0,20/07/2026 05:15,R_2cwrG3ffOEMaUeX,anonymous,EN,0.100000001,,"1,2,3",,,,,,,,,,,,,,,,,,,,,,,,,,,,,,,,,,,,,,,,,,,,,,,,,,,,,,,,,,,,,,0,
13/07/2026 05:17,13/07/2026 05:24,0,49,467,0,20/07/2026 05:25,R_1pR8WgduW1hBivl,anonymous,EN,1,,"1,2,3",2,19,2,2,,2,3,4,4,3,2,"1,4,5,7,9,10",5,"2,3,5",,2,2,3,3,2,2,3,2,4,2,,,,,2,4,2,2,,,,,,,,,,,,,,,,,,,,,,,,,,,,,2,
13/07/2026 05:53,13/07/2026 06:03,0,81,570,0,20/07/2026 06:03,R_uwhihIfOU5nQLrr,anonymous,EN,0.400000006,,"1,2,3",2,22,4,9,,4,3,3,5,4,3,"3,7,8",8,"1,2,6",,3,3,2,2,1,4,2,2,2,2,2,5,1,3,1,2,2,3,1,5,1,5,2,5,2,3,2,5,4,5,2,3,,,,,,,,,,,,,,,4,
13/07/2026 06:07,13/07/2026 06:07,0,3,8,0,20/07/2026 06:07,R_27d4T3aVaYF7ifY,anonymous,EN,1,,"1,2,3",,,,,,,,,,,,,,,,,,,,,,,,,,,,,,,,,,,,,,,,,,,,,,,,,,,,,,,,,,,,,,0,
13/07/2026 06:10,13/07/2026 06:11,0,3,24,0,20/07/2026 06:11,R_1k19FFWRwXs40vn,anonymous,EN,1,,"1,2,3",,,,,,,,,,,,,,,,,,,,,,,,,,,,,,,,,,,,,,,,,,,,,,,,,,,,,,,,,,,,,,0,
13/07/2026 06:28,13/07/2026 06:30,0,3,73,0,20/07/2026 06:30,R_3fpDnSATKDiMxQp,anonymous,EN,0.899999976,,"1,2,3",,,,,,,,,,,,,,,,,,,,,,,,,,,,,,,,,,,,,,,,,,,,,,,,,,,,,,,,,,,,,,0,
13/07/2026 07:25,13/07/2026 07:31,0,45,397,0,20/07/2026 07:31,R_1nW9twGGoZpoZdf,anonymous,EN,1,,"1,2,3",2,21,4,9,,4,5,4,3,5,5,"1,3,4,5,8,9,10",12,"1,5,7",,4,3,4,5,2,3,2,2,4,2,,,,,,,2,5,,,,,,,,,,,,,,,,,,,,,,,,,,,,,1,
13/07/2026 07:32,13/07/2026 07:35,0,3,163,0,20/07/2026 07:35,R_1FlVYwcfn1BXMRX,anonymous,EN,0.899999976,,"1,2,3",,,,,,,,,,,,,,,,,,,,,,,,,,,,,,,,,,,,,,,,,,,,,,,,,,,,,,,,,,,,,,0,
13/07/2026 09:02,13/07/2026 09:03,0,13,54,0,20/07/2026 09:03,R_xm6zUeMA9aCVlnj,anonymous,EN,1,,"1,2,3",2,20,2,3,,,,,,,,,,,,,,,,,,,,,,,,,,,,,,,,,,,,,,,,,,,,,,,,,,,,,,,,,,0,
13/07/2026 09:28,13/07/2026 09:36,0,60,483,0,20/07/2026 09:36,R_1i9F6MpwjPFMiCP,anonymous,EN,0.400000006,TRUE,"1,2,3",2,18,1,4,,3,3,2,3,2,4,"1,7,8,9",8,"1,3,5",,3,3,4,4,2,4,3,2,4,2,,,1,5,1,5,,,1,5,,,1,4,1,5,,,,,,,,,,,,,,,,,,,,,3,
13/07/2026 10:03,13/07/2026 10:09,0,41,364,0,20/07/2026 10:09,R_2rk0qlSYHeekKol,anonymous,EN,0.400000006,,"1,2,3",2,19,3,5,,3,4,5,3,4,5,"1,3,4,10",9,"2,3,7",,2,2,3,4,1,1,4,1,4,2,,,,,,,,,,,,,,,,,,,,,,,,,,,,,,,,,,,,,0,
13/07/2026 10:10,13/07/2026 10:15,0,36,266,0,20/07/2026 10:15,R_1jZzjdwoatlOzdE,anonymous,EN,1,,"1,2,3",1,18,3,9,,4,4,4,5,5,5,"1,4,6,8,9,10",12,"1,3,5",,5,3,4,4,3,4,4,4,,,,,,,,,,,,,,,,,,,,,,,,,,,,,,,,,,,,,,,0,
13/07/2026 10:19,13/07/2026 10:23,0,45,211,0,20/07/2026 10:23,R_2wLda0chZ8kcuod,anonymous,EN,1,,"1,2,3",2,20,2,7,,5,2,3,3,4,4,"1,3,4,5,6,7,8,9,10",10,"1,5,7",,2,2,2,3,2,3,4,2,4,2,,,,,,,2,5,,,,,,,,,,,,,,,,,,,,,,,,,,,,,1,
13/07/2026 10:34,13/07/2026 10:35,0,3,55,0,20/07/2026 10:35,R_1EiWsgR28FFqQOv,anonymous,EN,0.699999988,,"1,2,3",,,,,,,,,,,,,,,,,,,,,,,,,,,,,,,,,,,,,,,,,,,,,,,,,,,,,,,,,,,,,,0,
13/07/2026 10:44,13/07/2026 10:50,0,13,319,0,20/07/2026 10:50,R_0AI68fs9nzvl3dT,anonymous,EN,0.800000012,,"1,2,3",2,18,1,11,,,,,,,,,,,,,,,,,,,,,,,,,,,,,,,,,,,,,,,,,,,,,,,,,,,,,,,,,,0,
13/07/2026 11:08,13/07/2026 11:08,0,3,43,0,20/07/2026 11:08,R_21b8UV1ATMjHyke,anonymous,EN,0.400000006,,"1,2,3",,,,,,,,,,,,,,,,,,,,,,,,,,,,,,,,,,,,,,,,,,,,,,,,,,,,,,,,,,,,,,0,
13/07/2026 11:08,13/07/2026 11:09,0,13,38,0,20/07/2026 11:09,R_21oYRmXA0lFxEPZ,anonymous,EN,1,,"1,2,3",2,18,1,2,,,,,,,,,,,,,,,,,,,,,,,,,,,,,,,,,,,,,,,,,,,,,,,,,,,,,,,,,,0,
13/07/2026 11:18,13/07/2026 11:20,0,3,132,0,20/07/2026 11:20,R_22QYWZXaXPFOx5C,anonymous,EN,1,,"1,2,3",,,,,,,,,,,,,,,,,,,,,,,,,,,,,,,,,,,,,,,,,,,,,,,,,,,,,,,,,,,,,,0,
13/07/2026 12:16,13/07/2026 12:18,0,53,130,0,20/07/2026 12:19,R_1LuKPAJU78xCX72,anonymous,EN,1,,"1,2,3",2,20,2,5,,4,4,4,4,4,4,"2,10",6,"2,4,5",,4,4,4,4,4,5,4,4,4,4,,,,,,,1,3,2,4,2,3,,,,,,,,,,,,,,,,,,,,,,,,,0,
13/07/2026 12:26,13/07/2026 12:32,0,60,367,0,20/07/2026 12:32,R_1LtFDTKrstQMnUD,anonymous,EN,0.800000012,,"1,2,3",1,19,2,3,,5,4,5,4,3,5,"1,4,6,7,8,9,10",5,"1,3,7",,5,4,5,5,2,3,2,3,5,2,,,1,3,,,2,4,1,4,2,3,,,1,4,,,,,,,,,,,,,,,,,,,,,3,
13/07/2026 12:37,13/07/2026 12:38,0,13,58,0,20/07/2026 12:40,R_2165XwFD84KD2Oh,anonymous,EN,1,,"1,2,3",2,18,1,11,,,,,,,,,,,,,,,,,,,,,,,,,,,,,,,,,,,,,,,,,,,,,,,,,,,,,,,,,,0,
13/07/2026 12:42,13/07/2026 12:42,0,3,21,0,20/07/2026 12:42,R_1IS1uh9U6RMiv3t,anonymous,EN,1,,"1,2,3",,,,,,,,,,,,,,,,,,,,,,,,,,,,,,,,,,,,,,,,,,,,,,,,,,,,,,,,,,,,,,0,
13/07/2026 12:52,13/07/2026 12:55,0,13,168,0,20/07/2026 12:55,R_1jSZ8tDsSCBta0x,anonymous,EN,1,,"1,2,3",2,18,1,11,,,,,,,,,,,,,,,,,,,,,,,,,,,,,,,,,,,,,,,,,,,,,,,,,,,,,,,,,,0,
13/07/2026 12:55,13/07/2026 13:02,0,60,398,0,20/07/2026 13:02,R_1l0NBDwDBdiyyY8,anonymous,EN,1,TRUE,"1,2,3",2,18,1,11,,5,5,4,4,2,4,"1,3,4,6,7,8,9,10",12,"1,5,7",,4,2,4,5,2,3,5,2,4,2,2,3,,,,,2,4,,,1,3,1,2,1,3,,,,,,,,,,,,,,,,,,,,,5,
13/07/2026 13:14,13/07/2026 13:15,0,13,63,0,20/07/2026 13:15,R_2z5EwavTJpR2QLl,anonymous,EN,0.800000012,,"1,2,3",2,20,3,2,,,,,,,,,,,,,,,,,,,,,,,,,,,,,,,,,,,,,,,,,,,,,,,,,,,,,,,,,,0,
20/07/2026 13:25,20/07/2026 13:32,0,100,424,1,20/07/2026 13:32,R_2ONGzSfHoQ2jTR6,anonymous,EN,0.800000012,,"1,2,3",1,22,4,5,,4,3,5,4,5,4,"1,6,9,10",11,"3,4,5",,5,4,4,5,2,5,5,4,4,2,2,5,2,5,2,5,2,5,1,3,2,3,1,2,1,4,5,5,5,4,4,4,4,4,4,5,4,4,3,3,3,3,2,3,4,4,7,7Custom Value
13/07/2026 13:34,13/07/2026 13:34,0,3,15,0,20/07/2026 13:34,R_1ilgD6aMRp1MOsx,anonymous,EN,1,,"1,2,3",,,,,,,,,,,,,,,,,,,,,,,,,,,,,,,,,,,,,,,,,,,,,,,,,,,,,,,,,,,,,,0,
13/07/2026 13:32,13/07/2026 13:43,0,53,698,0,20/07/2026 13:43,R_ZDKg3LjAx3xfDPz,anonymous,EN,1,,"1,2,3",1,19,1,11,,5,3,3,2,4,5,"1,3,4,5,6,7,9,10",12,"3,4,5",,3,2,1,4,3,4,5,2,3,2,,,,,2,3,,,,,1,4,1,2,,,,,,,,,,,,,,,,,,,,,,,3,
13/07/2026 13:44,13/07/2026 13:44,0,3,12,0,20/07/2026 13:44,R_3RfsyfeSUhytBxq,anonymous,EN,1,TRUE,"1,2,3",,,,,,,,,,,,,,,,,,,,,,,,,,,,,,,,,,,,,,,,,,,,,,,,,,,,,,,,,,,,,,0,
13/07/2026 14:07,13/07/2026 14:08,0,3,28,0,20/07/2026 14:08,R_sHWmcbNXXPa5lbX,anonymous,EN,1,,"1,2,3",,,,,,,,,,,,,,,,,,,,,,,,,,,,,,,,,,,,,,,,,,,,,,,,,,,,,,,,,,,,,,0,
13/07/2026 14:15,13/07/2026 14:17,0,13,126,0,20/07/2026 14:17,R_11WUlNpAODCoeFI,anonymous,EN,0.800000012,,"1,2,3",2,21,3,4,,,,,,,,,,,,,,,,,,,,,,,,,,,,,,,,,,,,,,,,,,,,,,,,,,,,,,,,,,0,
13/07/2026 14:14,13/07/2026 14:19,0,26,272,0,20/07/2026 14:19,R_1ltzlmPulS3sQ6b,anonymous,EN,0.699999988,,"1,2,3",2,18,1,9,,3,3,4,2,3,4,"1,3,7,10",5,"3,5,7",,,,,,,,,,,,,,,,,,,,,,,,,,,,,,,,,,,,,,,,,,,,,,,,0,
13/07/2026 14:13,13/07/2026 14:24,0,64,688,0,20/07/2026 14:24,R_3dHfJqVZvw1y3qr,anonymous,EN,0.699999988,,"1,2,3",2,18,1,9,,4,3,5,3,4,5,"1,3,4,7",12,"1,5,7",,3,2,4,5,1,3,4,2,4,2,,,,,2,3,2,5,1,5,1,5,1,4,2,3,,,,,,,,,,,,,,,,,,,,,5,
13/07/2026 14:23,13/07/2026 14:26,0,13,198,0,20/07/2026 14:26,R_UasA21HSqSB0UYp,anonymous,EN,1,,"1,2,3",2,21,1,9,,,,,,,,,,,,,,,,,,,,,,,,,,,,,,,,,,,,,,,,,,,,,,,,,,,,,,,,,,0,
13/07/2026 14:31,13/07/2026 14:33,0,3,124,0,20/07/2026 14:33,R_3iVxISFGS5xWzCd,anonymous,EN,0.300000012,,"1,2,3",,,,,,,,,,,,,,,,,,,,,,,,,,,,,,,,,,,,,,,,,,,,,,,,,,,,,,,,,,,,,,0,
13/07/2026 14:33,13/07/2026 14:34,0,3,8,0,20/07/2026 14:34,R_2RQ9jgnqlnGozQu,anonymous,EN,1,,"1,2,3",,,,,,,,,,,,,,,,,,,,,,,,,,,,,,,,,,,,,,,,,,,,,,,,,,,,,,,,,,,,,,0,
13/07/2026 14:39,13/07/2026 14:47,0,45,435,0,20/07/2026 14:47,R_29icav669EieiiE,anonymous,EN,1,,"1,2,3",2,19,1,11,,1,2,3,3,3,5,"1,3,4,5,6,7,8,9",12,"1,7,11",Bebetime hehehe,5,3,4,5,1,3,3,2,4,2,,,,,2,2,,,,,,,,,,,,,,,,,,,,,,,,,,,,,,,1,
13/07/2026 15:00,13/07/2026 15:01,0,13,52,0,20/07/2026 15:01,R_3PMMFn46XCe7gNe,anonymous,EN,1,,"1,2,3",1,18,1,7,,,,,,,,,,,,,,,,,,,,,,,,,,,,,,,,,,,,,,,,,,,,,,,,,,,,,,,,,,0,
13/07/2026 15:08,13/07/2026 15:11,0,26,177,0,20/07/2026 15:11,R_bmeXJPGxIC46Dpn,anonymous,EN,1,,"1,2,3",2,20,2,11,,2,2,1,1,2,2,"1,3,4,7,8,10",5,"1,3,4",,,,,,,,,,,,,,,,,,,,,,,,,,,,,,,,,,,,,,,,,,,,,,,,0,
13/07/2026 15:08,13/07/2026 15:15,0,41,440,0,20/07/2026 15:15,R_dioyJDBBIVjH0qd,anonymous,EN,0.400000006,,"1,2,3",2,18,1,2,,4,2,3,2,4,4,"1,3,4,7,8,10",5,"2,5,6",,3,2,2,4,1,2,2,3,4,2,,,,,,,,,,,,,,,,,,,,,,,,,,,,,,,,,,,,,0,
13/07/2026 15:15,13/07/2026 15:15,0,3,4,0,20/07/2026 15:15,R_Wc9Lx5LN4Dnmxjj,anonymous,EN,1,,"1,2,3",,,,,,,,,,,,,,,,,,,,,,,,,,,,,,,,,,,,,,,,,,,,,,,,,,,,,,,,,,,,,,0,
13/07/2026 15:39,13/07/2026 15:40,0,26,108,0,20/07/2026 15:41,R_3sbovACQNnYC1Z2,anonymous,EN,0.300000012,,"1,2,3",2,20,2,4,,2,1,2,1,1,2,2,11,"1,5,10",,,,,,,,,,,,,,,,,,,,,,,,,,,,,,,,,,,,,,,,,,,,,,,,0,
13/07/2026 15:45,13/07/2026 15:45,0,3,13,0,20/07/2026 15:45,R_11hJDuKz3cY39ql,anonymous,EN,0.800000012,,"1,2,3",,,,,,,,,,,,,,,,,,,,,,,,,,,,,,,,,,,,,,,,,,,,,,,,,,,,,,,,,,,,,,0,
13/07/2026 15:51,13/07/2026 15:58,0,41,439,0,20/07/2026 15:58,R_8u1TqjIm8Ah6NPj,anonymous,EN,1,,"1,2,3",2,20,3,7,,4,3,4,3,4,5,"1,4,7,9",5,"1,2,7",,4,3,4,3,2,4,4,3,3,2,,,,,,,,,,,,,,,,,,,,,,,,,,,,,,,,,,,,,0,
13/07/2026 15:59,13/07/2026 16:00,0,13,40,0,20/07/2026 16:00,R_24wtrTBzt8m1XHR,anonymous,EN,1,TRUE,"1,2,3",2,20,3,7,,,,,,,,,,,,,,,,,,,,,,,,,,,,,,,,,,,,,,,,,,,,,,,,,,,,,,,,,,0,
13/07/2026 16:33,13/07/2026 16:35,0,13,98,0,20/07/2026 16:35,R_32Q240xPPW6Y58v,anonymous,EN,0.899999976,,"1,2,3",2,22,4,11,,,,,,,,,,,,,,,,,,,,,,,,,,,,,,,,,,,,,,,,,,,,,,,,,,,,,,,,,,0,
13/07/2026 16:31,13/07/2026 16:38,0,53,384,0,20/07/2026 16:38,R_29uni5ITBQ4Tst2,anonymous,EN,0.899999976,,"1,2,3",2,18,1,11,,5,3,3,3,3,3,"1,2,3,5,10",4,"1,4,5",,3,3,2,1,4,5,3,3,2,3,2,2,,,,,,,1,2,,,1,2,,,,,,,,,,,,,,,,,,,,,,,3,
13/07/2026 16:39,13/07/2026 16:43,0,41,260,0,20/07/2026 16:43,R_udIFC6QFIW1fZw5,anonymous,EN,1,,"1,2,3",2,18,1,7,,4,4,5,3,4,3,"1,3,4,7,9,10",10,"1,5,7",,4,4,2,2,1,1,1,2,4,2,,,,,,,,,,,,,,,,,,,,,,,,,,,,,,,,,,,,,0,
13/07/2026 16:54,13/07/2026 16:55,0,3,11,0,20/07/2026 16:55,R_1irk388wv0e1d1c,anonymous,EN,1,,"1,2,3",,,,,,,,,,,,,,,,,,,,,,,,,,,,,,,,,,,,,,,,,,,,,,,,,,,,,,,,,,,,,,0,
13/07/2026 17:18,13/07/2026 17:18,0,3,28,0,20/07/2026 17:18,R_NVIvA6kG3W6QSTD,anonymous,EN,0.400000006,,"1,2,3",,,,,,,,,,,,,,,,,,,,,,,,,,,,,,,,,,,,,,,,,,,,,,,,,,,,,,,,,,,,,,0,
13/07/2026 17:18,13/07/2026 17:20,0,26,130,0,20/07/2026 17:20,R_UxZ1FaZiN9JkBb3,anonymous,EN,1,,"1,2,3",1,17,1,1,,4,1,1,1,1,4,11,1,"2,5,11",Yes,,,,,,,,,,,,,,,,,,,,,,,,,,,,,,,,,,,,,,,,,,,,,,,0,
13/07/2026 17:12,13/07/2026 17:20,0,60,485,0,20/07/2026 17:20,R_3kMKrqkyJHTZR4s,anonymous,EN,1,,"1,2,3",2,21,3,3,,5,5,5,4,4,5,"1,3,4,7,8,9,10",7,"1,5,7",,4,4,5,5,1,1,3,1,5,2,2,5,,,2,5,2,5,,,,,1,4,1,4,,,,,,,,,,,,,,,,,,,,,5,
13/07/2026 17:21,13/07/2026 17:22,0,13,71,0,20/07/2026 17:22,R_TiIk7AanuJqlnVf,anonymous,EN,1,,"1,2,3",2,18,1,5,,,,,,,,,,,,,,,,,,,,,,,,,,,,,,,,,,,,,,,,,,,,,,,,,,,,,,,,,,0,
13/07/2026 17:37,13/07/2026 17:43,0,13,390,0,20/07/2026 17:44,R_1gpUF7geG8Bxm9Y,anonymous,EN,1,,"1,2,3",1,18,1,9,,,,,,,,,,,,,,,,,,,,,,,,,,,,,,,,,,,,,,,,,,,,,,,,,,,,,,,,,,0,
13/07/2026 17:46,13/07/2026 17:46,0,3,11,0,20/07/2026 17:46,R_1IlMdLg2mcvso29,anonymous,EN,0.800000012,,"1,2,3",,,,,,,,,,,,,,,,,,,,,,,,,,,,,,,,,,,,,,,,,,,,,,,,,,,,,,,,,,,,,,0,
13/07/2026 17:51,13/07/2026 17:51,0,3,6,0,20/07/2026 17:51,R_Y3w2ahKTlaWFl9T,anonymous,EN,0.899999976,,"1,2,3",,,,,,,,,,,,,,,,,,,,,,,,,,,,,,,,,,,,,,,,,,,,,,,,,,,,,,,,,,,,,,0,
13/07/2026 17:56,13/07/2026 18:04,0,81,493,0,20/07/2026 18:04,R_xr3QThobzblf5YZ,anonymous,EN,0.400000006,,"1,2,3",2,20,3,10,,3,1,1,2,2,3,"1,7",4,"1,4,5",,2,2,2,3,1,2,1,1,1,2,2,5,1,3,2,2,1,4,1,3,2,3,2,3,2,2,5,4,4,4,2,1,,,,,,,,,,,,,,,3,
13/07/2026 18:11,13/07/2026 18:12,0,13,101,0,20/07/2026 18:13,R_3HiCOrAFZlJeUNr,anonymous,EN,0.800000012,,"1,2,3",1,19,2,7,,,,,,,,,,,,,,,,,,,,,,,,,,,,,,,,,,,,,,,,,,,,,,,,,,,,,,,,,,0,
13/07/2026 18:10,13/07/2026 18:16,0,36,368,0,20/07/2026 18:16,R_RrggasHCBW1JZNn,anonymous,EN,0.800000012,,"1,2,3",2,19,1,11,,3,1,4,2,3,4,"1,3,4,5,6,7,8,10",6,"1,3,7",,4,3,4,2,1,3,3,1,,,,,,,,,,,,,,,,,,,,,,,,,,,,,,,,,,,,,,,0,
13/07/2026 18:31,13/07/2026 18:35,0,13,228,0,20/07/2026 18:35,R_1H8nbXwmKDLqUhm,anonymous,EN,0.300000012,,"1,2,3",3,20,2,11,,,,,,,,,,,,,,,,,,,,,,,,,,,,,,,,,,,,,,,,,,,,,,,,,,,,,,,,,,0,
13/07/2026 18:53,13/07/2026 18:54,0,13,60,0,20/07/2026 18:54,R_1gkJRsJLPhYWcRO,anonymous,EN,0.899999976,,"1,2,3",1,19,2,2,,,,,,,,,,,,,,,,,,,,,,,,,,,,,,,,,,,,,,,,,,,,,,,,,,,,,,,,,,0,
13/07/2026 19:41,13/07/2026 19:46,0,45,340,0,20/07/2026 18:59,R_2dT2iv8MWUQpm48,anonymous,EN,0,,"1,2,3",2,22,4,10,,3,4,5,4,3,4,"3,4,6,9,10",12,"1,5,7",,5,4,4,5,2,5,4,2,3,2,,,,,,,,,,,,,,,2,3,,,,,,,,,,,,,,,,,,,,,0,
13/07/2026 21:45,13/07/2026 21:45,0,3,16,0,20/07/2026 18:59,R_AdIxdyEmNZ6MRtT,anonymous,EN,0.699999988,,"1,2,3",,,,,,,,,,,,,,,,,,,,,,,,,,,,,,,,,,,,,,,,,,,,,,,,,,,,,,,,,,,,,,0,
14/07/2026 00:41,14/07/2026 00:42,0,13,49,0,20/07/2026 18:59,R_PzXxYC2zfsaSGKl,anonymous,EN,0.699999988,,"1,2,3",3,18,1,10,,,,,,,,,,,,,,,,,,,,,,,,,,,,,,,,,,,,,,,,,,,,,,,,,,,,,,,,,,0,
14/07/2026 00:46,14/07/2026 00:54,0,60,478,0,20/07/2026 18:59,R_3Giy2kSsm71m3pd,anonymous,EN,1,,"1,2,3",1,18,1,5,,5,5,5,3,4,5,"1,4,7,9,10",2,"1,5,7",,5,5,3,5,2,5,3,2,4,2,2,5,2,3,,,,,1,4,,,2,2,2,3,,,,,,,,,,,,,,,,,,,,,3,
14/07/2026 02:30,14/07/2026 02:34,0,56,222,0,20/07/2026 18:59,R_2pMMhpdTMyWwBTL,anonymous,EN,0.899999976,TRUE,"1,2,3",2,22,4,11,,5,5,5,5,5,5,"1,3",8,"1,5,6",,3,3,3,4,1,3,3,3,3,2,,,1,2,1,4,2,3,,,,,,,2,4,,,,,,,,,,,,,,,,,,,,,1,
14/07/2026 02:50,14/07/2026 02:51,0,13,102,0,20/07/2026 18:59,R_2B381fS6pwgHkIS,anonymous,EN,0.300000012,,"1,2,3",2,18,1,2,,,,,,,,,,,,,,,,,,,,,,,,,,,,,,,,,,,,,,,,,,,,,,,,,,,,,,,,,,0,
14/07/2026 04:16,14/07/2026 04:16,0,13,40,0,20/07/2026 18:59,R_1lmWjfz5qoTCcyE,anonymous,EN,1,,"1,2,3",2,24,1,11,,,,,,,,,,,,,,,,,,,,,,,,,,,,,,,,,,,,,,,,,,,,,,,,,,,,,,,,,,0,
14/07/2026 04:51,14/07/2026 04:55,0,45,208,0,20/07/2026 18:59,R_R2f9QVahv3bduc9,anonymous,EN,1,,"1,2,3",1,22,1,9,,3,2,2,2,3,2,"4,8,10",3,"5,7,9",,1,2,2,4,1,2,2,2,2,2,,,,,,,,,,,,,2,2,,,,,,,,,,,,,,,,,,,,,,,0,
14/07/2026 05:01,14/07/2026 05:06,0,26,276,0,20/07/2026 18:59,R_3O65ot0UupH1RO6,anonymous,EN,1,,"1,2,3",2,18,1,11,,2,1,3,2,3,3,"1,3,4,5,6,7,8,10",3,"1,2,5",,,,,,,,,,,,,,,,,,,,,,,,,,,,,,,,,,,,,,,,,,,,,,,,0,
14/07/2026 06:06,14/07/2026 06:16,0,81,550,0,20/07/2026 18:59,R_1BOTwEkwLA16CPd,anonymous,EN,1,,"1,2,3",1,19,2,4,,5,4,5,3,3,5,"1,2,3,4,7,9,10",6,"1,2,7",,4,3,3,3,3,4,3,2,4,2,2,5,1,3,1,3,2,4,1,3,1,3,1,3,1,3,5,5,5,5,4,3,,,,,,,,,,,,,,,6,
14/07/2026 06:17,14/07/2026 06:17,0,3,31,0,20/07/2026 18:59,R_1rCAMGtw7M5I2wP,anonymous,EN,0.600000024,,"1,2,3",,,,,,,,,,,,,,,,,,,,,,,,,,,,,,,,,,,,,,,,,,,,,,,,,,,,,,,,,,,,,,0,
14/07/2026 05:03,14/07/2026 05:05,0,13,80,0,20/07/2026 18:59,R_SYOjKdPeIS1id2x,anonymous,EN,1,,"1,2,3",1,20,3,9,,,,,,,,,,,,,,,,,,,,,,,,,,,,,,,,,,,,,,,,,,,,,,,,,,,,,,,,,,0,
14/07/2026 07:27,14/07/2026 07:27,0,3,7,0,20/07/2026 18:59,R_31T13AwVSCkKSQa,anonymous,EN,0.600000024,,"1,2,3",,,,,,,,,,,,,,,,,,,,,,,,,,,,,,,,,,,,,,,,,,,,,,,,,,,,,,,,,,,,,,0,
14/07/2026 06:29,14/07/2026 06:33,0,41,267,0,20/07/2026 18:59,R_1PT4b5ivPLgyMDW,anonymous,EN,1,,"1,2,3",1,18,1,3,,5,5,3,4,4,4,"1,2,3,4,5,6,7,8,9,10",12,"1,5,7",,4,3,5,5,3,3,3,4,4,2,,,,,,,,,,,,,,,,,,,,,,,,,,,,,,,,,,,,,0,
14/07/2026 09:24,14/07/2026 09:28,0,41,242,0,20/07/2026 18:59,R_12L1AmUgtL8gIUZ,anonymous,EN,0.300000012,,"1,2,3",2,18,1,7,,4,3,4,3,5,5,"1,4,6,7,8,9,10",12,"5,7,9",,5,4,4,5,1,3,5,2,4,2,,,,,,,,,,,,,,,,,,,,,,,,,,,,,,,,,,,,,0,
14/07/2026 11:47,14/07/2026 11:54,0,81,421,0,20/07/2026 18:59,R_3ime1z86eonNTFu,anonymous,EN,0.800000012,,"1,2,3",2,18,1,4,,5,3,5,2,2,4,"1,2,4,7,8,9,10",8,"5,7,10",,5,2,5,5,1,1,2,2,2,2,2,5,2,4,2,4,2,5,1,3,1,5,1,4,2,1,5,4,2,3,4,2,,,,,,,,,,,,,,,7,
14/07/2026 12:59,14/07/2026 13:04,0,49,333,0,20/07/2026 18:59,R_3pm6hirpTjcrXR0,anonymous,EN,0.600000024,,"1,2,3",2,18,1,11,,5,3,5,2,3,5,"1,4,7,8,10",10,"1,5,7",,3,2,3,5,2,2,5,3,4,2,2,3,,,,,,,,,1,3,,,,,,,,,,,,,,,,,,,,,,,,,2,
14/07/2026 13:21,14/07/2026 15:17,0,90,6940,0,20/07/2026 18:59,R_2zchHIzRofgHE9G,anonymous,EN,1,,"1,2,3",1,19,1,5,,2,2,4,2,2,1,"2,3,4,8,9,10",4,"7,9,10",,3,4,4,4,1,2,2,2,1,2,2,3,2,4,2,3,2,3,1,3,1,3,2,3,1,4,4,3,4,3,1,2,2,4,3,4,4,4,,,,,,,,,7,
14/07/2026 12:16,14/07/2026 12:16,0,3,9,0,20/07/2026 18:59,R_3kLMh43BAQYabzp,anonymous,EN,0.300000012,,"1,2,3",,,,,,,,,,,,,,,,,,,,,,,,,,,,,,,,,,,,,,,,,,,,,,,,,,,,,,,,,,,,,,0,
15/07/2026 11:52,15/07/2026 11:59,0,56,435,0,20/07/2026 18:59,R_1dhvQl7o1nM7vXw,anonymous,EN,1,,"1,2,3",2,19,1,4,,5,3,4,5,4,5,"1,7,8,10",12,"1,5,9",,5,4,5,4,3,3,3,3,4,2,,,,,2,3,,,1,4,1,3,2,3,,,,,,,,,,,,,,,,,,,,,,,3,
14/07/2026 15:29,14/07/2026 15:31,0,3,75,0,20/07/2026 18:59,R_tJSf6rfG8vafLax,anonymous,EN,0.400000006,TRUE,"1,2,3",,,,,,,,,,,,,,,,,,,,,,,,,,,,,,,,,,,,,,,,,,,,,,,,,,,,,,,,,,,,,,0,
14/07/2026 13:35,14/07/2026 13:38,0,26,169,0,20/07/2026 18:59,R_2OUPVcxgoHWO3P0,anonymous,EN,0.100000001,,"1,2,3",2,18,1,9,,4,2,4,2,4,5,"1,2,4,6,8,9,10",10,"5,6,7",,,,,,,,,,,,,,,,,,,,,,,,,,,,,,,,,,,,,,,,,,,,,,,,0,
14/07/2026 15:17,14/07/2026 15:24,0,72,395,0,20/07/2026 18:59,R_1HcWNmhzsgbUBiX,anonymous,EN,0.899999976,,"1,2,3",1,19,1,9,,4,3,4,5,4,5,"1,2,3,4,5,7,10",7,"2,5,6",,5,4,3,5,1,2,2,2,4,2,2,5,2,3,1,2,1,3,1,5,1,5,1,5,1,4,,,,,,,,,,,,,,,,,,,,,6,
14/07/2026 17:20,14/07/2026 17:25,0,41,330,0,20/07/2026 18:59,R_3CIqdRGEpQetjI7,anonymous,EN,1,,"1,2,3",2,19,2,11,,3,1,4,4,3,2,"1,4,9",10,"4,6,10",,4,4,4,5,1,1,3,4,4,2,,,,,,,,,,,,,,,,,,,,,,,,,,,,,,,,,,,,,0,
15/07/2026 03:40,15/07/2026 03:45,0,24,289,0,20/07/2026 18:59,R_1HNkNwKpB0lcgeZ,anonymous,EN,0.300000012,,"1,2,3",2,18,1,4,,4,4,5,5,4,5,"1,3,4,5,6,7,8,9,10",12,"1,3,10",,,,,,,,,,,,,,,,,,,,,,,,,,,,,,,,,,,,,,,,,,,,,,,,0,
13/07/2026 19:34,13/07/2026 19:45,0,49,663,0,20/07/2026 18:59,R_pGZz3s6kIJ5XfmF,anonymous,EN,0.300000012,,"1,2,3",2,20,2,5,,3,2,2,2,1,2,"6,9,10",1,"4,5,9",,2,2,2,2,1,2,3,1,5,2,,,,,,,,,1,4,,,2,3,,,,,,,,,,,,,,,,,,,,,,,1,
13/07/2026 22:31,13/07/2026 22:32,0,3,27,0,20/07/2026 18:59,R_2D6XmJvFpfoiqz1,anonymous,EN,0,,"1,2,3",,,,,,,,,,,,,,,,,,,,,,,,,,,,,,,,,,,,,,,,,,,,,,,,,,,,,,,,,,,,,,0,
14/07/2026 01:59,14/07/2026 01:59,0,3,28,0,20/07/2026 18:59,R_27Tltr5CCAMNYHQ,anonymous,EN,0.699999988,,"1,2,3",,,,,,,,,,,,,,,,,,,,,,,,,,,,,,,,,,,,,,,,,,,,,,,,,,,,,,,,,,,,,,0,
15/07/2026 13:09,15/07/2026 13:10,0,13,63,0,20/07/2026 18:59,R_1eFE2KCStEOTp3U,anonymous,EN,0.800000012,,"1,2,3",2,18,1,11,,,,,,,,,,,,,,,,,,,,,,,,,,,,,,,,,,,,,,,,,,,,,,,,,,,,,,,,,,0,
16/07/2026 04:38,16/07/2026 04:48,0,53,586,0,20/07/2026 18:59,R_3CZ5PaegTievxGE,anonymous,EN,0.899999976,,"1,2,3",2,19,1,3,,5,3,5,4,3,5,"1,3,4,5,6,7,8,10",9,"5,7,9",,5,3,5,5,1,2,2,3,4,2,,,,,1,4,2,4,,,1,3,,,,,,,,,,,,,,,,,,,,,,,,,2,
14/07/2026 02:23,14/07/2026 02:23,0,3,3,0,20/07/2026 18:59,R_1Ipfd7VUF3KwaiB,anonymous,EN,1,,"1,2,3",,,,,,,,,,,,,,,,,,,,,,,,,,,,,,,,,,,,,,,,,,,,,,,,,,,,,,,,,,,,,,0,
14/07/2026 02:07,14/07/2026 02:08,0,13,66,0,20/07/2026 18:59,R_2WAV6YO1dBeW7FD,anonymous,EN,1,,"1,2,3",2,24,5,11,,,,,,,,,,,,,,,,,,,,,,,,,,,,,,,,,,,,,,,,,,,,,,,,,,,,,,,,,,0,
16/07/2026 06:00,16/07/2026 06:00,0,3,27,0,20/07/2026 18:59,R_2ZDYwAuVE5GBjz9,anonymous,EN,1,,"1,2,3",,,,,,,,,,,,,,,,,,,,,,,,,,,,,,,,,,,,,,,,,,,,,,,,,,,,,,,,,,,,,,0,
14/07/2026 02:30,14/07/2026 02:32,0,13,126,0,20/07/2026 18:59,R_2DRGXTGtd3nmQPn,anonymous,EN,0.899999976,,"1,2,3",2,20,2,6,,,,,,,,,,,,,,,,,,,,,,,,,,,,,,,,,,,,,,,,,,,,,,,,,,,,,,,,,,0,
16/07/2026 04:47,16/07/2026 04:51,0,26,194,0,20/07/2026 18:59,R_sebMrYgeE7Scvkt,anonymous,EN,0.400000006,,"1,2,3",2,19,1,3,,5,4,4,4,4,4,"1,4,6,7,8,9",9,"1,5,7",,,,,,,,,,,,,,,,,,,,,,,,,,,,,,,,,,,,,,,,,,,,,,,,0,
16/07/2026 05:20,16/07/2026 05:21,0,13,88,0,20/07/2026 18:59,R_31ygbe9JEPlPri3,anonymous,EN,0.400000006,,"1,2,3",2,19,1,6,,,,,,,,,,,,,,,,,,,,,,,,,,,,,,,,,,,,,,,,,,,,,,,,,,,,,,,,,,0,
16/07/2026 07:19,16/07/2026 07:24,0,41,254,0,20/07/2026 18:59,R_DBGnsBSogVw9jQl,anonymous,EN,1,,"1,2,3",2,19,2,6,,4,2,4,2,4,4,"1,10",5,"5,7,10",,4,3,4,5,1,2,2,3,3,2,,,,,,,,,,,,,,,,,,,,,,,,,,,,,,,,,,,,,0,
14/07/2026 04:51,14/07/2026 04:52,0,3,34,0,20/07/2026 18:59,R_2rk0deMmLc2EL94,anonymous,EN,0.899999976,,"1,2,3",,,,,,,,,,,,,,,,,,,,,,,,,,,,,,,,,,,,,,,,,,,,,,,,,,,,,,,,,,,,,,0,
16/07/2026 08:58,16/07/2026 08:59,0,3,56,0,20/07/2026 18:59,R_ThKqoiCODZBmlDb,anonymous,EN,1,,"1,2,3",,,,,,,,,,,,,,,,,,,,,,,,,,,,,,,,,,,,,,,,,,,,,,,,,,,,,,,,,,,,,,0,
16/07/2026 09:08,16/07/2026 09:17,0,45,515,0,20/07/2026 18:59,R_ZjBwDepqgXzucet,anonymous,EN,0.400000006,,"1,2,3",2,20,2,8,,5,4,4,4,5,4,"5,6,7,8",11,"1,5,7",,5,3,5,4,1,2,2,1,3,2,2,3,,,,,,,,,,,,,,,,,,,,,,,,,,,,,,,,,,,1,
16/07/2026 11:20,16/07/2026 11:21,0,3,46,0,20/07/2026 18:59,R_3G3s527Yc0Um2zE,anonymous,EN,0.800000012,,"1,2,3",,,,,,,,,,,,,,,,,,,,,,,,,,,,,,,,,,,,,,,,,,,,,,,,,,,,,,,,,,,,,,0,
16/07/2026 10:18,16/07/2026 10:21,0,41,212,0,20/07/2026 18:59,R_bde5Iml0Ksex5zH,anonymous,EN,0.899999976,,"1,2,3",2,18,1,4,,4,1,4,3,3,3,2,3,"1,2,3",,3,3,3,3,3,3,3,3,2,2,,,,,,,,,,,,,,,,,,,,,,,,,,,,,,,,,,,,,0,
14/07/2026 06:05,14/07/2026 06:06,0,3,27,0,20/07/2026 18:59,R_9HqKUK0ApHhUmt3,anonymous,EN,1,,"1,2,3",,,,,,,,,,,,,,,,,,,,,,,,,,,,,,,,,,,,,,,,,,,,,,,,,,,,,,,,,,,,,,0,
14/07/2026 05:58,14/07/2026 05:58,0,3,12,0,20/07/2026 18:59,R_1gbk4qpOaPFsTUc,anonymous,EN,0.800000012,,"1,2,3",,,,,,,,,,,,,,,,,,,,,,,,,,,,,,,,,,,,,,,,,,,,,,,,,,,,,,,,,,,,,,0,
17/07/2026 06:41,17/07/2026 06:44,0,13,151,0,20/07/2026 18:59,R_daotxwYf3pQQx1f,anonymous,EN,0.800000012,,"1,2,3",1,21,4,3,,,,,,,,,,,,,,,,,,,,,,,,,,,,,,,,,,,,,,,,,,,,,,,,,,,,,,,,,,0,
14/07/2026 06:21,14/07/2026 06:22,0,3,60,0,20/07/2026 18:59,R_2cju3kUoX1SgaFl,anonymous,EN,0.699999988,,"1,2,3",,,,,,,,,,,,,,,,,,,,,,,,,,,,,,,,,,,,,,,,,,,,,,,,,,,,,,,,,,,,,,0,
17/07/2026 07:24,17/07/2026 07:31,0,41,404,0,20/07/2026 18:59,R_3GfvoKDaU7BRtaZ,anonymous,EN,1,,"1,2,3",2,20,2,7,,4,3,4,4,4,5,"1,2,4,5,6,7,8,10",12,"5,7,10",,4,3,2,4,1,2,3,1,3,2,,,,,,,,,,,,,,,,,,,,,,,,,,,,,,,,,,,,,0,
17/07/2026 13:02,17/07/2026 13:07,0,41,282,0,20/07/2026 18:59,R_Agjm40ClWEL5Qgp,anonymous,EN,0.800000012,,"1,2,3",1,24,6,5,,4,2,3,3,2,3,"1,4,6,7,8,9,10",5,"1,4,7",,3,3,5,5,1,3,3,3,4,2,,,,,,,,,,,,,,,,,,,,,,,,,,,,,,,,,,,,,0,
19/07/2026 13:39,19/07/2026 13:41,0,3,123,0,20/07/2026 18:59,R_2dTkDOM1p6a4jjR,anonymous,EN,0.899999976,,"1,2,3",,,,,,,,,,,,,,,,,,,,,,,,,,,,,,,,,,,,,,,,,,,,,,,,,,,,,,,,,,,,,,0,
18/07/2026 09:41,18/07/2026 09:42,0,3,27,0,20/07/2026 18:59,R_1dfPNzv4TU8xSNE,anonymous,EN,0.300000012,,"1,2,3",,,,,,,,,,,,,,,,,,,,,,,,,,,,,,,,,,,,,,,,,,,,,,,,,,,,,,,,,,,,,,0,
14/07/2026 06:36,14/07/2026 06:37,0,13,54,0,20/07/2026 18:59,R_3FKldg6lhQoDhP9,anonymous,EN,0.899999976,,"1,2,3",2,20,2,3,,,,,,,,,,,,,,,,,,,,,,,,,,,,,,,,,,,,,,,,,,,,,,,,,,,,,,,,,,0,
19/07/2026 16:23,19/07/2026 16:23,0,3,7,0,20/07/2026 18:59,R_2Uabq1j99psq7Au,anonymous,EN,0.400000006,,"1,2,3",,,,,,,,,,,,,,,,,,,,,,,,,,,,,,,,,,,,,,,,,,,,,,,,,,,,,,,,,,,,,,0,
19/07/2026 15:38,19/07/2026 15:40,0,13,93,0,20/07/2026 18:59,R_3kO2Q4Ayy9IB9ky,anonymous,EN,1,,"1,2,3",2,21,3,10,,,,,,,,,,,,,,,,,,,,,,,,,,,,,,,,,,,,,,,,,,,,,,,,,,,,,,,,,,0,
20/07/2026 07:21,20/07/2026 07:22,0,3,75,0,20/07/2026 18:59,R_3qrpp8reCKTJLzW,anonymous,EN,0.300000012,,"1,2,3",,,,,,,,,,,,,,,,,,,,,,,,,,,,,,,,,,,,,,,,,,,,,,,,,,,,,,,,,,,,,,0,
19/07/2026 17:45,19/07/2026 17:46,0,3,51,0,20/07/2026 18:59,R_1LOuZRjAZHZPcj3,anonymous,EN,0.300000012,,"1,2,3",,,,,,,,,,,,,,,,,,,,,,,,,,,,,,,,,,,,,,,,,,,,,,,,,,,,,,,,,,,,,,0,
14/07/2026 09:12,14/07/2026 09:14,0,13,115,0,20/07/2026 18:59,R_3oAbHRPwSML9yaZ,anonymous,EN,0.800000012,,"1,2,3",1,20,2,9,,,,,,,,,,,,,,,,,,,,,,,,,,,,,,,,,,,,,,,,,,,,,,,,,,,,,,,,,,0,
14/07/2026 09:48,14/07/2026 10:17,0,56,1738,0,20/07/2026 18:59,R_2xE4Lb1MjYex8y6,anonymous,EN,0.800000012,,"1,2,3",2,18,1,11,,3,3,4,4,2,3,"1,3,4,7,9",6,"1,2,5",,4,1,3,1,2,2,4,2,5,2,,,2,5,2,5,2,5,,,,,,,1,3,,,,,,,,,,,,,,,,,,,,,4,
14/07/2026 11:24,14/07/2026 11:26,0,13,97,0,20/07/2026 18:59,R_1LhQy39xhYKNkCI,anonymous,EN,1,,"1,2,3",1,18,1,4,,,,,,,,,,,,,,,,,,,,,,,,,,,,,,,,,,,,,,,,,,,,,,,,,,,,,,,,,,0,
14/07/2026 09:55,14/07/2026 10:01,0,60,352,0,20/07/2026 18:59,R_3Lj00BzdU42iHui,anonymous,EN,0.899999976,,"1,2,3",2,18,1,4,,3,1,2,1,3,2,"1,3,5,7,8",6,"1,3,9",,4,4,4,4,2,2,2,2,4,2,,,2,5,1,3,2,5,1,5,,,2,5,,,,,,,,,,,,,,,,,,,,,,,3,
14/07/2026 12:02,14/07/2026 12:04,0,3,109,0,20/07/2026 18:59,R_3m2HK0JDgZXhHvP,anonymous,EN,0.899999976,,"1,2,3",,,,,,,,,,,,,,,,,,,,,,,,,,,,,,,,,,,,,,,,,,,,,,,,,,,,,,,,,,,,,,0,
14/07/2026 12:40,14/07/2026 12:55,0,90,890,0,20/07/2026 19:00,R_2fpNRcGmqphD8Zh,anonymous,EN,1,,"1,2,3",3,18,1,3,,5,4,5,4,3,3,"1,3,4,6,7,8,9",8,"6,7,8",,4,4,3,5,2,4,5,3,5,2,2,3,2,2,1,2,2,3,1,4,1,4,1,4,2,3,5,4,4,4,4,5,5,3,4,4,5,5,,,,,,,,,6,
14/07/2026 13:48,14/07/2026 13:48,0,3,5,0,20/07/2026 19:00,R_3mkuVVrIlQ6QM6w,anonymous,EN,1,,"1,2,3",,,,,,,,,,,,,,,,,,,,,,,,,,,,,,,,,,,,,,,,,,,,,,,,,,,,,,,,,,,,,,0,
14/07/2026 15:43,14/07/2026 15:44,0,13,68,0,20/07/2026 19:00,R_2DN2qwOZ60fUbIr,anonymous,EN,0.300000012,,"1,2,3",2,18,1,2,,,,,,,,,,,,,,,,,,,,,,,,,,,,,,,,,,,,,,,,,,,,,,,,,,,,,,,,,,0,
14/07/2026 16:46,14/07/2026 16:46,0,3,10,0,20/07/2026 19:00,R_1KkzwVqpqboxO0l,anonymous,EN,0.800000012,,"1,2,3",,,,,,,,,,,,,,,,,,,,,,,,,,,,,,,,,,,,,,,,,,,,,,,,,,,,,,,,,,,,,,0,
14/07/2026 19:23,14/07/2026 19:28,0,13,287,0,20/07/2026 19:00,R_wS6dmAsZdwaBk09,anonymous,EN,0.899999976,,"1,2,3",2,21,4,11,,,,,,,,,,,,,,,,,,,,,,,,,,,,,,,,,,,,,,,,,,,,,,,,,,,,,,,,,,0,
14/07/2026 20:53,14/07/2026 20:56,0,26,193,0,20/07/2026 19:00,R_3fJhtavoryRzCcV,anonymous,EN,0.5,,"1,2,3",2,19,1,7,,4,3,4,3,4,3,"1,2,3,4,6,7,8,9,10",9,"3,4,6",,,,,,,,,,,,,,,,,,,,,,,,,,,,,,,,,,,,,,,,,,,,,,,,0,
15/07/2026 01:40,15/07/2026 01:41,0,3,59,0,20/07/2026 19:00,R_3EgpwGku0yQB2os,anonymous,EN,0.899999976,,"1,2,3",,,,,,,,,,,,,,,,,,,,,,,,,,,,,,,,,,,,,,,,,,,,,,,,,,,,,,,,,,,,,,0,
15/07/2026 01:45,15/07/2026 01:57,0,90,747,0,20/07/2026 19:00,R_1GNUjGT2oSd8TpP,anonymous,EN,0.100000001,,"1,2,3",2,18,1,8,,3,2,3,1,4,4,"1,3,4,10",5,"1,5,7",,3,3,2,3,1,3,3,3,1,2,2,4,1,4,2,4,2,4,2,4,1,4,1,4,1,4,1,1,1,1,2,4,1,1,4,1,1,1,,,,,,,,,6,
15/07/2026 02:55,15/07/2026 03:00,0,41,267,0,20/07/2026 19:00,R_2Ck86aAuoiC5BBg,anonymous,EN,1,,"1,2,3",2,20,2,11,,4,3,3,3,5,4,"1,4",4,"5,7,9",,3,2,2,4,2,3,2,2,4,2,,,,,,,,,,,,,,,,,,,,,,,,,,,,,,,,,,,,,0,
15/07/2026 07:05,15/07/2026 07:09,0,41,258,0,20/07/2026 19:00,R_3RdSki80VwDiGTS,anonymous,EN,1,,"1,2,3",2,21,3,6,,5,3,4,4,4,5,"1,3,4,5,6,7,8,9,10",10,"1,5,7",,5,5,5,5,4,5,5,5,4,2,,,,,,,,,,,,,,,,,,,,,,,,,,,,,,,,,,,,,0,
14/07/2026 22:48,14/07/2026 22:53,0,49,348,0,20/07/2026 19:00,R_2VF86Kp7cPzs2Vj,anonymous,EN,0.300000012,TRUE,"1,2,3",2,18,1,4,,5,4,3,3,4,5,"1,3,4,7,8,9,10",5,"1,2,7",,5,5,4,5,1,2,2,2,4,2,,,,,1,3,,,,,2,5,,,,,,,,,,,,,,,,,,,,,,,,,0,
15/07/2026 05:36,15/07/2026 05:36,0,3,13,0,20/07/2026 19:00,R_32Wai49P7cy8D2B,anonymous,EN,0.800000012,,"1,2,3",,,,,,,,,,,,,,,,,,,,,,,,,,,,,,,,,,,,,,,,,,,,,,,,,,,,,,,,,,,,,,0,
15/07/2026 15:36,15/07/2026 15:43,0,45,433,0,20/07/2026 19:00,R_2easvFL6t1AGTF3,anonymous,EN,1,TRUE,"1,2,3",2,18,2,10,,4,4,5,3,2,4,"1,3,4,5,7,9,10",10,"1,5,7",,5,5,4,5,1,2,3,3,5,2,,,,,2,5,,,,,,,,,,,,,,,,,,,,,,,,,,,,,,,1,
15/07/2026 16:20,15/07/2026 16:22,0,26,150,0,20/07/2026 19:00,R_3JyFc8JG024xLBX,anonymous,EN,0.400000006,,"1,2,3",2,18,1,9,,3,4,3,3,3,3,"3,4,5,7,9,10",9,"2,3,5",,,,,,,,,,,,,,,,,,,,,,,,,,,,,,,,,,,,,,,,,,,,,,,,0,
15/07/2026 09:06,15/07/2026 09:14,0,81,481,0,20/07/2026 19:00,R_1dLGxGBd9HU9KHq,anonymous,EN,1,,"1,2,3",2,18,1,11,,2,4,3,2,2,2,8,8,"4,6,7",,4,5,5,5,2,2,2,5,3,2,1,5,2,3,1,2,2,5,1,5,1,5,1,5,1,5,1,1,1,1,1,1,,,,,,,,,,,,,,,6,
16/07/2026 00:12,16/07/2026 00:14,0,26,114,0,20/07/2026 19:00,R_1QfOJXRDmZ4jfSG,anonymous,EN,1,,"1,2,3",2,20,2,11,,3,2,5,4,2,3,"3,4,6,8,9",5,"3,5,6",,,,,,,,,,,,,,,,,,,,,,,,,,,,,,,,,,,,,,,,,,,,,,,,0,
15/07/2026 18:09,15/07/2026 18:10,0,3,51,0,20/07/2026 19:00,R_2WuLHg2nGN1Z38Q,anonymous,EN,1,,"1,2,3",,,,,,,,,,,,,,,,,,,,,,,,,,,,,,,,,,,,,,,,,,,,,,,,,,,,,,,,,,,,,,0,
16/07/2026 00:13,16/07/2026 03:21,0,3,11310,0,20/07/2026 19:00,R_QcyVqWMkvW6Rgtj,anonymous,EN,0.899999976,,"1,2,3",,,,,,,,,,,,,,,,,,,,,,,,,,,,,,,,,,,,,,,,,,,,,,,,,,,,,,,,,,,,,,0,
16/07/2026 01:32,16/07/2026 01:33,0,3,18,0,20/07/2026 19:00,R_1QyeJ0UgeFKd9ld,anonymous,EN,0.400000006,,"1,2,3",,,,,,,,,,,,,,,,,,,,,,,,,,,,,,,,,,,,,,,,,,,,,,,,,,,,,,,,,,,,,,0,
16/07/2026 06:58,16/07/2026 06:59,0,12,48,0,20/07/2026 19:00,R_esM45N9lvG7qA9P,anonymous,EN,1,,"1,2,3",2,22,4,6,,,,,,,,,,,,,,,,,,,,,,,,,,,,,,,,,,,,,,,,,,,,,,,,,,,,,,,,,,0,
16/07/2026 18:19,16/07/2026 18:19,0,3,5,0,20/07/2026 19:00,R_YPnQDdBZEhloqhr,anonymous,EN,0.400000006,,"1,2,3",,,,,,,,,,,,,,,,,,,,,,,,,,,,,,,,,,,,,,,,,,,,,,,,,,,,,,,,,,,,,,0,
16/07/2026 04:42,16/07/2026 04:43,0,3,71,0,20/07/2026 19:00,R_2YKCyWC6o8azhLa,anonymous,EN,0.899999976,,"1,2,3",,,,,,,,,,,,,,,,,,,,,,,,,,,,,,,,,,,,,,,,,,,,,,,,,,,,,,,,,,,,,,0,
16/07/2026 07:23,16/07/2026 07:25,0,26,121,0,20/07/2026 19:00,R_3RyC6ImvWgOvey7,anonymous,EN,0.800000012,,"1,2,3",1,20,2,5,,4,3,5,2,3,2,"1,4,6,7,9",4,"1,5,7",,,,,,,,,,,,,,,,,,,,,,,,,,,,,,,,,,,,,,,,,,,,,,,,0,
17/07/2026 07:21,17/07/2026 07:21,0,3,27,0,20/07/2026 19:00,R_2wyjXW9O8O4eotN,anonymous,EN,1,,"1,2,3",,,,,,,,,,,,,,,,,,,,,,,,,,,,,,,,,,,,,,,,,,,,,,,,,,,,,,,,,,,,,,0,
17/07/2026 10:03,17/07/2026 10:04,0,3,43,0,20/07/2026 19:00,R_1pWqcWGAxzXaW7j,anonymous,EN,0.100000001,,"1,2,3",,,,,,,,,,,,,,,,,,,,,,,,,,,,,,,,,,,,,,,,,,,,,,,,,,,,,,,,,,,,,,0,
17/07/2026 12:51,17/07/2026 12:53,0,3,68,0,20/07/2026 19:00,R_1hYEU4yaIFw13Kn,anonymous,EN,1,,"1,2,3",,,,,,,,,,,,,,,,,,,,,,,,,,,,,,,,,,,,,,,,,,,,,,,,,,,,,,,,,,,,,,0,
17/07/2026 08:27,17/07/2026 08:27,0,13,22,0,20/07/2026 19:00,R_31XeLzFnpwDCysx,anonymous,EN,1,,"1,2,3",2,19,1,3,,,,,,,,,,,,,,,,,,,,,,,,,,,,,,,,,,,,,,,,,,,,,,,,,,,,,,,,,,0,
18/07/2026 12:03,18/07/2026 12:03,0,3,6,0,20/07/2026 19:00,R_23WV4ixBaKKWS3I,anonymous,EN,0.300000012,,"1,2,3",,,,,,,,,,,,,,,,,,,,,,,,,,,,,,,,,,,,,,,,,,,,,,,,,,,,,,,,,,,,,,0,
18/07/2026 18:09,18/07/2026 18:13,0,26,226,0,20/07/2026 19:00,R_2B9kjUfDoBui0cw,anonymous,EN,0.699999988,,"1,2,3",1,18,1,7,,4,2,3,5,3,2,"1,4,9,10",3,"1,5,7",,,,,,,,,,,,,,,,,,,,,,,,,,,,,,,,,,,,,,,,,,,,,,,,0,
19/07/2026 04:51,19/07/2026 05:11,0,68,1198,0,20/07/2026 19:00,R_1hZur304MRPtCpI,anonymous,EN,1,TRUE,"1,2,3",2,19,1,2,,4,5,5,3,3,5,4,3,"3,5,7",,5,2,5,5,3,5,5,5,4,2,2,5,2,5,2,4,2,5,1,5,1,5,1,5,,,,,,,,,,,,,,,,,,,,,,,7,
19/07/2026 11:55,19/07/2026 12:48,0,3,3172,0,20/07/2026 19:00,R_PSwcuJVV1lYvjqh,anonymous,EN,0.100000001,,"1,2,3",,,,,,,,,,,,,,,,,,,,,,,,,,,,,,,,,,,,,,,,,,,,,,,,,,,,,,,,,,,,,,0,
19/07/2026 13:41,19/07/2026 13:50,0,73,524,0,20/07/2026 19:00,R_3OrarWv5RLJeY1s,anonymous,EN,0.899999976,,"1,2,3",2,20,2,7,,4,3,4,3,1,4,"1,4,6,7,8,10",12,"1,5,7",,5,3,3,4,1,2,3,3,2,2,2,3,2,2,2,2,2,5,1,3,2,1,1,4,1,3,,,,,,,,,,,,,,,,,,,,,7,
